{
    "textures": {
        "top": "lucky:blocks/lucky_block_plural",
        "north": "lucky:blocks/lucky_block_plural",
        "south": "lucky:blocks/lucky_block_plural",
        "east": "lucky:blocks/lucky_block_plural",
        "west": "lucky:blocks/lucky_block_plural",
        "bottom": "lucky:blocks/lucky_block_plural",
		"particle": "lucky:blocks/lucky_block_plural"
    },
	"elements": [
		{   
			"comment": "main cube",
			"from": [ 0, 0, 0 ],
            "to": [ 16, 16, 16 ],
            "faces": {
				"down": { "uv": [ 0, 0, 16, 16 ], "texture": "#bottom", "cullface": "down" },
                "up":   { "uv": [ 0, 0, 16, 16 ], "texture": "#top", "cullface": "up" },
                "north":   { "uv": [ 0, 0, 16, 16 ], "texture": "#north", "cullface": "north" },
                "south":   { "uv": [ 0, 0, 16, 16 ], "texture": "#south", "cullface": "south" },
                "east":   { "uv": [ 0, 0, 16, 16 ], "texture": "#east", "cullface": "east" },
                "west":   { "uv": [ 0, 0, 16, 16 ], "texture": "#west", "cullface": "west" }
			}
        },
		
		
		
		{   
			"comment": "south little parts",
			"from": [ 14, 14, 15 ],
            "to": [ 15, 15, 16.5 ],
            "faces": {
                "down": { "uv": [ 1.01, 1.01, 1.99, 1.99 ], "texture": "#south", "cullface": "south" },
                "up":   { "uv": [ 1.01, 1.01, 1.99, 1.99 ], "texture": "#south", "cullface": "south" },
                "south":   { "uv": [ 1.01, 1.01, 1.99, 1.99 ], "texture": "#south", "cullface": "south" },
                "east":   { "uv": [ 1.01, 1.01, 1.99, 1.99 ], "texture": "#south", "cullface": "south" },
                "west":   { "uv": [ 1.01, 1.01, 1.99, 1.99 ], "texture": "#south", "cullface": "south" }
            }
        },
		{   
			"from": [ 1, 1, 15 ],
            "to": [ 2, 2, 16.5 ],
            "faces": {
                "down": { "uv": [ 1.01, 1.01, 1.99, 1.99 ], "texture": "#south", "cullface": "south" },
                "up":   { "uv": [ 1.01, 1.01, 1.99, 1.99 ], "texture": "#south", "cullface": "south" },
                "south":   { "uv": [ 1.01, 1.01, 1.99, 1.99 ], "texture": "#south", "cullface": "south" },
                "east":   { "uv": [ 1.01, 1.01, 1.99, 1.99 ], "texture": "#south", "cullface": "south" },
                "west":   { "uv": [ 1.01, 1.01, 1.99, 1.99 ], "texture": "#south", "cullface": "south" }
            }
        },
		{   
			"from": [ 14, 1, 15 ],
            "to": [ 15, 2, 16.5 ],
            "faces": {
                "down": { "uv": [ 1.01, 1.01, 1.99, 1.99 ], "texture": "#south", "cullface": "south" },
                "up":   { "uv": [ 1.01, 1.01, 1.99, 1.99 ], "texture": "#south", "cullface": "south" },
                "south":   { "uv": [ 1.01, 1.01, 1.99, 1.99 ], "texture": "#south", "cullface": "south" },
                "east":   { "uv": [ 1.01, 1.01, 1.99, 1.99 ], "texture": "#south", "cullface": "south" },
                "west":   { "uv": [ 1.01, 1.01, 1.99, 1.99 ], "texture": "#south", "cullface": "south" }
            }
        },
		{   
			"from": [ 1, 14, 15 ],
            "to": [ 2, 15, 16.5 ],
            "faces": {
                "down": { "uv": [ 1.01, 1.01, 1.99, 1.99 ], "texture": "#south", "cullface": "south" },
                "up":   { "uv": [ 1.01, 1.01, 1.99, 1.99 ], "texture": "#south", "cullface": "south" },
                "south":   { "uv": [ 1.01, 1.01, 1.99, 1.99 ], "texture": "#south", "cullface": "south" },
                "east":   { "uv": [ 1.01, 1.01, 1.99, 1.99 ], "texture": "#south", "cullface": "south" },
                "west":   { "uv": [ 1.01, 1.01, 1.99, 1.99 ], "texture": "#south", "cullface": "south" }
            }
        },
		{   
			"comment": "south question mark",
			"from": [ 4, 9, 15 ],
            "to": [ 6, 12, 16.5 ],
            "faces": {
                "down": { "uv": [ 1.01, 1.01, 1.99, 1.99 ], "texture": "#south", "cullface": "south" },
                "up":   { "uv": [ 1.01, 1.01, 1.99, 1.99 ], "texture": "#south", "cullface": "south" },
                "south":   { "uv": [ 4.1, 4.1, 5.9, 6.9 ], "texture": "#south", "cullface": "south" },
                "east":   { "uv": [ 1.01, 1.01, 1.99, 1.99 ], "texture": "#south", "cullface": "south" },
                "west":   { "uv": [ 1.01, 1.01, 1.99, 1.99 ], "texture": "#south", "cullface": "south" }
            }
        },
		{   
			"from": [ 5, 12, 15 ],
            "to": [ 10, 13, 16.5 ],
            "faces": {
                "down": { "uv": [ 1.01, 1.01, 1.99, 1.99 ], "texture": "#south", "cullface": "south" },
                "up":   { "uv": [ 1.01, 1.01, 1.99, 1.99 ], "texture": "#south", "cullface": "south" },
                "south":   { "uv": [ 5.1, 3.1, 9.9, 3.9 ], "texture": "#south", "cullface": "south" },
                "east":   { "uv": [ 1.01, 1.01, 1.99, 1.99 ], "texture": "#south", "cullface": "south" },
                "west":   { "uv": [ 1.01, 1.01, 1.99, 1.99 ], "texture": "#south", "cullface": "south" }
            }
        },
		{   
			"from": [ 9, 8, 15 ],
            "to": [ 11, 12, 16.5 ],
            "faces": {
                "down": { "uv": [ 1.01, 1.01, 1.99, 1.99 ], "texture": "#south", "cullface": "south" },
                "up":   { "uv": [ 1.01, 1.01, 1.99, 1.99 ], "texture": "#south", "cullface": "south" },
                "south":   { "uv": [ 9.1, 4.1, 10.9, 7.9 ], "texture": "#south", "cullface": "south" },
                "east":   { "uv": [ 1.01, 1.01, 1.99, 1.99 ], "texture": "#south", "cullface": "south" },
                "west":   { "uv": [ 1.01, 1.01, 1.99, 1.99 ], "texture": "#south", "cullface": "south" }
            }
        },
		{   
			"from": [ 8, 8, 15 ],
            "to": [ 9, 9, 16.5 ],
            "faces": {
                "up":   { "uv": [ 1.01, 1.01, 1.99, 1.99 ], "texture": "#south", "cullface": "south" },
                "south":   { "uv": [ 8.1, 7.1, 8.9, 7.9 ], "texture": "#south", "cullface": "south" },
                "west":   { "uv": [ 1.01, 1.01, 1.99, 1.99 ], "texture": "#south", "cullface": "south" }
            }
        },
		{   
			"from": [ 7, 6, 15 ],
            "to": [ 9, 8, 16.5 ],
            "faces": {
                "down": { "uv": [ 1.01, 1.01, 1.99, 1.99 ], "texture": "#south", "cullface": "south" },
                "up":   { "uv": [ 1.01, 1.01, 1.99, 1.99 ], "texture": "#south", "cullface": "south" },
                "south":   { "uv": [ 7.1, 8.1, 8.9, 9.9 ], "texture": "#south", "cullface": "south" },
                "east":   { "uv": [ 1.01, 1.01, 1.99, 1.99 ], "texture": "#south", "cullface": "south" },
                "west":   { "uv": [ 1.01, 1.01, 1.99, 1.99 ], "texture": "#south", "cullface": "south" }
            }
        },
		{   
			"from": [ 7, 3, 15 ],
            "to": [ 9, 5, 16.5 ],
            "faces": {
                "down": { "uv": [ 1.01, 1.01, 1.99, 1.99 ], "texture": "#south", "cullface": "south" },
                "up":   { "uv": [ 1.01, 1.01, 1.99, 1.99 ], "texture": "#south", "cullface": "south" },
                "south":   { "uv": [ 7.1, 11.1, 8.9, 12.9 ], "texture": "#south", "cullface": "south" },
                "east":   { "uv": [ 1.01, 1.01, 1.99, 1.99 ], "texture": "#south", "cullface": "south" },
                "west":   { "uv": [ 1.01, 1.01, 1.99, 1.99 ], "texture": "#south", "cullface": "south" }
            }
        },
		{   
			"comment": "north little parts",
			"from": [ 14, 14, -0.5 ],
            "to": [ 15, 15, 1 ],
            "faces": {
                "down": { "uv": [ 1.01, 1.01, 1.99, 1.99 ], "texture": "#north", "cullface": "north" },
                "up":   { "uv": [ 1.01, 1.01, 1.99, 1.99 ], "texture": "#north", "cullface": "north" },
                "north":   { "uv": [ 1.01, 1.01, 1.99, 1.99 ], "texture": "#north", "cullface": "north" },
                "east":   { "uv": [ 1.01, 1.01, 1.99, 1.99 ], "texture": "#north", "cullface": "north" },
                "west":   { "uv": [ 1.01, 1.01, 1.99, 1.99 ], "texture": "#north", "cullface": "north" }
            }
        },
		{   
			"from": [ 1, 1, -0.5 ],
            "to": [ 2, 2, 1 ],
            "faces": {
                "down": { "uv": [ 1.01, 1.01, 1.99, 1.99 ], "texture": "#north", "cullface": "north" },
                "up":   { "uv": [ 1.01, 1.01, 1.99, 1.99 ], "texture": "#north", "cullface": "north" },
                "north":   { "uv": [ 1.01, 1.01, 1.99, 1.99 ], "texture": "#north", "cullface": "north" },
                "east":   { "uv": [ 1.01, 1.01, 1.99, 1.99 ], "texture": "#north", "cullface": "north" },
                "west":   { "uv": [ 1.01, 1.01, 1.99, 1.99 ], "texture": "#north", "cullface": "north" }
            }
        },
		{   
			"from": [ 14, 1, -0.5 ],
            "to": [ 15, 2, 1 ],
            "faces": {
                "down": { "uv": [ 1.01, 1.01, 1.99, 1.99 ], "texture": "#north", "cullface": "north" },
                "up":   { "uv": [ 1.01, 1.01, 1.99, 1.99 ], "texture": "#north", "cullface": "north" },
                "north":   { "uv": [ 1.01, 1.01, 1.99, 1.99 ], "texture": "#north", "cullface": "north" },
                "east":   { "uv": [ 1.01, 1.01, 1.99, 1.99 ], "texture": "#north", "cullface": "north" },
                "west":   { "uv": [ 1.01, 1.01, 1.99, 1.99 ], "texture": "#north", "cullface": "north" }
            }
        },
		{   
			"from": [ 1, 14, -0.5 ],
            "to": [ 2, 15, 1 ],
            "faces": {
                "down": { "uv": [ 1.01, 1.01, 1.99, 1.99 ], "texture": "#north", "cullface": "north" },
                "up":   { "uv": [ 1.01, 1.01, 1.99, 1.99 ], "texture": "#north", "cullface": "north" },
                "north":   { "uv": [ 1.01, 1.01, 1.99, 1.99 ], "texture": "#north", "cullface": "north" },
                "east":   { "uv": [ 1.01, 1.01, 1.99, 1.99 ], "texture": "#north", "cullface": "north" },
                "west":   { "uv": [ 1.01, 1.01, 1.99, 1.99 ], "texture": "#north", "cullface": "north" }
            }
        },
		{   
			"comment": "north question mark",
			"from": [ 10, 9, -0.5 ],
            "to": [ 12, 12, 1 ],
            "faces": {
                "down": { "uv": [ 1.01, 1.01, 1.99, 1.99 ], "texture": "#north", "cullface": "north" },
                "up":   { "uv": [ 1.01, 1.01, 1.99, 1.99 ], "texture": "#north", "cullface": "north" },
                "north":   { "uv": [ 4.1, 4.1, 5.9, 6.9 ], "texture": "#north", "cullface": "north" },
                "east":   { "uv": [ 1.01, 1.01, 1.99, 1.99 ], "texture": "#north", "cullface": "north" },
                "west":   { "uv": [ 1.01, 1.01, 1.99, 1.99 ], "texture": "#north", "cullface": "north" }
            }
        },
		{   
			"from": [ 6, 12, -0.5 ],
            "to": [ 11, 13, 1 ],
            "faces": {
                "down": { "uv": [ 1.01, 1.01, 1.99, 1.99 ], "texture": "#north", "cullface": "north" },
                "up":   { "uv": [ 1.01, 1.01, 1.99, 1.99 ], "texture": "#north", "cullface": "north" },
                "north":   { "uv": [ 5.1, 3.1, 9.9, 3.9 ], "texture": "#north", "cullface": "north" },
                "east":   { "uv": [ 1.01, 1.01, 1.99, 1.99 ], "texture": "#north", "cullface": "north" },
                "west":   { "uv": [ 1.01, 1.01, 1.99, 1.99 ], "texture": "#north", "cullface": "north" }
            }
        },
		{   
			"from": [ 5, 8, -0.5 ],
            "to": [ 7, 12, 1 ],
            "faces": {
                "down": { "uv": [ 1.01, 1.01, 1.99, 1.99 ], "texture": "#north", "cullface": "north" },
                "up":   { "uv": [ 1.01, 1.01, 1.99, 1.99 ], "texture": "#north", "cullface": "north" },
                "north":   { "uv": [ 9.1, 4.1, 10.9, 7.9 ], "texture": "#north", "cullface": "north" },
                "east":   { "uv": [ 1.01, 1.01, 1.99, 1.99 ], "texture": "#north", "cullface": "north" },
                "west":   { "uv": [ 1.01, 1.01, 1.99, 1.99 ], "texture": "#north", "cullface": "north" }
            }
        },
		{   
			"from": [ 7, 8, -0.5 ],
            "to": [ 8, 9, 1 ],
            "faces": {
                "up":   { "uv": [ 1.01, 1.01, 1.99, 1.99 ], "texture": "#north", "cullface": "north" },
                "north":   { "uv": [ 8.1, 7.1, 8.9, 7.9 ], "texture": "#north", "cullface": "north" },
                "east":   { "uv": [ 1.01, 1.01, 1.99, 1.99 ], "texture": "#north", "cullface": "north" }
            }
        },
		{   
			"from": [ 7, 6, -0.5 ],
            "to": [ 9, 8, 1 ],
            "faces": {
                "down": { "uv": [ 1.01, 1.01, 1.99, 1.99 ], "texture": "#north", "cullface": "north" },
                "up":   { "uv": [ 1.01, 1.01, 1.99, 1.99 ], "texture": "#north", "cullface": "north" },
                "north":   { "uv": [ 7.1, 8.1, 8.9, 9.9 ], "texture": "#north", "cullface": "north" },
                "east":   { "uv": [ 1.01, 1.01, 1.99, 1.99 ], "texture": "#north", "cullface": "north" },
                "west":   { "uv": [ 1.01, 1.01, 1.99, 1.99 ], "texture": "#north", "cullface": "north" }
            }
        },
		{   
			"from": [ 7, 3, -0.5 ],
            "to": [ 9, 5, 1 ],
            "faces": {
                "down": { "uv": [ 1.01, 1.01, 1.99, 1.99 ], "texture": "#north", "cullface": "north" },
                "up":   { "uv": [ 1.01, 1.01, 1.99, 1.99 ], "texture": "#north", "cullface": "north" },
                "north":   { "uv": [ 7.1, 11.1, 8.9, 12.9 ], "texture": "#north", "cullface": "north" },
                "east":   { "uv": [ 1.01, 1.01, 1.99, 1.99 ], "texture": "#north", "cullface": "north" },
                "west":   { "uv": [ 1.01, 1.01, 1.99, 1.99 ], "texture": "#north", "cullface": "north" }
            }
        },
		
		
		
		
		{   
			"comment": "east little parts",
			"from": [ 15, 14, 14 ],
            "to": [ 16.5, 15, 15 ],
            "faces": {
                "down": { "uv": [ 1.01, 1.01, 1.99, 1.99 ], "texture": "#east", "cullface": "east" },
                "up":   { "uv": [ 1.01, 1.01, 1.99, 1.99 ], "texture": "#east", "cullface": "east" },
                "east":   { "uv": [ 1.01, 1.01, 1.99, 1.99 ], "texture": "#east", "cullface": "east" },
                "north":   { "uv": [ 1.01, 1.01, 1.99, 1.99 ], "texture": "#east", "cullface": "east" },
                "south":   { "uv": [ 1.01, 1.01, 1.99, 1.99 ], "texture": "#east", "cullface": "east" }
            }
        },
		{   
			"from": [ 15, 1, 1 ],
            "to": [ 16.5, 2, 2 ],
            "faces": {
                "down": { "uv": [ 14.1, 14.1, 14.9, 14.9 ], "texture": "#east", "cullface": "east" },
                "up":   { "uv": [ 14.1, 14.1, 14.9, 14.9 ], "texture": "#east", "cullface": "east" },
                "east":   { "uv": [ 14.1, 14.1, 14.9, 14.9 ], "texture": "#east", "cullface": "east" },
                "north":   { "uv": [ 14.1, 14.1, 14.9, 14.9 ], "texture": "#east", "cullface": "east" },
                "south":   { "uv": [ 14.1, 14.1, 14.9, 14.9 ], "texture": "#east", "cullface": "east" }
            }
        },
		{   
			"from": [ 15, 14, 1],
            "to": [ 16.5, 15, 2],
            "faces": {
                "down": { "uv": [ 14.1, 14.1, 14.9, 14.9 ], "texture": "#east", "cullface": "east" },
                "up":   { "uv": [ 14.1, 14.1, 14.9, 14.9 ], "texture": "#east", "cullface": "east" },
                "east":   { "uv": [ 14.1, 14.1, 14.9, 14.9 ], "texture": "#east", "cullface": "east" },
                "north":   { "uv": [ 14.1, 14.1, 14.9, 14.9 ], "texture": "#east", "cullface": "east" },
                "south":   { "uv": [ 14.1, 14.1, 14.9, 14.9 ], "texture": "#east", "cullface": "east" }
            }
        },
		{   
			"from": [ 15, 1, 14],
            "to": [ 16.5, 2, 15],
            "faces": {
                "down": { "uv": [ 14.1, 14.1, 14.9, 14.9 ], "texture": "#east", "cullface": "east" },
                "up":   { "uv": [ 14.1, 14.1, 14.9, 14.9 ], "texture": "#east", "cullface": "east" },
                "east":   { "uv": [ 14.1, 14.1, 14.9, 14.9 ], "texture": "#east", "cullface": "east" },
                "north":   { "uv": [ 14.1, 14.1, 14.9, 14.9 ], "texture": "#east", "cullface": "east" },
                "south":   { "uv": [ 14.1, 14.1, 14.9, 14.9 ], "texture": "#east", "cullface": "east" }
            }
        },
		{   
			"comment": "east question mark",
			"from": [ 15, 9, 10],
            "to": [ 16.5, 12, 12],
            "faces": {
                "down": { "uv": [ 14.1, 14.1, 14.9, 14.9 ], "texture": "#east", "cullface": "east" },
                "up":   { "uv": [ 14.1, 14.1, 14.9, 14.9 ], "texture": "#east", "cullface": "east" },
                "east":   { "uv": [ 4.1, 4.1, 5.9, 6.9 ], "texture": "#east", "cullface": "east" },
                "north":   { "uv": [ 14.1, 14.1, 14.9, 14.9 ], "texture": "#east", "cullface": "east" },
                "south":   { "uv": [ 14.1, 14.1, 14.9, 14.9 ], "texture": "#east", "cullface": "east" }
            }
        },
		{   
			"from": [ 15, 12, 6],
            "to": [ 16.5, 13, 11],
            "faces": {
                "down": { "uv": [ 14.1, 14.1, 14.9, 14.9 ], "texture": "#east", "cullface": "east" },
                "up":   { "uv": [ 14.1, 14.1, 14.9, 14.9 ], "texture": "#east", "cullface": "east" },
                "east":   { "uv": [ 5.1, 3.1, 9.9, 3.9 ], "texture": "#east", "cullface": "east" },
                "north":   { "uv": [ 14.1, 14.1, 14.9, 14.9 ], "texture": "#east", "cullface": "east" },
                "south":   { "uv": [ 14.1, 14.1, 14.9, 14.9 ], "texture": "#east", "cullface": "east" }
            }
        },
		{   
			"from": [ 15, 8, 5],
            "to": [ 16.5, 12, 7],
            "faces": {
                "down": { "uv": [ 14.1, 14.1, 14.9, 14.9 ], "texture": "#east", "cullface": "east" },
                "up":   { "uv": [ 14.1, 14.1, 14.9, 14.9 ], "texture": "#east", "cullface": "east" },
                "east":   { "uv": [ 9.1, 4.1, 10.9, 7.9 ], "texture": "#east", "cullface": "east" },
                "north":   { "uv": [ 14.1, 14.1, 14.9, 14.9 ], "texture": "#east", "cullface": "east" },
                "south":   { "uv": [ 14.1, 14.1, 14.9, 14.9 ], "texture": "#east", "cullface": "east" }
            }
        },
		{   
			"from": [ 15, 8, 7],
            "to": [ 16.5, 9, 8],
            "faces": {
                "up":   { "uv": [ 14.1, 14.1, 14.9, 14.9 ], "texture": "#east", "cullface": "east" },
                "east":   { "uv": [ 8.1, 7.1, 8.9, 7.9 ], "texture": "#east", "cullface": "east" },
                "south":   { "uv": [ 14.1, 14.1, 14.9, 14.9 ], "texture": "#east", "cullface": "east" }
            }
        },
		{   
			"from": [ 15, 6, 7],
            "to": [ 16.5, 8, 9],
            "faces": {
                "down": { "uv": [ 14.1, 14.1, 14.9, 14.9 ], "texture": "#east", "cullface": "east" },
                "up":   { "uv": [ 14.1, 14.1, 14.9, 14.9 ], "texture": "#east", "cullface": "east" },
                "east":   { "uv": [ 7.1, 8.1, 8.9, 9.9 ], "texture": "#east", "cullface": "east" },
                "north":   { "uv": [ 14.1, 14.1, 14.9, 14.9 ], "texture": "#east", "cullface": "east" },
                "south":   { "uv": [ 14.1, 14.1, 14.9, 14.9 ], "texture": "#east", "cullface": "east" }
            }
        },
		{   
			"from": [ 15, 3, 7],
            "to": [ 16.5, 5, 9],
            "faces": {
                "down": { "uv": [ 14.1, 14.1, 14.9, 14.9 ], "texture": "#east", "cullface": "east" },
                "up":   { "uv": [ 14.1, 14.1, 14.9, 14.9 ], "texture": "#east", "cullface": "east" },
                "east":   { "uv": [ 7.1, 11.1, 8.9, 12.9 ], "texture": "#east", "cullface": "east" },
                "north":   { "uv": [ 14.1, 14.1, 14.9, 14.9 ], "texture": "#east", "cullface": "east" },
                "south":   { "uv": [ 14.1, 14.1, 14.9, 14.9 ], "texture": "#east", "cullface": "east" }
            }
        },
		{   
			"comment": "west little parts",
			"from": [ -0.5, 14, 14],
            "to": [ 1, 15, 15],
            "faces": {
                "down": { "uv": [ 1.01, 1.01, 1.99, 1.99 ], "texture": "#west", "cullface": "west" },
                "up":   { "uv": [ 1.01, 1.01, 1.99, 1.99 ], "texture": "#west", "cullface": "west" },
                "west":   { "uv": [ 1.01, 1.01, 1.99, 1.99 ], "texture": "#west", "cullface": "west" },
                "north":   { "uv": [ 1.01, 1.01, 1.99, 1.99 ], "texture": "#west", "cullface": "west" },
                "south":   { "uv": [ 1.01, 1.01, 1.99, 1.99 ], "texture": "#west", "cullface": "west" }
            }
        },
		{   
			"from": [ -0.5, 1, 1],
            "to": [ 1, 2, 2],
            "faces": {
                "down": { "uv": [ 1.01, 1.01, 1.99, 1.99 ], "texture": "#west", "cullface": "west" },
                "up":   { "uv": [ 1.01, 1.01, 1.99, 1.99 ], "texture": "#west", "cullface": "west" },
                "west":   { "uv": [ 1.01, 1.01, 1.99, 1.99 ], "texture": "#west", "cullface": "west" },
                "north":   { "uv": [ 1.01, 1.01, 1.99, 1.99 ], "texture": "#west", "cullface": "west" },
                "south":   { "uv": [ 1.01, 1.01, 1.99, 1.99 ], "texture": "#west", "cullface": "west" }
            }
        },
		{   
			"from": [ -0.5, 14, 1],
            "to": [ 1, 15, 2],
            "faces": {
                "down": { "uv": [ 1.01, 1.01, 1.99, 1.99 ], "texture": "#west", "cullface": "west" },
                "up":   { "uv": [ 1.01, 1.01, 1.99, 1.99 ], "texture": "#west", "cullface": "west" },
                "west":   { "uv": [ 1.01, 1.01, 1.99, 1.99 ], "texture": "#west", "cullface": "west" },
                "north":   { "uv": [ 1.01, 1.01, 1.99, 1.99 ], "texture": "#west", "cullface": "west" },
                "south":   { "uv": [ 1.01, 1.01, 1.99, 1.99 ], "texture": "#west", "cullface": "west" }
            }
        },
		{   
			"from": [ -0.5, 1, 14],
            "to": [ 1, 2, 15],
            "faces": {
                "down": { "uv": [ 1.01, 1.01, 1.99, 1.99 ], "texture": "#west", "cullface": "west" },
                "up":   { "uv": [ 1.01, 1.01, 1.99, 1.99 ], "texture": "#west", "cullface": "west" },
                "west":   { "uv": [ 1.01, 1.01, 1.99, 1.99 ], "texture": "#west", "cullface": "west" },
                "north":   { "uv": [ 1.01, 1.01, 1.99, 1.99 ], "texture": "#west", "cullface": "west" },
                "south":   { "uv": [ 1.01, 1.01, 1.99, 1.99 ], "texture": "#west", "cullface": "west" }
            }
        },
		{   
			"comment": "west question mark",
			"from": [ -0.5, 9, 4],
            "to": [ 1, 12, 6],
            "faces": {
                "down": { "uv": [ 1.01, 1.01, 1.99, 1.99 ], "texture": "#west", "cullface": "west" },
                "up":   { "uv": [ 1.01, 1.01, 1.99, 1.99 ], "texture": "#west", "cullface": "west" },
                "west":   { "uv": [ 4.1, 4.1, 5.9, 6.9 ], "texture": "#west", "cullface": "west" },
                "north":   { "uv": [ 1.01, 1.01, 1.99, 1.99 ], "texture": "#west", "cullface": "west" },
                "south":   { "uv": [ 1.01, 1.01, 1.99, 1.99 ], "texture": "#west", "cullface": "west" }
            }
        },
		{   
			"from": [ -0.5, 12, 5],
            "to": [ 1, 13, 10],
            "faces": {
                "down": { "uv": [ 1.01, 1.01, 1.99, 1.99 ], "texture": "#west", "cullface": "west" },
                "up":   { "uv": [ 1.01, 1.01, 1.99, 1.99 ], "texture": "#west", "cullface": "west" },
                "west":   { "uv": [ 5.1, 3.1, 9.9, 3.9 ], "texture": "#west", "cullface": "west" },
                "north":   { "uv": [ 1.01, 1.01, 1.99, 1.99 ], "texture": "#west", "cullface": "west" },
                "south":   { "uv": [ 1.01, 1.01, 1.99, 1.99 ], "texture": "#west", "cullface": "west" }
            }
        },
		{   
			"from": [ -0.5, 8, 9],
            "to": [ 1, 12, 11],
            "faces": {
                "down": { "uv": [ 1.01, 1.01, 1.99, 1.99 ], "texture": "#west", "cullface": "west" },
                "up":   { "uv": [ 1.01, 1.01, 1.99, 1.99 ], "texture": "#west", "cullface": "west" },
                "west":   { "uv": [ 9.1, 4.1, 10.9, 7.9 ], "texture": "#west", "cullface": "west" },
                "north":   { "uv": [ 1.01, 1.01, 1.99, 1.99 ], "texture": "#west", "cullface": "west" },
                "south":   { "uv": [ 1.01, 1.01, 1.99, 1.99 ], "texture": "#west", "cullface": "west" }
            }
        },
		{   
			"from": [ -0.5, 8, 8],
            "to": [ 1, 9, 9],
            "faces": {
                "up":   { "uv": [ 1.01, 1.01, 1.99, 1.99 ], "texture": "#west", "cullface": "west" },
                "west":   { "uv": [ 8.1, 7.1, 8.9, 7.9 ], "texture": "#west", "cullface": "west" },
                "north":   { "uv": [ 1.01, 1.01, 1.99, 1.99 ], "texture": "#west", "cullface": "west" }
            }
        },
		{   
			"from": [ -0.5, 6, 7],
            "to": [ 1, 8, 9],
            "faces": {
                "down": { "uv": [ 1.01, 1.01, 1.99, 1.99 ], "texture": "#west", "cullface": "west" },
                "up":   { "uv": [ 1.01, 1.01, 1.99, 1.99 ], "texture": "#west", "cullface": "west" },
                "west":   { "uv": [ 7.1, 8.1, 8.9, 9.9 ], "texture": "#west", "cullface": "west" },
                "north":   { "uv": [ 1.01, 1.01, 1.99, 1.99 ], "texture": "#west", "cullface": "west" },
                "south":   { "uv": [ 1.01, 1.01, 1.99, 1.99 ], "texture": "#west", "cullface": "west" }
            }
        },
		{   
			"from": [ -0.5, 3, 7],
            "to": [ 1, 5, 9],
            "faces": {
                "down": { "uv": [ 1.01, 1.01, 1.99, 1.99 ], "texture": "#west", "cullface": "west" },
                "up":   { "uv": [ 1.01, 1.01, 1.99, 1.99 ], "texture": "#west", "cullface": "west" },
                "west":   { "uv": [ 7.1, 11.1, 8.9, 12.9 ], "texture": "#west", "cullface": "west" },
                "north":   { "uv": [ 1.01, 1.01, 1.99, 1.99 ], "texture": "#west", "cullface": "west" },
                "south":   { "uv": [ 1.01, 1.01, 1.99, 1.99 ], "texture": "#west", "cullface": "west" }
            }
        },
		
		
		
		
		
		{   
			"comment": "up little parts",
			"from": [ 14, 15, 14 ],
            "to": [ 15, 16.5, 15 ],
            "faces": {
                "east": { "uv": [ 1.01, 1.01, 1.99, 1.99 ], "texture": "#top", "cullface": "up" },
                "west":   { "uv": [ 1.01, 1.01, 1.99, 1.99 ], "texture": "#top", "cullface": "up" },
                "up":   { "uv": [ 1.01, 1.01, 1.99, 1.99 ], "texture": "#top", "cullface": "up" },
                "south":   { "uv": [ 1.01, 1.01, 1.99, 1.99 ], "texture": "#top", "cullface": "up" },
                "north":   { "uv": [ 1.01, 1.01, 1.99, 1.99 ], "texture": "#top", "cullface": "up" }
            }
        },
		{   
			"from": [ 1, 15, 1 ],
            "to": [ 2, 16.5, 2 ],
            "faces": {
                "east": { "uv": [ 1.01, 1.01, 1.99, 1.99 ], "texture": "#top", "cullface": "up" },
                "west":   { "uv": [ 1.01, 1.01, 1.99, 1.99 ], "texture": "#top", "cullface": "up" },
                "up":   { "uv": [ 1.01, 1.01, 1.99, 1.99 ], "texture": "#top", "cullface": "up" },
                "south":   { "uv": [ 1.01, 1.01, 1.99, 1.99 ], "texture": "#top", "cullface": "up" },
                "north":   { "uv": [ 1.01, 1.01, 1.99, 1.99 ], "texture": "#top", "cullface": "up" }
            }
        },
		{   
			"from": [ 14, 15, 1 ],
            "to": [ 15, 16.5, 2 ],
            "faces": {
                "east": { "uv": [ 1.01, 1.01, 1.99, 1.99 ], "texture": "#top", "cullface": "up" },
                "west":   { "uv": [ 1.01, 1.01, 1.99, 1.99 ], "texture": "#top", "cullface": "up" },
                "up":   { "uv": [ 1.01, 1.01, 1.99, 1.99 ], "texture": "#top", "cullface": "up" },
                "south":   { "uv": [ 1.01, 1.01, 1.99, 1.99 ], "texture": "#top", "cullface": "up" },
                "north":   { "uv": [ 1.01, 1.01, 1.99, 1.99 ], "texture": "#top", "cullface": "up" }
            }
        },
		{   
			"from": [ 1, 15, 14 ],
            "to": [ 2, 16.5, 15 ],
            "faces": {
                "east": { "uv": [ 1.01, 1.01, 1.99, 1.99 ], "texture": "#top", "cullface": "up" },
                "west":   { "uv": [ 1.01, 1.01, 1.99, 1.99 ], "texture": "#top", "cullface": "up" },
                "up":   { "uv": [ 1.01, 1.01, 1.99, 1.99 ], "texture": "#top", "cullface": "up" },
                "south":   { "uv": [ 1.01, 1.01, 1.99, 1.99 ], "texture": "#top", "cullface": "up" },
                "north":   { "uv": [ 1.01, 1.01, 1.99, 1.99 ], "texture": "#top", "cullface": "up" }
            }
        },
		{   
			"comment": "up question mark",
			"from": [ 4, 15, 4 ],
            "to": [ 6, 16.5, 7 ],
            "faces": {
                "east": { "uv": [ 1.01, 1.01, 1.99, 1.99 ], "texture": "#top", "cullface": "up" },
                "west":   { "uv": [ 1.01, 1.01, 1.99, 1.99 ], "texture": "#top", "cullface": "up" },
                "up":   { "uv": [ 4.1, 4.1, 5.9, 6.9 ], "texture": "#top", "cullface": "up" },
                "south":   { "uv": [ 1.01, 1.01, 1.99, 1.99 ], "texture": "#top", "cullface": "up" },
                "north":   { "uv": [ 1.01, 1.01, 1.99, 1.99 ], "texture": "#top", "cullface": "up" }
            }
        },
		{   
			"from": [ 5, 15, 3 ],
            "to": [ 10, 16.5, 4 ],
            "faces": {
                "east": { "uv": [ 1.01, 1.01, 1.99, 1.99 ], "texture": "#top", "cullface": "up" },
                "west":   { "uv": [ 1.01, 1.01, 1.99, 1.99 ], "texture": "#top", "cullface": "up" },
                "up":   { "uv": [ 5.1, 3.1, 9.9, 3.9 ], "texture": "#top", "cullface": "up" },
                "south":   { "uv": [ 1.01, 1.01, 1.99, 1.99 ], "texture": "#top", "cullface": "up" },
                "north":   { "uv": [ 1.01, 1.01, 1.99, 1.99 ], "texture": "#top", "cullface": "up" }
            }
        },
		{   
			"from": [ 9, 15, 4 ],
            "to": [ 11, 16.5, 8 ],
            "faces": {
                "east": { "uv": [ 1.01, 1.01, 1.99, 1.99 ], "texture": "#top", "cullface": "up" },
                "west":   { "uv": [ 1.01, 1.01, 1.99, 1.99 ], "texture": "#top", "cullface": "up" },
                "up":   { "uv": [ 9.1, 4.1, 10.9, 7.9 ], "texture": "#top", "cullface": "up" },
                "south":   { "uv": [ 1.01, 1.01, 1.99, 1.99 ], "texture": "#top", "cullface": "up" },
                "north":   { "uv": [ 1.01, 1.01, 1.99, 1.99 ], "texture": "#top", "cullface": "up" }
            }
        },
		{   
			"from": [ 8, 15, 7 ],
            "to": [ 9, 16.5, 8 ],
            "faces": {
                "west":   { "uv": [ 1.01, 1.01, 1.99, 1.99 ], "texture": "#top", "cullface": "up" },
                "up":   { "uv": [ 8.1, 7.1, 8.9, 7.9 ], "texture": "#top", "cullface": "up" },
                "north":   { "uv": [ 1.01, 1.01, 1.99, 1.99 ], "texture": "#top", "cullface": "up" }
            }
        },
		{   
			"from": [ 7, 15, 8 ],
            "to": [ 9, 16.5, 10 ],
            "faces": {
                "east": { "uv": [ 1.01, 1.01, 1.99, 1.99 ], "texture": "#top", "cullface": "up" },
                "west":   { "uv": [ 1.01, 1.01, 1.99, 1.99 ], "texture": "#top", "cullface": "up" },
                "up":   { "uv": [ 7.1, 8.1, 8.9, 9.9 ], "texture": "#top", "cullface": "up" },
                "south":   { "uv": [ 1.01, 1.01, 1.99, 1.99 ], "texture": "#top", "cullface": "up" },
                "north":   { "uv": [ 1.01, 1.01, 1.99, 1.99 ], "texture": "#top", "cullface": "up" }
            }
        },
		{   
			"from": [ 7, 15, 11 ],
            "to": [ 9, 16.5, 13 ],
            "faces": {
                "east": { "uv": [ 1.01, 1.01, 1.99, 1.99 ], "texture": "#top", "cullface": "up" },
                "west":   { "uv": [ 1.01, 1.01, 1.99, 1.99 ], "texture": "#top", "cullface": "up" },
                "up":   { "uv": [ 7.1, 11.1, 8.9, 12.9 ], "texture": "#top", "cullface": "up" },
                "south":   { "uv": [ 1.01, 1.01, 1.99, 1.99 ], "texture": "#top", "cullface": "up" },
                "north":   { "uv": [ 1.01, 1.01, 1.99, 1.99 ], "texture": "#top", "cullface": "up" }
            }
        },
		{   
			"comment": "down little parts",
			"from": [ 14, -0.5, 14 ],
            "to": [ 15, 1, 15 ],
            "faces": {
                "east": { "uv": [ 1.01, 1.01, 1.99, 1.99 ], "texture": "#bottom", "cullface": "down" },
                "west":   { "uv": [ 1.01, 1.01, 1.99, 1.99 ], "texture": "#bottom", "cullface": "down" },
                "down":   { "uv": [ 1.01, 1.01, 1.99, 1.99 ], "texture": "#bottom", "cullface": "down" },
                "south":   { "uv": [ 1.01, 1.01, 1.99, 1.99 ], "texture": "#bottom", "cullface": "down" },
                "north":   { "uv": [ 1.01, 1.01, 1.99, 1.99 ], "texture": "#bottom", "cullface": "down" }
            }
        },
		{   
			"from": [ 1, -0.5, 1 ],
            "to": [ 2, 1, 2 ],
            "faces": {
                "east": { "uv": [ 1.01, 1.01, 1.99, 1.99 ], "texture": "#bottom", "cullface": "down" },
                "west":   { "uv": [ 1.01, 1.01, 1.99, 1.99 ], "texture": "#bottom", "cullface": "down" },
                "down":   { "uv": [ 1.01, 1.01, 1.99, 1.99 ], "texture": "#bottom", "cullface": "down" },
                "south":   { "uv": [ 1.01, 1.01, 1.99, 1.99 ], "texture": "#bottom", "cullface": "down" },
                "north":   { "uv": [ 1.01, 1.01, 1.99, 1.99 ], "texture": "#bottom", "cullface": "down" }
            }
        },
		{   
			"from": [ 14, -0.5, 1 ],
            "to": [ 15, 1, 2 ],
            "faces": {
                "east": { "uv": [ 1.01, 1.01, 1.99, 1.99 ], "texture": "#bottom", "cullface": "down" },
                "west":   { "uv": [ 1.01, 1.01, 1.99, 1.99 ], "texture": "#bottom", "cullface": "down" },
                "down":   { "uv": [ 1.01, 1.01, 1.99, 1.99 ], "texture": "#bottom", "cullface": "down" },
                "south":   { "uv": [ 1.01, 1.01, 1.99, 1.99 ], "texture": "#bottom", "cullface": "down" },
                "north":   { "uv": [ 1.01, 1.01, 1.99, 1.99 ], "texture": "#bottom", "cullface": "down" }
            }
        },
		{   
			"from": [ 1, -0.5, 14 ],
            "to": [ 2, 1, 15 ],
            "faces": {
                "east": { "uv": [ 1.01, 1.01, 1.99, 1.99 ], "texture": "#bottom", "cullface": "down" },
                "west":   { "uv": [ 1.01, 1.01, 1.99, 1.99 ], "texture": "#bottom", "cullface": "down" },
                "down":   { "uv": [ 1.01, 1.01, 1.99, 1.99 ], "texture": "#bottom", "cullface": "down" },
                "south":   { "uv": [ 1.01, 1.01, 1.99, 1.99 ], "texture": "#bottom", "cullface": "down" },
                "north":   { "uv": [ 1.01, 1.01, 1.99, 1.99 ], "texture": "#bottom", "cullface": "down" }
            }
        },
		{   
			"comment": "down question mark",
			"from": [ 4, -0.5, 9 ],
            "to": [ 6, 1, 12 ],
            "faces": {
                "east": { "uv": [ 1.01, 1.01, 1.99, 1.99 ], "texture": "#bottom", "cullface": "down" },
                "west":   { "uv": [ 1.01, 1.01, 1.99, 1.99 ], "texture": "#bottom", "cullface": "down" },
                "down":   { "uv": [ 4.1, 4.1, 5.9, 6.9 ], "texture": "#bottom", "cullface": "down" },
                "south":   { "uv": [ 1.01, 1.01, 1.99, 1.99 ], "texture": "#bottom", "cullface": "down" },
                "north":   { "uv": [ 1.01, 1.01, 1.99, 1.99 ], "texture": "#bottom", "cullface": "down" }
            }
        },
		{   
			"from": [ 5, -0.5, 12 ],
            "to": [ 10, 1, 13 ],
            "faces": {
                "east": { "uv": [ 1.01, 1.01, 1.99, 1.99 ], "texture": "#bottom", "cullface": "down" },
                "west":   { "uv": [ 1.01, 1.01, 1.99, 1.99 ], "texture": "#bottom", "cullface": "down" },
                "down":   { "uv": [ 5.1, 3.1, 9.9, 3.9 ], "texture": "#bottom", "cullface": "down" },
                "south":   { "uv": [ 1.01, 1.01, 1.99, 1.99 ], "texture": "#bottom", "cullface": "down" },
                "north":   { "uv": [ 1.01, 1.01, 1.99, 1.99 ], "texture": "#bottom", "cullface": "down" }
            }
        },
		{   
			"from": [ 9, -0.5, 8 ],
            "to": [ 11, 1, 12 ],
            "faces": {
                "east": { "uv": [ 1.01, 1.01, 1.99, 1.99 ], "texture": "#bottom", "cullface": "down" },
                "west":   { "uv": [ 1.01, 1.01, 1.99, 1.99 ], "texture": "#bottom", "cullface": "down" },
                "down":   { "uv": [ 9.1, 4.1, 10.9, 7.9 ], "texture": "#bottom", "cullface": "down" },
                "south":   { "uv": [ 1.01, 1.01, 1.99, 1.99 ], "texture": "#bottom", "cullface": "down" },
                "north":   { "uv": [ 1.01, 1.01, 1.99, 1.99 ], "texture": "#bottom", "cullface": "down" }
            }
        },
		{   
			"from": [ 8, -0.5, 8 ],
            "to": [ 9, 1, 9 ],
            "faces": {
                "west":   { "uv": [ 1.01, 1.01, 1.99, 1.99 ], "texture": "#bottom", "cullface": "down" },
                "down":   { "uv": [ 8.1, 7.1, 8.9, 7.9 ], "texture": "#bottom", "cullface": "down" },
                "south":   { "uv": [ 1.01, 1.01, 1.99, 1.99 ], "texture": "#bottom", "cullface": "down" }
            }
        },
		{   
			"from": [ 7, -0.5, 6 ],
            "to": [ 9, 1, 8 ],
            "faces": {
                "east": { "uv": [ 1.01, 1.01, 1.99, 1.99 ], "texture": "#bottom", "cullface": "down" },
                "west":   { "uv": [ 1.01, 1.01, 1.99, 1.99 ], "texture": "#bottom", "cullface": "down" },
                "down":   { "uv": [ 7.1, 8.1, 8.9, 9.9 ], "texture": "#bottom", "cullface": "down" },
                "south":   { "uv": [ 1.01, 1.01, 1.99, 1.99 ], "texture": "#bottom", "cullface": "down" },
                "north":   { "uv": [ 1.01, 1.01, 1.99, 1.99 ], "texture": "#bottom", "cullface": "down" }
            }
        },
		{   
			"from": [ 7, -0.5, 3 ],
            "to": [ 9, 1, 5 ],
            "faces": {
                "east": { "uv": [ 1.01, 1.01, 1.99, 1.99 ], "texture": "#bottom", "cullface": "down" },
                "west":   { "uv": [ 1.01, 1.01, 1.99, 1.99 ], "texture": "#bottom", "cullface": "down" },
                "down":   { "uv": [ 7.1, 11.1, 8.9, 12.9 ], "texture": "#bottom", "cullface": "down" },
                "south":   { "uv": [ 1.01, 1.01, 1.99, 1.99 ], "texture": "#bottom", "cullface": "down" },
                "north":   { "uv": [ 1.01, 1.01, 1.99, 1.99 ], "texture": "#bottom", "cullface": "down" }
            }
        }
	]
}
