{
    "__comment": "Model generated using MrCrayfish's Model Creator (http://mrcrayfish.com/modelcreator/)",
    "textures": {
        "particle": "lucky:blocks/cloud",
        "0": "lucky:blocks/cloud"
    },
    "elements": [
        {
            "name": "Cube",
            "from": [ 0.0, 0.0, 0.0 ], 
            "to": [ 16.0, 16.0, 16.0 ], 
            "faces": {
                "north": { "texture": "#0", "uv": [ 0.0, 0.0, 16.0, 16.0 ], "cullface": "north" },
                "east": { "texture": "#0", "uv": [ 0.0, 0.0, 16.0, 16.0 ], "cullface": "east" },
                "south": { "texture": "#0", "uv": [ 0.0, 0.0, 16.0, 16.0 ], "cullface": "south" },
                "west": { "texture": "#0", "uv": [ 0.0, 0.0, 16.0, 16.0 ], "cullface": "west" },
                "up": { "texture": "#0", "uv": [ 0.0, 0.0, 16.0, 16.0 ], "cullface": "up" },
                "down": { "texture": "#0", "uv": [ 0.0, 0.0, 16.0, 16.0 ], "cullface": "down" }
            }
        }
    ]
}