{
	"__comment": "Designed by Cookiecentrale with Cubik Studio - https://cubik.studio",
	"textures": {
		"particle": "lucky:blocks/Lucky",
		"texture": "lucky:blocks/Lucky",
		"mesh_atlas": "lucky:blocks/Lucky4"
	},
	"elements": [ 	 
		{
			"__comment": "Voxels",
			"from": [ -2, 2, 2 ],
			"to": [ 14, 4, 4 ],
			"faces": {
				"down": { "uv": [ 5.25, 13, 7.25, 13.25 ], "texture": "#mesh_atlas" },
				"up": { "uv": [ 5.25, 13, 7.25, 12.75 ], "texture": "#mesh_atlas" },
				"north": { "uv": [ 7.25, 12.5, 5.25, 12.75 ], "texture": "#mesh_atlas" },
				"south": { "uv": [ 5.25, 12.25, 7.25, 12.5 ], "texture": "#mesh_atlas" },
				"west": { "uv": [ 8.125, 10.5, 8.375, 10.75 ], "texture": "#mesh_atlas" },
				"east": { "uv": [ 8.375, 9.25, 8.125, 9.5 ], "texture": "#mesh_atlas" }
			}
		},
		{
			"__comment": "Voxels",
			"from": [ -2, 2, 12 ],
			"to": [ 14, 4, 14 ],
			"faces": {
				"down": { "uv": [ 5.25, 12, 7.25, 12.25 ], "texture": "#mesh_atlas" },
				"up": { "uv": [ 5.25, 16, 7.25, 15.75 ], "texture": "#mesh_atlas" },
				"north": { "uv": [ 7.25, 15.5, 5.25, 15.75 ], "texture": "#mesh_atlas" },
				"south": { "uv": [ 5.25, 15.25, 7.25, 15.5 ], "texture": "#mesh_atlas" },
				"west": { "uv": [ 5, 12.75, 5.25, 13 ], "texture": "#mesh_atlas" },
				"east": { "uv": [ 5.25, 10.125, 5, 10.375 ], "texture": "#mesh_atlas" }
			}
		},
		{
			"__comment": "Voxels",
			"from": [ -2, 12, 2 ],
			"to": [ 14, 14, 4 ],
			"faces": {
				"down": { "uv": [ 5.25, 15, 7.25, 15.25 ], "texture": "#mesh_atlas" },
				"up": { "uv": [ 5.25, 15, 7.25, 14.75 ], "texture": "#mesh_atlas" },
				"north": { "uv": [ 7.25, 14.5, 5.25, 14.75 ], "texture": "#mesh_atlas" },
				"south": { "uv": [ 5.25, 14.25, 7.25, 14.5 ], "texture": "#mesh_atlas" },
				"west": { "uv": [ 7, 8.875, 7.25, 9.125 ], "texture": "#mesh_atlas" },
				"east": { "uv": [ 8, 10.375, 7.75, 10.625 ], "texture": "#mesh_atlas" }
			}
		},
		{
			"__comment": "Voxels",
			"from": [ -2, 12, 12 ],
			"to": [ 14, 14, 14 ],
			"faces": {
				"down": { "uv": [ 5.25, 14, 7.25, 14.25 ], "texture": "#mesh_atlas" },
				"up": { "uv": [ 5.25, 14, 7.25, 13.75 ], "texture": "#mesh_atlas" },
				"north": { "uv": [ 7.25, 13.25, 5.25, 13.5 ], "texture": "#mesh_atlas" },
				"south": { "uv": [ 5.25, 13.5, 7.25, 13.75 ], "texture": "#mesh_atlas" },
				"west": { "uv": [ 7.75, 10.125, 8, 10.375 ], "texture": "#mesh_atlas" },
				"east": { "uv": [ 8, 9.875, 7.75, 10.125 ], "texture": "#mesh_atlas" }
			}
		},
		{
			"__comment": "Voxels",
			"from": [ 0, 0, 0 ],
			"to": [ 16, 1, 1 ],
			"faces": {
				"down": { "uv": [ 5.25, 11.5, 7.25, 11.625 ], "texture": "#mesh_atlas" },
				"up": { "uv": [ 5.25, 11.75, 7.25, 11.625 ], "texture": "#mesh_atlas" },
				"north": { "uv": [ 7.25, 11.875, 5.25, 12 ], "texture": "#mesh_atlas" },
				"south": { "uv": [ 5.25, 11.75, 7.25, 11.875 ], "texture": "#mesh_atlas" },
				"west": { "uv": [ 8, 14, 8.125, 14.125 ], "texture": "#mesh_atlas" },
				"east": { "uv": [ 8.125, 14.125, 8, 14.25 ], "texture": "#mesh_atlas" }
			}
		},
		{
			"__comment": "Voxels",
			"from": [ 0, 0, 1 ],
			"to": [ 1, 1, 16 ],
			"faces": {
				"down": { "uv": [ 5.625, 9.375, 5.75, 11.25 ], "texture": "#mesh_atlas" },
				"up": { "uv": [ 5.75, 11.25, 5.875, 9.375 ], "texture": "#mesh_atlas" },
				"north": { "uv": [ 7.75, 8, 7.625, 8.125 ], "texture": "#mesh_atlas" },
				"south": { "uv": [ 7.625, 8.375, 7.75, 8.5 ], "texture": "#mesh_atlas" },
				"west": { "uv": [ 7.25, 15.75, 9.125, 15.875 ], "texture": "#mesh_atlas" },
				"east": { "uv": [ 11, 15.75, 9.125, 15.875 ], "texture": "#mesh_atlas" }
			}
		},
		{
			"__comment": "Voxels",
			"from": [ 0, 1, 0 ],
			"to": [ 1, 16, 1 ],
			"faces": {
				"down": { "uv": [ 7.625, 8.5, 7.75, 8.625 ], "texture": "#mesh_atlas" },
				"up": { "uv": [ 7.625, 8.75, 7.75, 8.625 ], "texture": "#mesh_atlas" },
				"north": { "uv": [ 6, 9.375, 5.875, 11.25 ], "texture": "#mesh_atlas" },
				"south": { "uv": [ 6, 9.375, 6.125, 11.25 ], "texture": "#mesh_atlas" },
				"west": { "uv": [ 5.375, 9.375, 5.5, 11.25 ], "texture": "#mesh_atlas" },
				"east": { "uv": [ 6.25, 9.375, 6.125, 11.25 ], "texture": "#mesh_atlas" }
			}
		},
		{
			"__comment": "Voxels",
			"from": [ 0, 1, 15 ],
			"to": [ 1, 16, 16 ],
			"faces": {
				"down": { "uv": [ 7.625, 9.25, 7.75, 9.375 ], "texture": "#mesh_atlas" },
				"up": { "uv": [ 7.625, 9.75, 7.75, 9.625 ], "texture": "#mesh_atlas" },
				"north": { "uv": [ 6.375, 9.375, 6.25, 11.25 ], "texture": "#mesh_atlas" },
				"south": { "uv": [ 5.5, 9.375, 5.625, 11.25 ], "texture": "#mesh_atlas" },
				"west": { "uv": [ 6.375, 9.375, 6.5, 11.25 ], "texture": "#mesh_atlas" },
				"east": { "uv": [ 5.375, 9.375, 5.25, 11.25 ], "texture": "#mesh_atlas" }
			}
		},
		{
			"__comment": "Voxels",
			"from": [ 0, 15, 1 ],
			"to": [ 1, 16, 15 ],
			"faces": {
				"down": { "uv": [ 6.625, 9.5, 6.75, 11.25 ], "texture": "#mesh_atlas" },
				"up": { "uv": [ 6.5, 11.25, 6.625, 9.5 ], "texture": "#mesh_atlas" },
				"north": { "uv": [ 7.75, 9.75, 7.625, 9.875 ], "texture": "#mesh_atlas" },
				"south": { "uv": [ 7.5, 8.125, 7.625, 8.25 ], "texture": "#mesh_atlas" },
				"west": { "uv": [ 9.125, 15.125, 10.875, 15.25 ], "texture": "#mesh_atlas" },
				"east": { "uv": [ 12.5, 15.375, 10.75, 15.5 ], "texture": "#mesh_atlas" }
			}
		},
		{
			"__comment": "Voxels",
			"from": [ 1, 0, 15 ],
			"to": [ 16, 1, 16 ],
			"faces": {
				"down": { "uv": [ 7.25, 15.875, 9.125, 16 ], "texture": "#mesh_atlas" },
				"up": { "uv": [ 9.125, 16, 11, 15.875 ], "texture": "#mesh_atlas" },
				"north": { "uv": [ 12.875, 15.875, 11, 16 ], "texture": "#mesh_atlas" },
				"south": { "uv": [ 12.875, 15.875, 14.75, 16 ], "texture": "#mesh_atlas" },
				"west": { "uv": [ 7.5, 8.25, 7.625, 8.375 ], "texture": "#mesh_atlas" },
				"east": { "uv": [ 16, 15.5, 15.875, 15.625 ], "texture": "#mesh_atlas" }
			}
		},
		{
			"__comment": "Voxels",
			"from": [ 1, 1, 1 ],
			"to": [ 15, 2, 15 ],
			"faces": {
				"down": { "uv": [ 0, 12.5, 1.75, 14.25 ], "texture": "#mesh_atlas" },
				"up": { "uv": [ 0, 16, 1.75, 14.25 ], "texture": "#mesh_atlas" },
				"north": { "uv": [ 10.75, 15.25, 9, 15.375 ], "texture": "#mesh_atlas" },
				"south": { "uv": [ 7.25, 15.375, 9, 15.5 ], "texture": "#mesh_atlas" },
				"west": { "uv": [ 14.25, 15.25, 16, 15.375 ], "texture": "#mesh_atlas" },
				"east": { "uv": [ 9.125, 15.125, 7.375, 15.25 ], "texture": "#mesh_atlas" }
			}
		},
		{
			"__comment": "Voxels",
			"from": [ 1, 2, 1 ],
			"to": [ 2, 15, 2 ],
			"faces": {
				"down": { "uv": [ 6.875, 9.375, 7, 9.5 ], "texture": "#mesh_atlas" },
				"up": { "uv": [ 6.75, 9.5, 6.875, 9.375 ], "texture": "#mesh_atlas" },
				"north": { "uv": [ 7.75, 13.375, 7.625, 15 ], "texture": "#mesh_atlas" },
				"south": { "uv": [ 7.625, 11.75, 7.75, 13.375 ], "texture": "#mesh_atlas" },
				"west": { "uv": [ 7.5, 13.5, 7.625, 15.125 ], "texture": "#mesh_atlas" },
				"east": { "uv": [ 7.625, 11.875, 7.5, 13.5 ], "texture": "#mesh_atlas" }
			}
		},
		{
			"__comment": "Voxels",
			"from": [ 1, 2, 4 ],
			"to": [ 15, 15, 12 ],
			"faces": {
				"down": { "uv": [ 0, 8.25, 1.75, 9.25 ], "texture": "#mesh_atlas" },
				"up": { "uv": [ 1.75, 10.75, 3.5, 9.75 ], "texture": "#mesh_atlas" },
				"north": { "uv": [ 1.75, 9.25, 0, 10.875 ], "texture": "#mesh_atlas" },
				"south": { "uv": [ 0, 10.875, 1.75, 12.5 ], "texture": "#mesh_atlas" },
				"west": { "uv": [ 3.5, 12.375, 4.5, 14 ], "texture": "#mesh_atlas" },
				"east": { "uv": [ 4.5, 9.75, 3.5, 11.375 ], "texture": "#mesh_atlas" }
			}
		},
		{
			"__comment": "Voxels",
			"from": [ 1, 2, 14 ],
			"to": [ 15, 15, 15 ],
			"faces": {
				"down": { "uv": [ 11, 15.5, 12.75, 15.625 ], "texture": "#mesh_atlas" },
				"up": { "uv": [ 12.75, 15.625, 14.5, 15.5 ], "texture": "#mesh_atlas" },
				"north": { "uv": [ 3.5, 14.375, 1.75, 16 ], "texture": "#mesh_atlas" },
				"south": { "uv": [ 1.75, 12.75, 3.5, 14.375 ], "texture": "#mesh_atlas" },
				"west": { "uv": [ 7.5, 8.625, 7.625, 10.25 ], "texture": "#mesh_atlas" },
				"east": { "uv": [ 7.625, 10.25, 7.5, 11.875 ], "texture": "#mesh_atlas" }
			}
		},
		{
			"__comment": "Voxels",
			"from": [ 1, 4, 2 ],
			"to": [ 15, 12, 4 ],
			"faces": {
				"down": { "uv": [ 1.75, 8.25, 3.5, 8.5 ], "texture": "#mesh_atlas" },
				"up": { "uv": [ 1.75, 8.25, 3.5, 8 ], "texture": "#mesh_atlas" },
				"north": { "uv": [ 3.5, 11.75, 1.75, 12.75 ], "texture": "#mesh_atlas" },
				"south": { "uv": [ 1.75, 8.75, 3.5, 9.75 ], "texture": "#mesh_atlas" },
				"west": { "uv": [ 4.5, 13, 4.75, 14 ], "texture": "#mesh_atlas" },
				"east": { "uv": [ 5, 13, 4.75, 14 ], "texture": "#mesh_atlas" }
			}
		},
		{
			"__comment": "Voxels",
			"from": [ 1, 4, 12 ],
			"to": [ 15, 12, 14 ],
			"faces": {
				"down": { "uv": [ 1.75, 8.5, 3.5, 8.75 ], "texture": "#mesh_atlas" },
				"up": { "uv": [ 0, 8.25, 1.75, 8 ], "texture": "#mesh_atlas" },
				"north": { "uv": [ 3.5, 10.75, 1.75, 11.75 ], "texture": "#mesh_atlas" },
				"south": { "uv": [ 3.5, 15, 5.25, 16 ], "texture": "#mesh_atlas" },
				"west": { "uv": [ 5, 13, 5.25, 14 ], "texture": "#mesh_atlas" },
				"east": { "uv": [ 4.75, 10.375, 4.5, 11.375 ], "texture": "#mesh_atlas" }
			}
		},
		{
			"__comment": "Voxels",
			"from": [ 1, 14, 2 ],
			"to": [ 15, 15, 4 ],
			"faces": {
				"down": { "uv": [ 3.5, 9.5, 5.25, 9.75 ], "texture": "#mesh_atlas" },
				"up": { "uv": [ 3.5, 9.5, 5.25, 9.25 ], "texture": "#mesh_atlas" },
				"north": { "uv": [ 14.25, 15.25, 12.5, 15.375 ], "texture": "#mesh_atlas" },
				"south": { "uv": [ 10.75, 15.25, 12.5, 15.375 ], "texture": "#mesh_atlas" },
				"west": { "uv": [ 4.5, 8, 4.75, 8.125 ], "texture": "#mesh_atlas" },
				"east": { "uv": [ 5, 8, 4.75, 8.125 ], "texture": "#mesh_atlas" }
			}
		},
		{
			"__comment": "Voxels",
			"from": [ 1, 14, 12 ],
			"to": [ 15, 15, 14 ],
			"faces": {
				"down": { "uv": [ 3.5, 9, 5.25, 9.25 ], "texture": "#mesh_atlas" },
				"up": { "uv": [ 3.5, 9, 5.25, 8.75 ], "texture": "#mesh_atlas" },
				"north": { "uv": [ 14.25, 15.375, 12.5, 15.5 ], "texture": "#mesh_atlas" },
				"south": { "uv": [ 14.25, 15.375, 16, 15.5 ], "texture": "#mesh_atlas" },
				"west": { "uv": [ 5, 8, 5.25, 8.125 ], "texture": "#mesh_atlas" },
				"east": { "uv": [ 7.25, 9.375, 7, 9.5 ], "texture": "#mesh_atlas" }
			}
		},
		{
			"__comment": "Voxels",
			"from": [ 1, 15, 0 ],
			"to": [ 16, 16, 1 ],
			"faces": {
				"down": { "uv": [ 7.25, 15.625, 9.125, 15.75 ], "texture": "#mesh_atlas" },
				"up": { "uv": [ 9.125, 15.75, 11, 15.625 ], "texture": "#mesh_atlas" },
				"north": { "uv": [ 12.875, 15.625, 11, 15.75 ], "texture": "#mesh_atlas" },
				"south": { "uv": [ 11, 15.75, 12.875, 15.875 ], "texture": "#mesh_atlas" },
				"west": { "uv": [ 5.625, 8, 5.75, 8.125 ], "texture": "#mesh_atlas" },
				"east": { "uv": [ 5.625, 8, 5.5, 8.125 ], "texture": "#mesh_atlas" }
			}
		},
		{
			"__comment": "Voxels",
			"from": [ 1, 15, 15 ],
			"to": [ 16, 16, 16 ],
			"faces": {
				"down": { "uv": [ 12.875, 15.625, 14.75, 15.75 ], "texture": "#mesh_atlas" },
				"up": { "uv": [ 12.875, 15.875, 14.75, 15.75 ], "texture": "#mesh_atlas" },
				"north": { "uv": [ 9.125, 15.5, 7.25, 15.625 ], "texture": "#mesh_atlas" },
				"south": { "uv": [ 9.125, 15.5, 11, 15.625 ], "texture": "#mesh_atlas" },
				"west": { "uv": [ 7.625, 9.875, 7.75, 10 ], "texture": "#mesh_atlas" },
				"east": { "uv": [ 7.75, 10, 7.625, 10.125 ], "texture": "#mesh_atlas" }
			}
		},
		{
			"__comment": "Voxels",
			"from": [ 1, 18, 2 ],
			"to": [ 5, 19, 4 ],
			"faces": {
				"down": { "uv": [ 4.5, 12.75, 5, 13 ], "texture": "#mesh_atlas" },
				"up": { "uv": [ 4.5, 12.75, 5, 12.5 ], "texture": "#mesh_atlas" },
				"north": { "uv": [ 7.25, 9.25, 6.75, 9.375 ], "texture": "#mesh_atlas" },
				"south": { "uv": [ 6.75, 9.125, 7.25, 9.25 ], "texture": "#mesh_atlas" },
				"west": { "uv": [ 8.375, 8.75, 8.625, 8.875 ], "texture": "#mesh_atlas" },
				"east": { "uv": [ 8.625, 8.875, 8.375, 9 ], "texture": "#mesh_atlas" }
			}
		},
		{
			"__comment": "Voxels",
			"from": [ 1, 18, 12 ],
			"to": [ 5, 19, 14 ],
			"faces": {
				"down": { "uv": [ 4.75, 10.625, 5.25, 10.875 ], "texture": "#mesh_atlas" },
				"up": { "uv": [ 4.75, 10.625, 5.25, 10.375 ], "texture": "#mesh_atlas" },
				"north": { "uv": [ 5, 12.375, 4.5, 12.5 ], "texture": "#mesh_atlas" },
				"south": { "uv": [ 4.5, 9.75, 5, 9.875 ], "texture": "#mesh_atlas" },
				"west": { "uv": [ 8.375, 9, 8.625, 9.125 ], "texture": "#mesh_atlas" },
				"east": { "uv": [ 8.625, 9.125, 8.375, 9.25 ], "texture": "#mesh_atlas" }
			}
		},
		{
			"__comment": "Voxels",
			"from": [ 2, 2, 15 ],
			"to": [ 4, 4, 18 ],
			"faces": {
				"down": { "uv": [ 7.75, 11.5, 8, 11.875 ], "texture": "#mesh_atlas" },
				"up": { "uv": [ 7.75, 11.5, 8, 11.125 ], "texture": "#mesh_atlas" },
				"north": { "uv": [ 8, 9.625, 7.75, 9.875 ], "texture": "#mesh_atlas" },
				"south": { "uv": [ 8.125, 14.5, 8.375, 14.75 ], "texture": "#mesh_atlas" },
				"west": { "uv": [ 7.75, 10.875, 8.125, 11.125 ], "texture": "#mesh_atlas" },
				"east": { "uv": [ 8.125, 10.625, 7.75, 10.875 ], "texture": "#mesh_atlas" }
			}
		},
		{
			"__comment": "Voxels",
			"from": [ 2, 4, 1 ],
			"to": [ 15, 12, 2 ],
			"faces": {
				"down": { "uv": [ 14.375, 15.125, 16, 15.25 ], "texture": "#mesh_atlas" },
				"up": { "uv": [ 7.625, 15.125, 9.25, 15 ], "texture": "#mesh_atlas" },
				"north": { "uv": [ 5.125, 11.375, 3.5, 12.375 ], "texture": "#mesh_atlas" },
				"south": { "uv": [ 3.5, 14, 5.125, 15 ], "texture": "#mesh_atlas" },
				"west": { "uv": [ 5.125, 14, 5.25, 15 ], "texture": "#mesh_atlas" },
				"east": { "uv": [ 5.25, 11.375, 5.125, 12.375 ], "texture": "#mesh_atlas" }
			}
		},
		{
			"__comment": "Voxels",
			"from": [ 2, 12, 15 ],
			"to": [ 4, 14, 18 ],
			"faces": {
				"down": { "uv": [ 5, 12.375, 5.25, 12.75 ], "texture": "#mesh_atlas" },
				"up": { "uv": [ 5, 10.125, 5.25, 9.75 ], "texture": "#mesh_atlas" },
				"north": { "uv": [ 8, 9.375, 7.75, 9.625 ], "texture": "#mesh_atlas" },
				"south": { "uv": [ 7.75, 9.125, 8, 9.375 ], "texture": "#mesh_atlas" },
				"west": { "uv": [ 4.5, 8.5, 4.875, 8.75 ], "texture": "#mesh_atlas" },
				"east": { "uv": [ 5.25, 8.5, 4.875, 8.75 ], "texture": "#mesh_atlas" }
			}
		},
		{
			"__comment": "Voxels",
			"from": [ 2, 14, 1 ],
			"to": [ 15, 15, 2 ],
			"faces": {
				"down": { "uv": [ 10.875, 15, 12.5, 15.125 ], "texture": "#mesh_atlas" },
				"up": { "uv": [ 12.5, 15.125, 14.125, 15 ], "texture": "#mesh_atlas" },
				"north": { "uv": [ 10.875, 15, 9.25, 15.125 ], "texture": "#mesh_atlas" },
				"south": { "uv": [ 14.125, 15, 15.75, 15.125 ], "texture": "#mesh_atlas" },
				"west": { "uv": [ 7.625, 8.75, 7.75, 8.875 ], "texture": "#mesh_atlas" },
				"east": { "uv": [ 7.75, 9.125, 7.625, 9.25 ], "texture": "#mesh_atlas" }
			}
		},
		{
			"__comment": "Voxels",
			"from": [ 2, 15, 2 ],
			"to": [ 4, 18, 4 ],
			"faces": {
				"down": { "uv": [ 7.75, 8.875, 8, 9.125 ], "texture": "#mesh_atlas" },
				"up": { "uv": [ 7.75, 8.875, 8, 8.625 ], "texture": "#mesh_atlas" },
				"north": { "uv": [ 4.75, 8.125, 4.5, 8.5 ], "texture": "#mesh_atlas" },
				"south": { "uv": [ 4.75, 8.125, 5, 8.5 ], "texture": "#mesh_atlas" },
				"west": { "uv": [ 5, 8.125, 5.25, 8.5 ], "texture": "#mesh_atlas" },
				"east": { "uv": [ 6, 8.75, 5.75, 9.125 ], "texture": "#mesh_atlas" }
			}
		},
		{
			"__comment": "Voxels",
			"from": [ 2, 15, 12 ],
			"to": [ 4, 18, 14 ],
			"faces": {
				"down": { "uv": [ 7.75, 8.375, 8, 8.625 ], "texture": "#mesh_atlas" },
				"up": { "uv": [ 8.125, 14, 8.375, 13.75 ], "texture": "#mesh_atlas" },
				"north": { "uv": [ 6, 8.375, 5.75, 8.75 ], "texture": "#mesh_atlas" },
				"south": { "uv": [ 5.75, 8, 6, 8.375 ], "texture": "#mesh_atlas" },
				"west": { "uv": [ 6, 8.75, 6.25, 9.125 ], "texture": "#mesh_atlas" },
				"east": { "uv": [ 6.25, 8.375, 6, 8.75 ], "texture": "#mesh_atlas" }
			}
		},
		{
			"__comment": "Voxels",
			"from": [ 2, 18, 1 ],
			"to": [ 4, 19, 2 ],
			"faces": {
				"down": { "uv": [ 8.375, 13.5, 8.625, 13.625 ], "texture": "#mesh_atlas" },
				"up": { "uv": [ 8.375, 13.75, 8.625, 13.625 ], "texture": "#mesh_atlas" },
				"north": { "uv": [ 8.625, 14, 8.375, 14.125 ], "texture": "#mesh_atlas" },
				"south": { "uv": [ 8.375, 14.125, 8.625, 14.25 ], "texture": "#mesh_atlas" },
				"west": { "uv": [ 7.625, 11.5, 7.75, 11.625 ], "texture": "#mesh_atlas" },
				"east": { "uv": [ 7.75, 11.375, 7.625, 11.5 ], "texture": "#mesh_atlas" }
			}
		},
		{
			"__comment": "Voxels",
			"from": [ 2, 18, 4 ],
			"to": [ 4, 19, 5 ],
			"faces": {
				"down": { "uv": [ 8.125, 9, 8.375, 9.125 ], "texture": "#mesh_atlas" },
				"up": { "uv": [ 8.125, 9.25, 8.375, 9.125 ], "texture": "#mesh_atlas" },
				"north": { "uv": [ 16, 15, 15.75, 15.125 ], "texture": "#mesh_atlas" },
				"south": { "uv": [ 15.75, 15.625, 16, 15.75 ], "texture": "#mesh_atlas" },
				"west": { "uv": [ 7.625, 11, 7.75, 11.125 ], "texture": "#mesh_atlas" },
				"east": { "uv": [ 7.75, 10.875, 7.625, 11 ], "texture": "#mesh_atlas" }
			}
		},
		{
			"__comment": "Voxels",
			"from": [ 2, 18, 11 ],
			"to": [ 4, 19, 12 ],
			"faces": {
				"down": { "uv": [ 8.125, 8.375, 8.375, 8.5 ], "texture": "#mesh_atlas" },
				"up": { "uv": [ 8.125, 8.75, 8.375, 8.625 ], "texture": "#mesh_atlas" },
				"north": { "uv": [ 8.375, 8.5, 8.125, 8.625 ], "texture": "#mesh_atlas" },
				"south": { "uv": [ 8.375, 14.25, 8.625, 14.375 ], "texture": "#mesh_atlas" },
				"west": { "uv": [ 8, 13.875, 8.125, 14 ], "texture": "#mesh_atlas" },
				"east": { "uv": [ 6.75, 9.375, 6.625, 9.5 ], "texture": "#mesh_atlas" }
			}
		},
		{
			"__comment": "Voxels",
			"from": [ 2, 18, 14 ],
			"to": [ 4, 19, 15 ],
			"faces": {
				"down": { "uv": [ 8.375, 13, 8.625, 13.125 ], "texture": "#mesh_atlas" },
				"up": { "uv": [ 8.375, 13, 8.625, 12.875 ], "texture": "#mesh_atlas" },
				"north": { "uv": [ 8.625, 12.75, 8.375, 12.875 ], "texture": "#mesh_atlas" },
				"south": { "uv": [ 8.375, 12.625, 8.625, 12.75 ], "texture": "#mesh_atlas" },
				"west": { "uv": [ 7.5, 8.5, 7.625, 8.625 ], "texture": "#mesh_atlas" },
				"east": { "uv": [ 7.625, 8.375, 7.5, 8.5 ], "texture": "#mesh_atlas" }
			}
		},
		{
			"__comment": "Voxels",
			"from": [ 2, 19, 2 ],
			"to": [ 4, 20, 4 ],
			"faces": {
				"down": { "uv": [ 8.125, 11, 8.375, 11.25 ], "texture": "#mesh_atlas" },
				"up": { "uv": [ 8.125, 11.5, 8.375, 11.25 ], "texture": "#mesh_atlas" },
				"north": { "uv": [ 8.625, 12.5, 8.375, 12.625 ], "texture": "#mesh_atlas" },
				"south": { "uv": [ 8.375, 12.375, 8.625, 12.5 ], "texture": "#mesh_atlas" },
				"west": { "uv": [ 8.375, 12.25, 8.625, 12.375 ], "texture": "#mesh_atlas" },
				"east": { "uv": [ 8.625, 12.125, 8.375, 12.25 ], "texture": "#mesh_atlas" }
			}
		},
		{
			"__comment": "Voxels",
			"from": [ 2, 19, 12 ],
			"to": [ 4, 20, 14 ],
			"faces": {
				"down": { "uv": [ 8.125, 12.75, 8.375, 13 ], "texture": "#mesh_atlas" },
				"up": { "uv": [ 8.125, 13.25, 8.375, 13 ], "texture": "#mesh_atlas" },
				"north": { "uv": [ 6.5, 8, 6.25, 8.125 ], "texture": "#mesh_atlas" },
				"south": { "uv": [ 6.5, 8, 6.75, 8.125 ], "texture": "#mesh_atlas" },
				"west": { "uv": [ 6.75, 8, 7, 8.125 ], "texture": "#mesh_atlas" },
				"east": { "uv": [ 7.25, 8, 7, 8.125 ], "texture": "#mesh_atlas" }
			}
		},
		{
			"__comment": "Voxels",
			"from": [ 4, 2, 1 ],
			"to": [ 12, 4, 2 ],
			"faces": {
				"down": { "uv": [ 5.75, 9.25, 6.75, 9.375 ], "texture": "#mesh_atlas" },
				"up": { "uv": [ 5.75, 9.25, 6.75, 9.125 ], "texture": "#mesh_atlas" },
				"north": { "uv": [ 4.5, 8.5, 3.5, 8.75 ], "texture": "#mesh_atlas" },
				"south": { "uv": [ 3.5, 8.25, 4.5, 8.5 ], "texture": "#mesh_atlas" },
				"west": { "uv": [ 5.25, 8, 5.375, 8.25 ], "texture": "#mesh_atlas" },
				"east": { "uv": [ 5.5, 8.75, 5.375, 9 ], "texture": "#mesh_atlas" }
			}
		},
		{
			"__comment": "Voxels",
			"from": [ 4, 12, 1 ],
			"to": [ 12, 14, 2 ],
			"faces": {
				"down": { "uv": [ 6.25, 11.25, 7.25, 11.375 ], "texture": "#mesh_atlas" },
				"up": { "uv": [ 6.25, 11.5, 7.25, 11.375 ], "texture": "#mesh_atlas" },
				"north": { "uv": [ 6.25, 11.25, 5.25, 11.5 ], "texture": "#mesh_atlas" },
				"south": { "uv": [ 3.5, 8, 4.5, 8.25 ], "texture": "#mesh_atlas" },
				"west": { "uv": [ 5.375, 8.5, 5.5, 8.75 ], "texture": "#mesh_atlas" },
				"east": { "uv": [ 5.5, 8.25, 5.375, 8.5 ], "texture": "#mesh_atlas" }
			}
		},
		{
			"__comment": "Voxels",
			"from": [ 4, 25, 7 ],
			"to": [ 6, 28, 8 ],
			"faces": {
				"down": { "uv": [ 8.125, 8.875, 8.375, 9 ], "texture": "#mesh_atlas" },
				"up": { "uv": [ 8.125, 8.875, 8.375, 8.75 ], "texture": "#mesh_atlas" },
				"north": { "uv": [ 6.25, 8, 6, 8.375 ], "texture": "#mesh_atlas" },
				"south": { "uv": [ 6.25, 8.5, 6.5, 8.875 ], "texture": "#mesh_atlas" },
				"west": { "uv": [ 5.25, 8.625, 5.375, 9 ], "texture": "#mesh_atlas" },
				"east": { "uv": [ 5.375, 8.25, 5.25, 8.625 ], "texture": "#mesh_atlas" }
			}
		},
		{
			"__comment": "Voxels",
			"from": [ 5, 28, 7 ],
			"to": [ 10, 29, 8 ],
			"faces": {
				"down": { "uv": [ 15.375, 15.75, 16, 15.875 ], "texture": "#mesh_atlas" },
				"up": { "uv": [ 14.75, 15.875, 15.375, 15.75 ], "texture": "#mesh_atlas" },
				"north": { "uv": [ 15.375, 15.875, 14.75, 16 ], "texture": "#mesh_atlas" },
				"south": { "uv": [ 15.375, 15.875, 16, 16 ], "texture": "#mesh_atlas" },
				"west": { "uv": [ 7.375, 8, 7.5, 8.125 ], "texture": "#mesh_atlas" },
				"east": { "uv": [ 8.125, 13.5, 8, 13.625 ], "texture": "#mesh_atlas" }
			}
		},
		{
			"__comment": "Voxels",
			"from": [ 7, 19, 7 ],
			"to": [ 9, 21, 8 ],
			"faces": {
				"down": { "uv": [ 8.125, 8.25, 8.375, 8.375 ], "texture": "#mesh_atlas" },
				"up": { "uv": [ 8.125, 8.25, 8.375, 8.125 ], "texture": "#mesh_atlas" },
				"north": { "uv": [ 8.375, 11.75, 8.125, 12 ], "texture": "#mesh_atlas" },
				"south": { "uv": [ 8.125, 11.5, 8.375, 11.75 ], "texture": "#mesh_atlas" },
				"west": { "uv": [ 5.375, 8, 5.5, 8.25 ], "texture": "#mesh_atlas" },
				"east": { "uv": [ 5.625, 9.125, 5.5, 9.375 ], "texture": "#mesh_atlas" }
			}
		},
		{
			"__comment": "Voxels",
			"from": [ 7, 22, 7 ],
			"to": [ 9, 24, 8 ],
			"faces": {
				"down": { "uv": [ 8.125, 8, 8.375, 8.125 ], "texture": "#mesh_atlas" },
				"up": { "uv": [ 8.375, 14.75, 8.625, 14.625 ], "texture": "#mesh_atlas" },
				"north": { "uv": [ 8.375, 10.25, 8.125, 10.5 ], "texture": "#mesh_atlas" },
				"south": { "uv": [ 8.125, 10, 8.375, 10.25 ], "texture": "#mesh_atlas" },
				"west": { "uv": [ 5.5, 8.875, 5.625, 9.125 ], "texture": "#mesh_atlas" },
				"east": { "uv": [ 5.625, 8.625, 5.5, 8.875 ], "texture": "#mesh_atlas" }
			}
		},
		{
			"__comment": "Voxels",
			"from": [ 8, 24, 7 ],
			"to": [ 11, 25, 8 ],
			"faces": {
				"down": { "uv": [ 8.375, 14.75, 8.75, 14.875 ], "texture": "#mesh_atlas" },
				"up": { "uv": [ 15.5, 15.625, 15.875, 15.5 ], "texture": "#mesh_atlas" },
				"north": { "uv": [ 8.125, 8, 7.75, 8.125 ], "texture": "#mesh_atlas" },
				"south": { "uv": [ 8.375, 14.875, 8.75, 15 ], "texture": "#mesh_atlas" },
				"west": { "uv": [ 7.625, 10.25, 7.75, 10.375 ], "texture": "#mesh_atlas" },
				"east": { "uv": [ 7.75, 10.125, 7.625, 10.25 ], "texture": "#mesh_atlas" }
			}
		},
		{
			"__comment": "Voxels",
			"from": [ 9, 25, 7 ],
			"to": [ 11, 28, 8 ],
			"faces": {
				"down": { "uv": [ 8.375, 14.5, 8.625, 14.625 ], "texture": "#mesh_atlas" },
				"up": { "uv": [ 8.375, 14.5, 8.625, 14.375 ], "texture": "#mesh_atlas" },
				"north": { "uv": [ 6.5, 8.125, 6.25, 8.5 ], "texture": "#mesh_atlas" },
				"south": { "uv": [ 6.5, 8.5, 6.75, 8.875 ], "texture": "#mesh_atlas" },
				"west": { "uv": [ 5.25, 9, 5.375, 9.375 ], "texture": "#mesh_atlas" },
				"east": { "uv": [ 5.5, 9, 5.375, 9.375 ], "texture": "#mesh_atlas" }
			}
		},
		{
			"__comment": "Voxels",
			"from": [ 11, 18, 2 ],
			"to": [ 15, 19, 4 ],
			"faces": {
				"down": { "uv": [ 4.75, 10.875, 5.25, 11.125 ], "texture": "#mesh_atlas" },
				"up": { "uv": [ 4.75, 11.375, 5.25, 11.125 ], "texture": "#mesh_atlas" },
				"north": { "uv": [ 15.75, 15.625, 15.25, 15.75 ], "texture": "#mesh_atlas" },
				"south": { "uv": [ 14.5, 15.5, 15, 15.625 ], "texture": "#mesh_atlas" },
				"west": { "uv": [ 8.375, 13.875, 8.625, 14 ], "texture": "#mesh_atlas" },
				"east": { "uv": [ 8.625, 13.75, 8.375, 13.875 ], "texture": "#mesh_atlas" }
			}
		},
		{
			"__comment": "Voxels",
			"from": [ 11, 18, 12 ],
			"to": [ 15, 19, 14 ],
			"faces": {
				"down": { "uv": [ 4.5, 10.125, 5, 10.375 ], "texture": "#mesh_atlas" },
				"up": { "uv": [ 4.5, 10.125, 5, 9.875 ], "texture": "#mesh_atlas" },
				"north": { "uv": [ 15.5, 15.5, 15, 15.625 ], "texture": "#mesh_atlas" },
				"south": { "uv": [ 14.75, 15.625, 15.25, 15.75 ], "texture": "#mesh_atlas" },
				"west": { "uv": [ 8.375, 13.375, 8.625, 13.5 ], "texture": "#mesh_atlas" },
				"east": { "uv": [ 8.625, 13.25, 8.375, 13.375 ], "texture": "#mesh_atlas" }
			}
		},
		{
			"__comment": "Voxels",
			"from": [ 12, 2, 15 ],
			"to": [ 14, 4, 18 ],
			"faces": {
				"down": { "uv": [ 6.75, 8.5, 7, 8.875 ], "texture": "#mesh_atlas" },
				"up": { "uv": [ 7, 8.875, 7.25, 8.5 ], "texture": "#mesh_atlas" },
				"north": { "uv": [ 8.375, 10.75, 8.125, 11 ], "texture": "#mesh_atlas" },
				"south": { "uv": [ 8.125, 12, 8.375, 12.25 ], "texture": "#mesh_atlas" },
				"west": { "uv": [ 6.625, 8.875, 7, 9.125 ], "texture": "#mesh_atlas" },
				"east": { "uv": [ 6.625, 8.875, 6.25, 9.125 ], "texture": "#mesh_atlas" }
			}
		},
		{
			"__comment": "Voxels",
			"from": [ 12, 12, 15 ],
			"to": [ 14, 14, 18 ],
			"faces": {
				"down": { "uv": [ 6.5, 8.125, 6.75, 8.5 ], "texture": "#mesh_atlas" },
				"up": { "uv": [ 6.75, 8.5, 7, 8.125 ], "texture": "#mesh_atlas" },
				"north": { "uv": [ 8.375, 13.25, 8.125, 13.5 ], "texture": "#mesh_atlas" },
				"south": { "uv": [ 8.125, 13.5, 8.375, 13.75 ], "texture": "#mesh_atlas" },
				"west": { "uv": [ 7.75, 14.75, 8.125, 15 ], "texture": "#mesh_atlas" },
				"east": { "uv": [ 8.125, 14.5, 7.75, 14.75 ], "texture": "#mesh_atlas" }
			}
		},
		{
			"__comment": "Voxels",
			"from": [ 12, 15, 2 ],
			"to": [ 14, 18, 4 ],
			"faces": {
				"down": { "uv": [ 8.125, 9.5, 8.375, 9.75 ], "texture": "#mesh_atlas" },
				"up": { "uv": [ 8.125, 10, 8.375, 9.75 ], "texture": "#mesh_atlas" },
				"north": { "uv": [ 7.25, 8.125, 7, 8.5 ], "texture": "#mesh_atlas" },
				"south": { "uv": [ 7.75, 14.125, 8, 14.5 ], "texture": "#mesh_atlas" },
				"west": { "uv": [ 7.75, 13.75, 8, 14.125 ], "texture": "#mesh_atlas" },
				"east": { "uv": [ 8, 13.375, 7.75, 13.75 ], "texture": "#mesh_atlas" }
			}
		},
		{
			"__comment": "Voxels",
			"from": [ 12, 15, 12 ],
			"to": [ 14, 18, 14 ],
			"faces": {
				"down": { "uv": [ 8.125, 12.25, 8.375, 12.5 ], "texture": "#mesh_atlas" },
				"up": { "uv": [ 8.125, 12.75, 8.375, 12.5 ], "texture": "#mesh_atlas" },
				"north": { "uv": [ 8, 13, 7.75, 13.375 ], "texture": "#mesh_atlas" },
				"south": { "uv": [ 7.75, 12.625, 8, 13 ], "texture": "#mesh_atlas" },
				"west": { "uv": [ 7.75, 12.25, 8, 12.625 ], "texture": "#mesh_atlas" },
				"east": { "uv": [ 8, 11.875, 7.75, 12.25 ], "texture": "#mesh_atlas" }
			}
		},
		{
			"__comment": "Voxels",
			"from": [ 12, 18, 1 ],
			"to": [ 14, 19, 2 ],
			"faces": {
				"down": { "uv": [ 8.375, 13.125, 8.625, 13.25 ], "texture": "#mesh_atlas" },
				"up": { "uv": [ 8.375, 12.125, 8.625, 12 ], "texture": "#mesh_atlas" },
				"north": { "uv": [ 8.625, 11.875, 8.375, 12 ], "texture": "#mesh_atlas" },
				"south": { "uv": [ 8.375, 11.75, 8.625, 11.875 ], "texture": "#mesh_atlas" },
				"west": { "uv": [ 7.5, 8, 7.625, 8.125 ], "texture": "#mesh_atlas" },
				"east": { "uv": [ 7.75, 11.625, 7.625, 11.75 ], "texture": "#mesh_atlas" }
			}
		},
		{
			"__comment": "Voxels",
			"from": [ 12, 18, 4 ],
			"to": [ 14, 19, 5 ],
			"faces": {
				"down": { "uv": [ 8.375, 11.625, 8.625, 11.75 ], "texture": "#mesh_atlas" },
				"up": { "uv": [ 8.375, 11.625, 8.625, 11.5 ], "texture": "#mesh_atlas" },
				"north": { "uv": [ 8.625, 11.375, 8.375, 11.5 ], "texture": "#mesh_atlas" },
				"south": { "uv": [ 8.375, 11.25, 8.625, 11.375 ], "texture": "#mesh_atlas" },
				"west": { "uv": [ 7.625, 10.75, 7.75, 10.875 ], "texture": "#mesh_atlas" },
				"east": { "uv": [ 7.75, 10.625, 7.625, 10.75 ], "texture": "#mesh_atlas" }
			}
		},
		{
			"__comment": "Voxels",
			"from": [ 12, 18, 11 ],
			"to": [ 14, 19, 12 ],
			"faces": {
				"down": { "uv": [ 8.375, 11.125, 8.625, 11.25 ], "texture": "#mesh_atlas" },
				"up": { "uv": [ 8.375, 11.125, 8.625, 11 ], "texture": "#mesh_atlas" },
				"north": { "uv": [ 8.625, 10.875, 8.375, 11 ], "texture": "#mesh_atlas" },
				"south": { "uv": [ 8.375, 10.75, 8.625, 10.875 ], "texture": "#mesh_atlas" },
				"west": { "uv": [ 8, 14.375, 8.125, 14.5 ], "texture": "#mesh_atlas" },
				"east": { "uv": [ 8.125, 14.25, 8, 14.375 ], "texture": "#mesh_atlas" }
			}
		},
		{
			"__comment": "Voxels",
			"from": [ 12, 18, 14 ],
			"to": [ 14, 19, 15 ],
			"faces": {
				"down": { "uv": [ 8.375, 10.625, 8.625, 10.75 ], "texture": "#mesh_atlas" },
				"up": { "uv": [ 8.375, 10.625, 8.625, 10.5 ], "texture": "#mesh_atlas" },
				"north": { "uv": [ 8.625, 10.375, 8.375, 10.5 ], "texture": "#mesh_atlas" },
				"south": { "uv": [ 8.375, 10.25, 8.625, 10.375 ], "texture": "#mesh_atlas" },
				"west": { "uv": [ 6.5, 9.375, 6.625, 9.5 ], "texture": "#mesh_atlas" },
				"east": { "uv": [ 8.125, 13.375, 8, 13.5 ], "texture": "#mesh_atlas" }
			}
		},
		{
			"__comment": "Voxels",
			"from": [ 12, 19, 2 ],
			"to": [ 14, 20, 4 ],
			"faces": {
				"down": { "uv": [ 8.125, 14, 8.375, 14.25 ], "texture": "#mesh_atlas" },
				"up": { "uv": [ 8.125, 14.5, 8.375, 14.25 ], "texture": "#mesh_atlas" },
				"north": { "uv": [ 8.625, 9.25, 8.375, 9.375 ], "texture": "#mesh_atlas" },
				"south": { "uv": [ 8.375, 10.125, 8.625, 10.25 ], "texture": "#mesh_atlas" },
				"west": { "uv": [ 8.375, 10, 8.625, 10.125 ], "texture": "#mesh_atlas" },
				"east": { "uv": [ 8.625, 9.875, 8.375, 10 ], "texture": "#mesh_atlas" }
			}
		},
		{
			"__comment": "Voxels",
			"from": [ 12, 19, 12 ],
			"to": [ 14, 20, 14 ],
			"faces": {
				"down": { "uv": [ 8.125, 14.75, 8.375, 15 ], "texture": "#mesh_atlas" },
				"up": { "uv": [ 7.75, 8.375, 8, 8.125 ], "texture": "#mesh_atlas" },
				"north": { "uv": [ 8.625, 9.75, 8.375, 9.875 ], "texture": "#mesh_atlas" },
				"south": { "uv": [ 8.375, 9.625, 8.625, 9.75 ], "texture": "#mesh_atlas" },
				"west": { "uv": [ 8.375, 9.5, 8.625, 9.625 ], "texture": "#mesh_atlas" },
				"east": { "uv": [ 8.625, 9.375, 8.375, 9.5 ], "texture": "#mesh_atlas" }
			}
		},
		{
			"__comment": "Voxels",
			"from": [ 14, 2, 1 ],
			"to": [ 15, 4, 2 ],
			"faces": {
				"down": { "uv": [ 7.625, 11.25, 7.75, 11.375 ], "texture": "#mesh_atlas" },
				"up": { "uv": [ 7.625, 11.25, 7.75, 11.125 ], "texture": "#mesh_atlas" },
				"north": { "uv": [ 5.625, 8.125, 5.5, 8.375 ], "texture": "#mesh_atlas" },
				"south": { "uv": [ 5.625, 9.125, 5.75, 9.375 ], "texture": "#mesh_atlas" },
				"west": { "uv": [ 5.625, 8.875, 5.75, 9.125 ], "texture": "#mesh_atlas" },
				"east": { "uv": [ 5.75, 8.625, 5.625, 8.875 ], "texture": "#mesh_atlas" }
			}
		},
		{
			"__comment": "Voxels",
			"from": [ 14, 12, 1 ],
			"to": [ 15, 14, 2 ],
			"faces": {
				"down": { "uv": [ 7.625, 10.5, 7.75, 10.625 ], "texture": "#mesh_atlas" },
				"up": { "uv": [ 7.625, 10.5, 7.75, 10.375 ], "texture": "#mesh_atlas" },
				"north": { "uv": [ 5.75, 8.375, 5.625, 8.625 ], "texture": "#mesh_atlas" },
				"south": { "uv": [ 5.625, 8.125, 5.75, 8.375 ], "texture": "#mesh_atlas" },
				"west": { "uv": [ 7.25, 8, 7.375, 8.25 ], "texture": "#mesh_atlas" },
				"east": { "uv": [ 5.625, 8.375, 5.5, 8.625 ], "texture": "#mesh_atlas" }
			}
		},
		{
			"__comment": "Voxels",
			"from": [ 15, 0, 1 ],
			"to": [ 16, 1, 15 ],
			"faces": {
				"down": { "uv": [ 7.25, 10, 7.375, 11.75 ], "texture": "#mesh_atlas" },
				"up": { "uv": [ 7, 11.25, 7.125, 9.5 ], "texture": "#mesh_atlas" },
				"north": { "uv": [ 7.75, 9.5, 7.625, 9.625 ], "texture": "#mesh_atlas" },
				"south": { "uv": [ 7.625, 9.375, 7.75, 9.5 ], "texture": "#mesh_atlas" },
				"west": { "uv": [ 7.25, 15.25, 9, 15.375 ], "texture": "#mesh_atlas" },
				"east": { "uv": [ 10.75, 15.375, 9, 15.5 ], "texture": "#mesh_atlas" }
			}
		},
		{
			"__comment": "Voxels",
			"from": [ 15, 1, 0 ],
			"to": [ 16, 15, 1 ],
			"faces": {
				"down": { "uv": [ 7.625, 9, 7.75, 9.125 ], "texture": "#mesh_atlas" },
				"up": { "uv": [ 7.625, 9, 7.75, 8.875 ], "texture": "#mesh_atlas" },
				"north": { "uv": [ 6.875, 9.5, 6.75, 11.25 ], "texture": "#mesh_atlas" },
				"south": { "uv": [ 6.875, 9.5, 7, 11.25 ], "texture": "#mesh_atlas" },
				"west": { "uv": [ 7.125, 9.5, 7.25, 11.25 ], "texture": "#mesh_atlas" },
				"east": { "uv": [ 7.375, 13.5, 7.25, 15.25 ], "texture": "#mesh_atlas" }
			}
		},
		{
			"__comment": "Voxels",
			"from": [ 15, 1, 15 ],
			"to": [ 16, 15, 16 ],
			"faces": {
				"down": { "uv": [ 7.625, 8.25, 7.75, 8.375 ], "texture": "#mesh_atlas" },
				"up": { "uv": [ 7.625, 8.25, 7.75, 8.125 ], "texture": "#mesh_atlas" },
				"north": { "uv": [ 7.375, 11.75, 7.25, 13.5 ], "texture": "#mesh_atlas" },
				"south": { "uv": [ 7.375, 8.125, 7.5, 9.875 ], "texture": "#mesh_atlas" },
				"west": { "uv": [ 7.375, 9.875, 7.5, 11.625 ], "texture": "#mesh_atlas" },
				"east": { "uv": [ 7.5, 11.625, 7.375, 13.375 ], "texture": "#mesh_atlas" }
			}
		},
		{
			"__comment": "Voxels",
			"from": [ 15, 15, 1 ],
			"to": [ 16, 16, 15 ],
			"faces": {
				"down": { "uv": [ 7.375, 13.375, 7.5, 15.125 ], "texture": "#mesh_atlas" },
				"up": { "uv": [ 7.25, 10, 7.375, 8.25 ], "texture": "#mesh_atlas" },
				"north": { "uv": [ 8.125, 13.75, 8, 13.875 ], "texture": "#mesh_atlas" },
				"south": { "uv": [ 8, 13.625, 8.125, 13.75 ], "texture": "#mesh_atlas" },
				"west": { "uv": [ 12.625, 15.125, 14.375, 15.25 ], "texture": "#mesh_atlas" },
				"east": { "uv": [ 12.625, 15.125, 10.875, 15.25 ], "texture": "#mesh_atlas" }
			}
		}
	]
}