{
    "variants": {
        "normal": [
		    { "model": "lucky:lucky_block_technik", "weight": 1},
		    { "model": "lucky:lucky_block_technik", "y": 90 },
			{ "model": "lucky:lucky_block_technik", "y": 180 },
			{ "model": "lucky:lucky_block_technik", "y": 270 },
		    { "model": "lucky:lucky_block_technik_2", "weight": 1 },
			{ "model": "lucky:lucky_block_technik_2", "y": 90 },
			{ "model": "lucky:lucky_block_technik_2", "y": 180 },
			{ "model": "lucky:lucky_block_technik_2", "y": 270 },
		    { "model": "lucky:lucky_block_technik_3", "weight": 1 },
			{ "model": "lucky:lucky_block_technik_3", "y": 90 },
			{ "model": "lucky:lucky_block_technik_3", "y": 180 },
			{ "model": "lucky:lucky_block_technik_3", "y": 270 },
		    { "model": "lucky:lucky_block_technik_4", "weight": 1 },
			{ "model": "lucky:lucky_block_technik_4", "y": 90 },
			{ "model": "lucky:lucky_block_technik_4", "y": 180 },
			{ "model": "lucky:lucky_block_technik_4", "y": 270 },
		    { "model": "lucky:lucky_block_technik_5", "weight": 1 },
			{ "model": "lucky:lucky_block_technik_5", "y": 90 },
			{ "model": "lucky:lucky_block_technik_5", "y": 180 },
			{ "model": "lucky:lucky_block_technik_5", "y": 270 }
		]
    }
}
