{
    "textures": {
        "0": "lootplusplus:items/future_shovel"
    },
"display": {
    "thirdperson": {
        "rotation": [ 0, 90, -90 ],
        "translation": [ 0, 0.7, -7.2 ],
        "scale": [ 2, 2, 2 ]
    },
    "ground": {
        "rotation": [ 90, 0, 90 ],
        "translation": [ 1.9, -11, 0 ],
        "scale": [ 2, 2, 2 ]
    },
    "fixed": {
        "rotation": [ 0, 0, -45 ],
        "translation": [ -0.9, -0.9, 0 ],
        "scale": [ 2.4, 2.4, 2.4 ]
    },
    "firstperson": {
        "rotation": [ 0, -140, 0 ],
        "translation": [ 0, 7.4, 0 ],
        "scale": [ 2.4, 2.4, 2.4 ]
    },
    "gui": {
        "rotation": [ 30, -50, -50 ],
        "translation": [ 0, -0.25, -0.9 ],
        "scale": [ 1.7, 1.7, 1.7 ]
    }
},
    "elements": [
        {
            "name": "knuffel",
            "from": [ 7.45, 0.0, 7.45 ], 
            "to": [ 8.55, 1.1, 8.55 ], 
            "faces": {
                "north": { "texture": "#0", "uv": [ 1.0, 14.0, 2.1, 15.1 ] },
                "east": { "texture": "#0", "uv": [ 1.0, 14.0, 2.1, 15.1 ] },
                "south": { "texture": "#0", "uv": [ 1.0, 14.0, 2.1, 15.1 ] },
                "west": { "texture": "#0", "uv": [ 1.0, 14.0, 2.1, 15.1 ] },
                "up": { "texture": "#0", "uv": [ 1.0, 14.0, 2.1, 15.1 ] },
                "down": { "texture": "#0", "uv": [ 1.0, 14.0, 2.1, 15.1 ] }
            }
        },
        {
            "name": "griff",
            "from": [ 7.5, 1.0, 7.5 ], 
            "to": [ 8.5, 11.0, 8.5 ], 
            "faces": {
                "north": { "texture": "#0", "uv": [ 0.0, 3.0, 1.0, 13.0 ] },
                "east": { "texture": "#0", "uv": [ 0.0, 3.0, 1.0, 13.0 ] },
                "south": { "texture": "#0", "uv": [ 0.0, 3.0, 1.0, 13.0 ] },
                "west": { "texture": "#0", "uv": [ 0.0, 3.0, 1.0, 13.0 ] },
                "up": { "texture": "#0", "uv": [ 0.0, 3.0, 1.0, 4.0 ] },
                "down": { "texture": "#0", "uv": [ 0.0, 3.0, 1.0, 4.0 ] }
            }
        },
        {
            "name": "unten",
            "from": [ 5.5, 11.0, 7.5 ], 
            "to": [ 10.5, 12.0, 8.5 ], 
            "faces": {
                "north": { "texture": "#0", "uv": [ 10.0, 1.0, 15.0, 2.0 ] },
                "east": { "texture": "#0", "uv": [ 10.0, 1.0, 11.0, 2.0 ] },
                "south": { "texture": "#0", "uv": [ 10.0, 1.0, 15.0, 2.0 ] },
                "west": { "texture": "#0", "uv": [ 10.0, 1.0, 11.0, 2.0 ] },
                "up": { "texture": "#0", "uv": [ 10.0, 1.0, 15.0, 2.0 ] },
                "down": { "texture": "#0", "uv": [ 10.0, 1.0, 15.0, 2.0 ] }
            }
        },
        {
            "name": "seite",
            "from": [ 5.5, 12.0, 7.5 ], 
            "to": [ 6.5, 15.0, 8.5 ], 
            "faces": {
                "north": { "texture": "#0", "uv": [ 15.0, 0.0, 16.0, 3.0 ] },
                "east": { "texture": "#0", "uv": [ 15.0, 0.0, 16.0, 3.0 ] },
                "south": { "texture": "#0", "uv": [ 15.0, 0.0, 16.0, 3.0 ] },
                "west": { "texture": "#0", "uv": [ 15.0, 0.0, 16.0, 3.0 ] },
                "up": { "texture": "#0", "uv": [ 10.0, 1.0, 11.0, 2.0 ] },
                "down": { "texture": "#0", "uv": [ 10.0, 1.0, 11.0, 2.0 ] }
            }
        },
        {
            "name": "seite",
            "from": [ 9.5, 12.0, 7.5 ], 
            "to": [ 10.5, 15.0, 8.5 ], 
            "faces": {
                "north": { "texture": "#0", "uv": [ 15.0, 0.0, 16.0, 3.0 ] },
                "east": { "texture": "#0", "uv": [ 15.0, 0.0, 16.0, 3.0 ] },
                "south": { "texture": "#0", "uv": [ 15.0, 0.0, 16.0, 3.0 ] },
                "west": { "texture": "#0", "uv": [ 15.0, 0.0, 16.0, 3.0 ] },
                "up": { "texture": "#0", "uv": [ 10.0, 1.0, 11.0, 2.0 ] },
                "down": { "texture": "#0", "uv": [ 10.0, 1.0, 11.0, 2.0 ] }
            }
        },
        {
            "name": "oben seite",
            "from": [ 7.5, 15.0, 7.5 ], 
            "to": [ 9.5, 16.0, 8.5 ], 
            "rotation": { "origin": [ 8.79, 14.29, 8.0 ], "axis": "z", "angle": -45.0 },
            "faces": {
                "north": { "texture": "#0", "uv": [ 11.0, 1.0, 13.0, 2.0 ] },
                "east": { "texture": "#0", "uv": [ 10.0, 1.0, 11.0, 2.0 ] },
                "south": { "texture": "#0", "uv": [ 10.0, 1.0, 12.0, 2.0 ] },
                "west": { "texture": "#0", "uv": [ 10.0, 1.0, 11.0, 2.0 ] },
                "up": { "texture": "#0", "uv": [ 10.0, 1.0, 12.0, 2.0 ] },
                "down": { "texture": "#0", "uv": [ 10.0, 1.0, 12.0, 2.0 ] }
            }
        },
        {
            "name": "oben seite",
            "from": [ 7.5, 15.0, 7.5 ], 
            "to": [ 9.5, 16.0, 8.5 ], 
            "rotation": { "origin": [ 7.710000000000001, 13.085, 8.0 ], "axis": "z", "angle": 45.0 },
            "faces": {
                "north": { "texture": "#0", "uv": [ 10.0, 1.0, 12.0, 2.0 ] },
                "east": { "texture": "#0", "uv": [ 10.0, 1.0, 11.0, 2.0 ] },
                "south": { "texture": "#0", "uv": [ 10.0, 1.0, 12.0, 2.0 ] },
                "west": { "texture": "#0", "uv": [ 10.0, 1.0, 11.0, 2.0 ] },
                "up": { "texture": "#0", "uv": [ 10.0, 2.0, 12.0, 3.0 ] },
                "down": { "texture": "#0", "uv": [ 10.0, 1.0, 12.0, 2.0 ] }
            }
        },
        {
            "name": "oben",
            "from": [ 6.915, 15.412, 7.5 ], 
            "to": [ 9.087, 16.412, 8.5 ], 
            "faces": {
                "north": { "texture": "#0", "uv": [ 10.0, 1.0, 12.172, 2.0 ] },
                "east": { "texture": "#0", "uv": [ 10.0, 1.0, 11.0, 2.0 ] },
                "south": { "texture": "#0", "uv": [ 10.0, 1.0, 12.172, 2.0 ] },
                "west": { "texture": "#0", "uv": [ 10.0, 1.0, 11.0, 2.0 ] },
                "up": { "texture": "#0", "uv": [ 10.0, 1.0, 12.172, 2.0 ] },
                "down": { "texture": "#0", "uv": [ 10.0, 1.0, 12.172, 2.0 ] }
            }
        },
        {
            "name": "plasma main",
            "from": [ 6.5, 12.0, 7.55 ], 
            "to": [ 9.5, 17.0, 8.45 ], 
            "faces": {
                "north": { "texture": "#0", "uv": [ 13.0, 5.0, 16.0, 10.0 ] },
                "east": { "texture": "#0", "uv": [ 12.0, 5.0, 12.9, 10.0 ] },
                "south": { "texture": "#0", "uv": [ 9.0, 5.0, 12.0, 10.0 ] },
                "west": { "texture": "#0", "uv": [ 8.0, 5.0, 8.9, 10.0 ] },
                "up": { "texture": "#0", "uv": [ 13.0, 4.0, 16.0, 4.9 ] },
                "down": { "texture": "#0", "uv": [ 13.0, 10.0, 16.0, 10.9 ] }
            }
        },
        {
            "name": "plasma oben seite",
            "from": [ 7.5, 16.0, 7.55 ], 
            "to": [ 9.5, 17.0, 8.45 ], 
            "rotation": { "origin": [ 8.5, 14.59, 8.0 ], "axis": "z", "angle": -45.0 },
            "faces": {
                "north": { "texture": "#0", "uv": [ 1.0, 0.0, 3.0, 1.0 ] },
                "east": { "texture": "#0", "uv": [ 0.0, 0.0, 0.9, 1.0 ] },
                "south": { "texture": "#0", "uv": [ 1.0, 2.0, 3.0, 3.0 ] },
                "west": { "texture": "#0", "uv": [ 3.0, 0.0, 3.9, 1.0 ] },
                "up": { "texture": "#0", "uv": [ 1.0, 3.0, 3.0, 3.9 ] },
                "down": { "texture": "#0", "uv": [ 1.0, 1.0, 3.0, 1.9 ] }
            }
        },
        {
            "name": "plasma oben seite",
            "from": [ 7.33, 15.0, 7.55 ], 
            "to": [ 9.33, 16.0, 8.45 ], 
            "rotation": { "origin": [ 6.710000000000001, 13.085, 8.0 ], "axis": "z", "angle": 45.0 },
            "faces": {
                "north": { "texture": "#0", "uv": [ 6.0, 0.0, 8.0, 1.0 ] },
                "east": { "texture": "#0", "uv": [ 8.0, 0.0, 8.9, 1.0 ] },
                "south": { "texture": "#0", "uv": [ 6.0, 2.0, 8.0, 3.0 ] },
                "west": { "texture": "#0", "uv": [ 5.0, 0.0, 5.9, 1.0 ] },
                "up": { "texture": "#0", "uv": [ 6.0, 3.0, 8.0, 3.9 ] },
                "down": { "texture": "#0", "uv": [ 6.0, 1.0, 8.0, 1.9 ] }
            }
        },
        {
            "name": "seite plasma",
            "from": [ 5.088, 11.0, 7.55 ], 
            "to": [ 6.088, 15.585, 8.45 ], 
            "faces": {
                "north": { "texture": "#0", "uv": [ 1.0, 6.0, 2.0, 10.585 ] },
                "east": { "texture": "#0", "uv": [ 2.0, 6.0, 2.9, 10.585 ] },
                "south": { "texture": "#0", "uv": [ 3.0, 6.0, 4.0, 10.585 ] },
                "west": { "texture": "#0", "uv": [ 4.0, 6.0, 4.9, 10.585 ] },
                "up": { "texture": "#0", "uv": [ 1.0, 5.0, 2.0, 5.9 ] },
                "down": { "texture": "#0", "uv": [ 1.0, 11.0, 2.0, 11.9 ] }
            }
        },
        {
            "name": "seite plasma",
            "from": [ 9.912, 11.0, 7.55 ], 
            "to": [ 10.912, 15.585, 8.45 ], 
            "faces": {
                "north": { "texture": "#0", "uv": [ 6.0, 11.0, 7.0, 15.585 ] },
                "east": { "texture": "#0", "uv": [ 7.0, 11.0, 7.9, 15.585 ] },
                "south": { "texture": "#0", "uv": [ 8.0, 11.0, 9.0, 15.585 ] },
                "west": { "texture": "#0", "uv": [ 9.0, 11.0, 9.9, 15.585 ] },
                "up": { "texture": "#0", "uv": [ 11.0, 15.0, 12.0, 15.9 ] },
                "down": { "texture": "#0", "uv": [ 5.0, 15.0, 6.0, 15.9 ] }
            }
        }
    ]
}