{
    "textures": {
        "0": "lootplusplus:items/future_axe"
    },
"display": {
    "thirdperson": {
        "rotation": [ 180, 90, -90 ],
        "translation": [ 0, 0.7, -7.2 ],
        "scale": [ 2, 2, 2 ]
    },
    "ground": {
        "rotation": [ 90, 0, 90 ],
        "translation": [ 1.9, -11, 0 ],
        "scale": [ 2, 2, 2 ]
    },
    "fixed": {
        "rotation": [ 0, 0, -45 ],
        "translation": [ -0.9, -0.9, 0 ],
        "scale": [ 2.4, 2.4, 2.4 ]
    },
    "firstperson": {
        "rotation": [ 0, 40, 0 ],
        "translation": [ 0, 7.4, 0 ],
        "scale": [ 3.4, 3.4, 3.4 ]
    },
    "gui": {
        "rotation": [ 30, -50, -50 ],
        "translation": [ 0, -0.25, -0.9 ],
        "scale": [ 1.9, 1.9, 1.9 ]
    }
},
    "elements": [
        {
            "name": "Knuppel",
            "from": [ 7.45, 0.0, 7.45 ], 
            "to": [ 8.55, 1.1, 8.55 ], 
            "faces": {
                "north": { "texture": "#0", "uv": [ 1.0, 14.0, 2.1, 15.1 ] },
                "east": { "texture": "#0", "uv": [ 1.0, 14.0, 2.1, 15.1 ] },
                "south": { "texture": "#0", "uv": [ 1.0, 14.0, 2.1, 15.1 ] },
                "west": { "texture": "#0", "uv": [ 1.0, 14.0, 2.1, 15.1 ] },
                "up": { "texture": "#0", "uv": [ 1.0, 14.0, 2.1, 15.1 ] },
                "down": { "texture": "#0", "uv": [ 1.0, 14.0, 2.1, 15.1 ] }
            }
        },
        {
            "name": "griff",
            "from": [ 7.5, 1.0, 7.495 ], 
            "to": [ 8.5, 14.0, 8.505 ], 
            "faces": {
                "north": { "texture": "#0", "uv": [ 0.0, 0.0, 1.0, 13.0 ] },
                "east": { "texture": "#0", "uv": [ 0.0, 0.0, 1.01, 13.0 ] },
                "south": { "texture": "#0", "uv": [ 0.0, 0.0, 1.0, 13.0 ] },
                "west": { "texture": "#0", "uv": [ 0.0, 0.0, 1.01, 13.0 ] },
                "up": { "texture": "#0", "uv": [ 0.0, 0.0, 1.0, 1.01 ] },
                "down": { "texture": "#0", "uv": [ 0.0, 0.0, 1.0, 1.01 ] }
            }
        },
        {
            "name": "hinten",
            "from": [ 7.0, 11.0, 7.5 ], 
            "to": [ 8.0, 13.5, 8.5 ], 
            "faces": {
                "north": { "texture": "#0", "uv": [ 4.0, 13.0, 5.0, 15.5 ] },
                "east": { "texture": "#0", "uv": [ 4.0, 13.0, 5.0, 15.5 ] },
                "south": { "texture": "#0", "uv": [ 4.0, 13.0, 5.0, 15.5 ] },
                "west": { "texture": "#0", "uv": [ 4.0, 13.0, 5.0, 15.5 ] },
                "up": { "texture": "#0", "uv": [ 4.0, 13.0, 5.0, 14.0 ] },
                "down": { "texture": "#0", "uv": [ 4.0, 13.0, 5.0, 14.0 ] }
            }
        },
        {
            "name": "ganz hinten",
            "from": [ 6.0, 12.0, 7.5 ], 
            "to": [ 7.0, 13.0, 8.5 ], 
            "rotation": { "origin": [ 5.74, 13.25, 8.0 ], "axis": "z", "angle": 22.5 },
            "faces": {
                "north": { "texture": "#0", "uv": [ 4.0, 13.0, 5.0, 14.0 ] },
                "east": { "texture": "#0", "uv": [ 4.0, 13.0, 5.0, 14.0 ] },
                "south": { "texture": "#0", "uv": [ 4.0, 13.0, 5.0, 14.0 ] },
                "west": { "texture": "#0", "uv": [ 4.0, 13.0, 5.0, 14.0 ] },
                "up": { "texture": "#0", "uv": [ 4.0, 13.0, 5.0, 14.0 ] },
                "down": { "texture": "#0", "uv": [ 4.0, 13.0, 5.0, 14.0 ] }
            }
        },
        {
            "name": "ganz hinten 2",
            "from": [ 5.0, 10.0, 7.5 ], 
            "to": [ 6.0, 11.0, 8.5 ], 
            "rotation": { "origin": [ 9.01, 7.99, 8.0 ], "axis": "z", "angle": -22.5 },
            "faces": {
                "north": { "texture": "#0", "uv": [ 4.0, 13.0, 5.0, 14.0 ] },
                "east": { "texture": "#0", "uv": [ 4.0, 13.0, 5.0, 14.0 ] },
                "south": { "texture": "#0", "uv": [ 4.0, 13.0, 5.0, 14.0 ] },
                "west": { "texture": "#0", "uv": [ 4.0, 13.0, 5.0, 14.0 ] },
                "up": { "texture": "#0", "uv": [ 4.0, 13.0, 5.0, 14.0 ] },
                "down": { "texture": "#0", "uv": [ 4.0, 13.0, 5.0, 14.0 ] }
            }
        },
        {
            "name": "hintenplsama",
            "from": [ 6.5, 11.75, 7.55 ], 
            "to": [ 7.5, 12.75, 8.45 ], 
            "faces": {
                "north": { "texture": "#0", "uv": [ 1.0, 12.0, 2.0, 13.0 ] },
                "east": { "texture": "#0", "uv": [ 1.0, 12.0, 1.9, 13.0 ] },
                "south": { "texture": "#0", "uv": [ 1.0, 12.0, 2.0, 13.0 ] },
                "west": { "texture": "#0", "uv": [ 1.0, 12.0, 1.9, 13.0 ] },
                "up": { "texture": "#0", "uv": [ 1.0, 12.0, 2.0, 12.9 ] },
                "down": { "texture": "#0", "uv": [ 1.0, 12.0, 2.0, 12.9 ] }
            }
        },
        {
            "name": "vorne",
            "from": [ 8.0, 10.75, 7.5 ], 
            "to": [ 9.0, 13.75, 8.5 ], 
            "faces": {
                "north": { "texture": "#0", "uv": [ 4.0, 13.0, 5.0, 16.0 ] },
                "east": { "texture": "#0", "uv": [ 4.0, 13.0, 5.0, 16.0 ] },
                "south": { "texture": "#0", "uv": [ 4.0, 13.0, 5.0, 16.0 ] },
                "west": { "texture": "#0", "uv": [ 5.0, 13.0, 6.0, 16.0 ] },
                "up": { "texture": "#0", "uv": [ 4.0, 13.0, 5.0, 14.0 ] },
                "down": { "texture": "#0", "uv": [ 4.0, 13.0, 5.0, 14.0 ] }
            }
        },
        {
            "name": "klinge unten",
            "from": [ 8.5, 8.0, 7.5 ], 
            "to": [ 11.49, 9.0, 8.5 ], 
            "rotation": { "origin": [ 16.0, 10.0, 8.0 ], "axis": "z", "angle": -22.5 },
            "faces": {
                "north": { "texture": "#0", "uv": [ 3.0, 13.0, 5.99, 14.0 ] },
                "east": { "texture": "#0", "uv": [ 4.0, 13.0, 5.0, 14.0 ] },
                "south": { "texture": "#0", "uv": [ 3.0, 13.0, 5.99, 14.0 ] },
                "west": { "texture": "#0", "uv": [ 4.0, 13.0, 5.0, 14.0 ] },
                "up": { "texture": "#0", "uv": [ 3.0, 13.0, 5.99, 14.0 ] },
                "down": { "texture": "#0", "uv": [ 3.0, 13.0, 5.99, 14.0 ] }
            }
        },
        {
            "name": "klinge oben",
            "from": [ 8.5, 8.0, 7.5 ], 
            "to": [ 11.4, 9.0, 8.5 ], 
            "rotation": { "origin": [ -3.0, 11.0, 8.0 ], "axis": "z", "angle": 22.5 },
            "faces": {
                "north": { "texture": "#0", "uv": [ 3.0, 13.0, 5.9, 14.0 ] },
                "east": { "texture": "#0", "uv": [ 4.0, 13.0, 5.0, 14.0 ] },
                "south": { "texture": "#0", "uv": [ 3.0, 13.0, 5.9, 14.0 ] },
                "west": { "texture": "#0", "uv": [ 4.0, 13.0, 5.0, 14.0 ] },
                "up": { "texture": "#0", "uv": [ 3.0, 13.0, 5.9, 14.0 ] },
                "down": { "texture": "#0", "uv": [ 3.0, 13.0, 5.9, 14.0 ] }
            }
        },
        {
            "name": "klinge vorne",
            "from": [ 10.45, 10.75, 7.5 ], 
            "to": [ 11.45, 13.75, 8.5 ], 
            "faces": {
                "north": { "texture": "#0", "uv": [ 4.0, 13.0, 5.0, 16.0 ] },
                "east": { "texture": "#0", "uv": [ 4.0, 13.0, 5.0, 16.0 ] },
                "south": { "texture": "#0", "uv": [ 4.0, 13.0, 5.0, 16.0 ] },
                "west": { "texture": "#0", "uv": [ 4.0, 13.0, 5.0, 16.0 ] },
                "up": { "texture": "#0", "uv": [ 4.0, 13.0, 5.0, 14.0 ] },
                "down": { "texture": "#0", "uv": [ 4.0, 13.0, 5.0, 14.0 ] }
            }
        },
        {
            "name": "plasmaklingevorne",
            "from": [ 9.0, 10.75, 7.55 ], 
            "to": [ 12.0, 13.75, 8.45 ], 
            "faces": {
                "north": { "texture": "#0", "uv": [ 13.0, 0.0, 16.0, 3.0 ] },
                "east": { "texture": "#0", "uv": [ 15.0, 0.0, 15.9, 3.0 ] },
                "south": { "texture": "#0", "uv": [ 13.0, 0.0, 16.0, 3.0 ] },
                "west": { "texture": "#0", "uv": [ 13.0, 0.0, 13.9, 3.0 ] },
                "up": { "texture": "#0", "uv": [ 13.0, 1.0, 16.0, 1.9 ] },
                "down": { "texture": "#0", "uv": [ 13.0, 1.0, 16.0, 1.9 ] }
            }
        },
        {
            "name": "plasmaklingeunten",
            "from": [ 11.015, 8.17, 7.55 ], 
            "to": [ 12.015, 9.17, 8.45 ], 
            "rotation": { "origin": [ 16.0, 10.0, 8.0 ], "axis": "z", "angle": -22.5 },
            "faces": {
                "north": { "texture": "#0", "uv": [ 11.0, 0.0, 12.0, 1.0 ] },
                "east": { "texture": "#0", "uv": [ 11.0, 0.0, 11.9, 1.0 ] },
                "south": { "texture": "#0", "uv": [ 11.0, 0.0, 12.0, 1.0 ] },
                "west": { "texture": "#0", "uv": [ 11.0, 0.0, 11.9, 1.0 ] },
                "up": { "texture": "#0", "uv": [ 11.0, 0.0, 12.0, 0.9 ] },
                "down": { "texture": "#0", "uv": [ 11.0, 0.0, 12.0, 0.9 ] }
            }
        },
        {
            "name": "plasmaklingeoben",
            "from": [ 11.0, 8.0, 7.55 ], 
            "to": [ 12.0, 9.0, 8.45 ], 
            "rotation": { "origin": [ -2.45, 10.88, 8.0 ], "axis": "z", "angle": 22.5 },
            "faces": {
                "north": { "texture": "#0", "uv": [ 11.0, 2.0, 12.0, 3.0 ] },
                "east": { "texture": "#0", "uv": [ 11.0, 2.0, 11.9, 3.0 ] },
                "south": { "texture": "#0", "uv": [ 11.0, 2.0, 12.0, 3.0 ] },
                "west": { "texture": "#0", "uv": [ 11.0, 2.0, 11.9, 3.0 ] },
                "up": { "texture": "#0", "uv": [ 11.0, 2.0, 12.0, 2.9 ] },
                "down": { "texture": "#0", "uv": [ 11.0, 2.0, 12.0, 2.9 ] }
            }
        }
    ]
}