{
    "textures": {
        "layer0": "lootplusplus:items/future_shot",
	"particle": "lootplusplus:items/future_shot"
    },
    "display": {
        "thirdperson": {
            "rotation": [ -90, 0, 0 ],
            "translation": [ 0, 1, -3 ],
            "scale": [ 4, 4, 4 ]
        },
        "firstperson": {
            "rotation": [ -90, 0, 0 ],
            "translation": [ 0, 4, 2 ],
            "scale": [ 4, 4, 4 ]
        },
        "gui": {
            "rotation": [ 0, 0, 0 ],
            "translation": [ 0, 0, 0 ],
            "scale": [ 4, 4, 4 ]
        },
        "ground": {
            "rotation": [ 0, 0, 0 ],
            "translation": [ 0, 0, 0 ],
            "scale": [ 4, 4, 4 ]
        },        
	    "fixed": {
            "rotation": [ 0, 0, 0 ],
            "translation": [ 0, 0, 0 ],
            "scale": [ 4, 4, 4 ]
        }
    },
    "elements": [
        {
            "name": "Cube",
            "from": [ 7.5, 0.0, 8.0 ], 
            "to": [ 8.5, 1.0, 16.0 ], 
            "faces": {
                "north": { "texture": "#0", "uv": [ 0.0, 0.0, 1.0, 1.0 ] },
                "east": { "texture": "#0", "uv": [ 0.0, 0.0, 8.0, 1.0 ] },
                "south": { "texture": "#0", "uv": [ 0.0, 0.0, 1.0, 1.0 ] },
                "west": { "texture": "#0", "uv": [ 0.0, 0.0, 8.0, 1.0 ] },
                "up": { "texture": "#0", "uv": [ 0.0, 0.0, 1.0, 8.0 ] },
                "down": { "texture": "#0", "uv": [ 0.0, 0.0, 1.0, 8.0 ] }
            }
        }
    ]
}
