{
    "textures": {
        "0": "lootplusplus:items/future_hoe"
    },
"display": {
    "thirdperson": {
        "rotation": [ 0, 90, -90 ],
        "translation": [ 0, 0.7, -7.2 ],
        "scale": [ 2, 2, 2 ]
    },
    "ground": {
        "rotation": [ 90, 0, 90 ],
        "translation": [ 1.9, -11, 0 ],
        "scale": [ 2, 2, 2 ]
    },
    "fixed": {
        "rotation": [ 0, 0, -45 ],
        "translation": [ -0.9, -0.9, 0 ],
        "scale": [ 2.4, 2.4, 2.4 ]
    },
    "firstperson": {
        "rotation": [ 0, -140, 0 ],
        "translation": [ 0, 7.4, 0 ],
        "scale": [ 2.4, 2.4, 2.4 ]
    },
    "gui": {
        "rotation": [ 30, -50, -50 ],
        "translation": [ 0, -0.25, -0.9 ],
        "scale": [ 1.7, 1.7, 1.7 ]
    }
},
    "elements": [
        {
            "name": "knauf",
            "from": [ 7.45, 0.0, 7.45 ], 
            "to": [ 8.55, 1.1, 8.55 ], 
            "faces": {
                "north": { "texture": "#0", "uv": [ 1.0, 14.0, 2.1, 15.1 ] },
                "east": { "texture": "#0", "uv": [ 1.0, 14.0, 2.1, 15.1 ] },
                "south": { "texture": "#0", "uv": [ 1.0, 14.0, 2.1, 15.1 ] },
                "west": { "texture": "#0", "uv": [ 1.0, 14.0, 2.1, 15.1 ] },
                "up": { "texture": "#0", "uv": [ 1.0, 14.0, 2.1, 15.1 ] },
                "down": { "texture": "#0", "uv": [ 1.0, 14.0, 2.1, 15.1 ] }
            }
        },
        {
            "name": "griff",
            "from": [ 7.5, 1.0, 7.5 ], 
            "to": [ 8.5, 11.0, 8.5 ], 
            "faces": {
                "north": { "texture": "#0", "uv": [ 0.0, 3.0, 1.0, 13.0 ] },
                "east": { "texture": "#0", "uv": [ 0.0, 3.0, 1.0, 13.0 ] },
                "south": { "texture": "#0", "uv": [ 0.0, 3.0, 1.0, 13.0 ] },
                "west": { "texture": "#0", "uv": [ 0.0, 3.0, 1.0, 13.0 ] },
                "up": { "texture": "#0", "uv": [ 0.0, 3.0, 1.0, 4.0 ] },
                "down": { "texture": "#0", "uv": [ 0.0, 3.0, 1.0, 4.0 ] }
            }
        },
        {
            "name": "main",
            "from": [ 5.5, 11.0, 7.5 ], 
            "to": [ 9.5, 12.0, 8.5 ], 
            "faces": {
                "north": { "texture": "#0", "uv": [ 0.0, 0.0, 4.0, 1.0 ] },
                "east": { "texture": "#0", "uv": [ 0.0, 0.0, 1.0, 1.0 ] },
                "south": { "texture": "#0", "uv": [ 0.0, 0.0, 4.0, 1.0 ] },
                "west": { "texture": "#0", "uv": [ 0.0, 0.0, 1.0, 1.0 ] },
                "up": { "texture": "#0", "uv": [ 0.0, 0.0, 4.0, 1.0 ] },
                "down": { "texture": "#0", "uv": [ 0.0, 0.0, 4.0, 1.0 ] }
            }
        },
        {
            "name": "oben",
            "from": [ 7.5, 12.0, 7.5 ], 
            "to": [ 8.5, 13.0, 8.5 ], 
            "faces": {
                "north": { "texture": "#0", "uv": [ 0.0, 3.0, 1.0, 4.0 ] },
                "east": { "texture": "#0", "uv": [ 0.0, 3.0, 1.0, 4.0 ] },
                "south": { "texture": "#0", "uv": [ 0.0, 3.0, 1.0, 4.0 ] },
                "west": { "texture": "#0", "uv": [ 0.0, 3.0, 1.0, 4.0 ] },
                "up": { "texture": "#0", "uv": [ 0.0, 3.0, 1.0, 4.0 ] },
                "down": { "texture": "#0", "uv": [ 0.0, 3.0, 1.0, 4.0 ] }
            }
        },
        {
            "name": "spitze",
            "from": [ 5.49, 11.54, 7.5 ], 
            "to": [ 7.49, 12.54, 8.5 ], 
            "rotation": { "origin": [ 7.85, 7.27, 8.0 ], "axis": "z", "angle": 22.5 },
            "faces": {
                "north": { "texture": "#0", "uv": [ 0.0, 0.0, 2.0, 1.0 ] },
                "east": { "texture": "#0", "uv": [ 0.0, 0.0, 1.0, 1.0 ] },
                "south": { "texture": "#0", "uv": [ 0.0, 0.0, 2.0, 1.0 ] },
                "west": { "texture": "#0", "uv": [ 0.0, 0.0, 1.0, 1.0 ] },
                "up": { "texture": "#0", "uv": [ 0.0, 0.0, 2.0, 1.0 ] },
                "down": { "texture": "#0", "uv": [ 0.0, 0.0, 2.0, 1.0 ] }
            }
        },
        {
            "name": "plasmaspitze",
            "from": [ 2.0, 7.0, 7.55 ], 
            "to": [ 2.7, 7.7, 8.45 ], 
            "rotation": { "origin": [ 11.7, 5.25, 8.0 ], "axis": "z", "angle": -22.5 },
            "faces": {
                "north": { "texture": "#0", "uv": [ 0.0, 2.0, 0.7, 2.7 ] },
                "east": { "texture": "#0", "uv": [ 1.0, 2.0, 1.9, 2.7 ] },
                "south": { "texture": "#0", "uv": [ 2.0, 2.0, 2.7, 2.7 ] },
                "west": { "texture": "#0", "uv": [ 3.0, 2.0, 3.9000000000000004, 2.7 ] },
                "up": { "texture": "#0", "uv": [ 2.0, 1.0, 2.7, 1.9 ] },
                "down": { "texture": "#0", "uv": [ 2.0, 3.0, 2.7, 3.9 ] }
            }
        }
    ]
}