{
    "textures": {
        "0": "lootplusplus:items/future_pickaxe"
    },
"display": {
    "thirdperson": {
        "rotation": [ 0, 90, -90 ],
        "translation": [ 0, 0.7, -7.2 ],
        "scale": [ 2, 2, 2 ]
    },
    "ground": {
        "rotation": [ 90, 0, 90 ],
        "translation": [ 1.9, -11, 0 ],
        "scale": [ 2, 2, 2 ]
    },
    "fixed": {
        "rotation": [ 0, 0, -45 ],
        "translation": [ -0.9, -0.9, 0 ],
        "scale": [ 2.4, 2.4, 2.4 ]
    },
    "firstperson": {
        "rotation": [ 0, -140, 0 ],
        "translation": [ 0, 7.4, 0 ],
        "scale": [ 2.4, 2.4, 2.4 ]
    },
    "gui": {
        "rotation": [ 30, -50, -50 ],
        "translation": [ 0, -0.25, -0.9 ],
        "scale": [ 1.7, 1.7, 1.7 ]
    }
},
    "elements": [
        {
            "name": "Knuppel",
            "from": [ 7.45, 0.0, 7.45 ], 
            "to": [ 8.55, 1.1, 8.55 ], 
            "faces": {
                "north": { "texture": "#0", "uv": [ 1.0, 14.0, 2.1, 15.1 ] },
                "east": { "texture": "#0", "uv": [ 1.0, 14.0, 2.1, 15.1 ] },
                "south": { "texture": "#0", "uv": [ 1.0, 14.0, 2.1, 15.1 ] },
                "west": { "texture": "#0", "uv": [ 1.0, 14.0, 2.1, 15.1 ] },
                "up": { "texture": "#0", "uv": [ 1.0, 14.0, 2.1, 15.1 ] },
                "down": { "texture": "#0", "uv": [ 1.0, 14.0, 2.1, 15.1 ] }
            }
        },
        {
            "name": "griff",
            "from": [ 7.5, 1.0, 7.475 ], 
            "to": [ 8.5, 12.0, 8.525 ], 
            "faces": {
                "north": { "texture": "#0", "uv": [ 1.0, 0.0, 2.0, 11.0 ] },
                "east": { "texture": "#0", "uv": [ 1.0, 0.0, 2.05, 11.0 ] },
                "south": { "texture": "#0", "uv": [ 1.0, 0.0, 2.0, 11.0 ] },
                "west": { "texture": "#0", "uv": [ 1.0, 0.0, 2.05, 11.0 ] },
                "up": { "texture": "#0", "uv": [ 1.0, 0.0, 2.0, 1.05 ] },
                "down": { "texture": "#0", "uv": [ 1.0, 0.0, 2.0, 1.05 ] }
            }
        },
        {
            "name": "main",
            "from": [ 5.5, 10.0, 7.5 ], 
            "to": [ 10.5, 11.0, 8.5 ], 
            "faces": {
                "north": { "texture": "#0", "uv": [ 10.0, 1.0, 15.0, 2.0 ] },
                "east": { "texture": "#0", "uv": [ 10.0, 1.0, 11.0, 2.0 ] },
                "south": { "texture": "#0", "uv": [ 10.0, 1.0, 15.0, 2.0 ] },
                "west": { "texture": "#0", "uv": [ 10.0, 1.0, 11.0, 2.0 ] },
                "up": { "texture": "#0", "uv": [ 10.0, 1.0, 15.0, 2.0 ] },
                "down": { "texture": "#0", "uv": [ 10.0, 1.0, 15.0, 2.0 ] }
            }
        },
        {
            "name": "spitze",
            "from": [ 2.5, 9.0, 7.5 ], 
            "to": [ 5.5, 10.0, 8.5 ], 
            "rotation": { "origin": [ 2.985, 10.5, 8.0 ], "axis": "z", "angle": 22.5 },
            "faces": {
                "north": { "texture": "#0", "uv": [ 11.0, 1.0, 14.0, 2.0 ] },
                "east": { "texture": "#0", "uv": [ 12.0, 1.0, 13.0, 2.0 ] },
                "south": { "texture": "#0", "uv": [ 11.0, 1.0, 14.0, 2.0 ] },
                "west": { "texture": "#0", "uv": [ 10.0, 1.0, 11.0, 2.0 ] },
                "up": { "texture": "#0", "uv": [ 10.0, 1.0, 13.0, 2.0 ] },
                "down": { "texture": "#0", "uv": [ 11.0, 1.0, 14.0, 2.0 ] }
            }
        },
        {
            "name": "spize2",
            "from": [ 9.5, 10.5, 7.5 ], 
            "to": [ 12.5, 11.5, 8.5 ], 
            "rotation": { "origin": [ 8.742, 8.75, 8.0 ], "axis": "z", "angle": -22.5 },
            "faces": {
                "north": { "texture": "#0", "uv": [ 10.0, 1.0, 13.0, 2.0 ] },
                "east": { "texture": "#0", "uv": [ 10.0, 1.0, 11.0, 2.0 ] },
                "south": { "texture": "#0", "uv": [ 10.0, 1.0, 13.0, 2.0 ] },
                "west": { "texture": "#0", "uv": [ 10.0, 1.0, 11.0, 2.0 ] },
                "up": { "texture": "#0", "uv": [ 10.0, 1.0, 13.0, 2.0 ] },
                "down": { "texture": "#0", "uv": [ 10.0, 1.0, 13.0, 2.0 ] }
            }
        },
        {
            "name": "obendeko",
            "from": [ 7.0, 11.0, 7.5 ], 
            "to": [ 8.5, 12.0, 8.5 ], 
            "rotation": { "origin": [ 8.0, 10.8, 8.0 ], "axis": "z", "angle": 45.0 },
            "faces": {
                "north": { "texture": "#0", "uv": [ 10.0, 1.0, 11.5, 2.0 ] },
                "east": { "texture": "#0", "uv": [ 10.0, 1.0, 11.0, 2.0 ] },
                "south": { "texture": "#0", "uv": [ 10.0, 1.0, 11.5, 2.0 ] },
                "west": { "texture": "#0", "uv": [ 10.0, 1.0, 11.0, 2.0 ] },
                "up": { "texture": "#0", "uv": [ 10.0, 1.0, 11.5, 2.0 ] },
                "down": { "texture": "#0", "uv": [ 10.0, 1.0, 11.5, 2.0 ] }
            }
        },
        {
            "name": "obendeko",
            "from": [ 7.0, 13.0, 7.5 ], 
            "to": [ 8.5, 14.0, 8.5 ], 
            "rotation": { "origin": [ 5.34, 11.2, 8.0 ], "axis": "z", "angle": -45.0 },
            "faces": {
                "north": { "texture": "#0", "uv": [ 10.0, 1.0, 11.5, 2.0 ] },
                "east": { "texture": "#0", "uv": [ 10.0, 1.0, 11.0, 2.0 ] },
                "south": { "texture": "#0", "uv": [ 10.0, 1.0, 11.5, 2.0 ] },
                "west": { "texture": "#0", "uv": [ 10.0, 1.0, 11.0, 2.0 ] },
                "up": { "texture": "#0", "uv": [ 10.0, 1.0, 11.5, 2.0 ] },
                "down": { "texture": "#0", "uv": [ 10.0, 1.0, 11.5, 2.0 ] }
            }
        },
        {
            "name": "plasma spitze",
            "from": [ 3.18, 5.16, 7.550000000000001 ], 
            "to": [ 3.88, 5.86, 8.450000000000001 ], 
            "rotation": { "origin": [ 13.0, 9.0, 8.0 ], "axis": "z", "angle": -22.5 },
            "faces": {
                "north": { "texture": "#0", "uv": [ 7.0, 5.0, 7.7, 5.7 ] },
                "east": { "texture": "#0", "uv": [ 6.0, 6.0, 6.9, 6.7 ] },
                "south": { "texture": "#0", "uv": [ 8.0, 6.0, 8.7, 6.7 ] },
                "west": { "texture": "#0", "uv": [ 7.0, 7.0, 7.9, 7.7 ] },
                "up": { "texture": "#0", "uv": [ 7.0, 8.0, 7.7, 8.9 ] },
                "down": { "texture": "#0", "uv": [ 7.0, 6.0, 7.7, 6.9 ] }
            }
        },
        {
            "name": "plasma spitze2",
            "from": [ 3.0, 5.4, 7.550000000000001 ], 
            "to": [ 3.7, 6.1000000000000005, 8.450000000000001 ], 
            "rotation": { "origin": [ -1.0, 32.0, 8.0 ], "axis": "z", "angle": 22.5 },
            "faces": {
                "north": { "texture": "#0", "uv": [ 12.0, 5.0, 12.7, 5.7 ] },
                "east": { "texture": "#0", "uv": [ 11.0, 6.0, 11.9, 6.7 ] },
                "south": { "texture": "#0", "uv": [ 13.0, 6.0, 13.7, 6.7 ] },
                "west": { "texture": "#0", "uv": [ 12.0, 7.0, 12.9, 7.7 ] },
                "up": { "texture": "#0", "uv": [ 12.0, 8.0, 12.7, 8.9 ] },
                "down": { "texture": "#0", "uv": [ 12.0, 6.0, 12.7, 6.9 ] }
            }
        }
    ]
}