{
    "__comment": "Model generated using MrCrayfish's Model Creator (http://mrcrayfish.com/modelcreator/)",
    "textures": {
        "particle": "lootplusplus:blocks/emerald_block.pizza_top",
        "0": "lootplusplus:blocks/emerald_block.pizza_side",
        "1": "lootplusplus:blocks/emerald_block.pizza_inner",
        "2": "lootplusplus:blocks/emerald_block.pizza_top",
        "3": "lootplusplus:blocks/emerald_block.pizza_bottom"
    },
    "elements": [
        {
            "name": "Element",
            "from": [ 2.0, 0.0, 1.0 ], 
            "to": [ 15.0, 3.0, 15.0 ], 
            "faces": {
                "north": { "texture": "#0", "uv": [ 2.0, 8.0, 14.0, 16.0 ] },
                "east": { "texture": "#0", "uv": [ 2.0, 8.0, 14.0, 16.0 ] },
                "south": { "texture": "#0", "uv": [ 2.0, 8.0, 14.0, 16.0 ] },
                "west": { "texture": "#1", "uv": [ 1.0, 13.0, 15.0, 16.0 ] },
                "up": { "texture": "#2", "uv": [ 2.0, 1.0, 15.0, 15.0 ] },
                "down": { "texture": "#3", "uv": [ 1.0, 1.0, 15.0, 15.0 ], "cullface": "down" }
            }
        },
        {
            "name": "Cube",
            "from": [ 15.0, 0.0, 2.0 ], 
            "to": [ 16.0, 3.0, 14.0 ], 
            "faces": {
                "north": { "texture": "#0", "uv": [ 2.0, 8.0, 3.0, 11.0 ] },
                "east": { "texture": "#0", "uv": [ 2.0, 11.0, 14.0, 14.0 ] },
                "south": { "texture": "#0", "uv": [ 2.0, 8.0, 3.0, 11.0 ] },
                "west": { "texture": "#-1", "uv": [ 0.0, 0.0, 12.0, 3.0 ] },
                "up": { "texture": "#2", "uv": [ 0.0, 2.0, 1.0, 14.0 ] },
                "down": { "texture": "#3", "uv": [ 0.0, 2.0, 1.0, 14.0 ] }
            }
        },
        {
            "name": "Cube",
            "from": [ 2.0, 0.0, 15.0 ], 
            "to": [ 14.0, 3.0, 16.0 ], 
            "faces": {
                "north": { "texture": "#-1", "uv": [ 0.0, 0.0, 12.0, 3.0 ] },
                "east": { "texture": "#0", "uv": [ 2.0, 8.0, 3.0, 11.0 ] },
                "south": { "texture": "#0", "uv": [ 2.0, 11.0, 14.0, 14.0 ] },
                "west": { "texture": "#0", "uv": [ 2.0, 8.0, 3.0, 11.0 ] },
                "up": { "texture": "#2", "uv": [ 2.0, 0.0, 14.0, 1.0 ] },
                "down": { "texture": "#3", "uv": [ 2.0, 0.0, 14.0, 1.0 ] }
            }
        },
        {
            "name": "Cube",
            "from": [ 2.0, 0.0, 0.0 ], 
            "to": [ 14.0, 3.0, 1.0 ], 
            "faces": {
                "north": { "texture": "#0", "uv": [ 2.0, 11.0, 14.0, 14.0 ] },
                "east": { "texture": "#0", "uv": [ 2.0, 8.0, 3.0, 11.0 ] },
                "south": { "texture": "#-1", "uv": [ 0.0, 0.0, 12.0, 3.0 ] },
                "west": { "texture": "#0", "uv": [ 2.0, 8.0, 3.0, 11.0 ] },
                "up": { "texture": "#2", "uv": [ 2.0, 0.0, 14.0, 1.0 ] },
                "down": { "texture": "#3", "uv": [ 2.0, 0.0, 14.0, 1.0 ] }
            }
        }
    ]
}