{
	"__comment": "Designed by Cookiecentrale with Cubik Studio - https://cubik.studio",
	"textures": {
		"particle": "lucky:blocks/Elec_pac",
		"texture": "lucky:blocks/Elec_pac"
	},
	"elements": [ 	 
		{
			"__comment": "Voxels",
			"from": [ -1, 1, 4 ],
			"to": [ 0, 7, 5 ],
			"faces": {
				"down": { "uv": [ 10, 9.625, 10.125, 9.75 ], "texture": "#texture", "cullface": "west" },
				"up": { "uv": [ 9.25, 11.625, 9.375, 11.5 ], "texture": "#texture", "cullface": "west" },
				"north": { "uv": [ 1.625, 11.25, 1.5, 12 ], "texture": "#texture", "cullface": "west" },
				"south": { "uv": [ 1.5, 10.5, 1.625, 11.25 ], "texture": "#texture", "cullface": "west" },
				"west": { "uv": [ 3.875, 13.75, 4, 14.5 ], "texture": "#texture", "cullface": "west" },
				"east": { "uv": [ 4.125, 13.75, 4, 14.5 ], "texture": "#texture", "cullface": "west" }
			}
		},
		{
			"__comment": "Voxels",
			"from": [ 0, 4, 5 ],
			"to": [ 12, 5, 11 ],
			"faces": {
				"down": { "uv": [ 0, 11.25, 1.5, 12 ], "texture": "#texture" },
				"up": { "uv": [ 0, 11.25, 1.5, 10.5 ], "texture": "#texture" },
				"north": { "uv": [ 15.875, 15.875, 14.375, 16 ], "texture": "#texture" },
				"south": { "uv": [ 8.625, 15.625, 10.125, 15.75 ], "texture": "#texture" },
				"west": { "uv": [ 2.625, 10.75, 3.375, 10.875 ], "texture": "#texture", "cullface": "west" },
				"east": { "uv": [ 3.375, 10, 2.625, 10.125 ], "texture": "#texture" }
			}
		},
		{
			"__comment": "Voxels",
			"from": [ 0, 5, 4 ],
			"to": [ 10, 6, 12 ],
			"faces": {
				"down": { "uv": [ 0, 12, 1.25, 13 ], "texture": "#texture" },
				"up": { "uv": [ 0, 14, 1.25, 13 ], "texture": "#texture" },
				"north": { "uv": [ 8.125, 12.875, 6.875, 13 ], "texture": "#texture" },
				"south": { "uv": [ 6.875, 12.75, 8.125, 12.875 ], "texture": "#texture" },
				"west": { "uv": [ 9.375, 15, 10.375, 15.125 ], "texture": "#texture", "cullface": "west" },
				"east": { "uv": [ 10.375, 14.875, 9.375, 15 ], "texture": "#texture" }
			}
		},
		{
			"__comment": "Voxels",
			"from": [ 0, 6, 4 ],
			"to": [ 9, 7, 5 ],
			"faces": {
				"up": { "uv": [ 6.875, 8.25, 8, 8.125 ], "texture": "#texture" },
				"north": { "uv": [ 8, 8, 6.875, 8.125 ], "texture": "#texture" },
				"south": { "uv": [ 8.375, 15.5, 9.5, 15.625 ], "texture": "#texture" },
				"east": { "uv": [ 8.375, 8.375, 8.25, 8.5 ], "texture": "#texture" }
			}
		},
		{
			"__comment": "Voxels",
			"from": [ 0, 6, 5 ],
			"to": [ 8, 7, 12 ],
			"faces": {
				"up": { "uv": [ 0, 10.5, 1, 9.625 ], "texture": "#texture" },
				"south": { "uv": [ 11.375, 14.875, 12.375, 15 ], "texture": "#texture" },
				"west": { "uv": [ 8.375, 9.875, 9.25, 10 ], "texture": "#texture", "cullface": "west" },
				"east": { "uv": [ 9.25, 10.125, 8.375, 10.25 ], "texture": "#texture" }
			}
		},
		{
			"__comment": "Voxels",
			"from": [ 0, 7, 4 ],
			"to": [ 8, 11, 5 ],
			"faces": {
				"up": { "uv": [ 8.375, 14.875, 9.375, 14.75 ], "texture": "#texture" },
				"north": { "uv": [ 5.25, 15.5, 4.25, 16 ], "texture": "#texture" },
				"south": { "uv": [ 4.25, 15, 5.25, 15.5 ], "texture": "#texture" },
				"west": { "uv": [ 10.125, 8.875, 10.25, 9.375 ], "texture": "#texture", "cullface": "west" },
				"east": { "uv": [ 9.5, 8, 9.375, 8.5 ], "texture": "#texture" }
			}
		},
		{
			"__comment": "Voxels",
			"from": [ 0, 7, 5 ],
			"to": [ 7, 12, 11 ],
			"faces": {
				"up": { "uv": [ 3.375, 15.25, 4.25, 14.5 ], "texture": "#texture" },
				"north": { "uv": [ 4.25, 11.625, 3.375, 12.25 ], "texture": "#texture" },
				"south": { "uv": [ 3.375, 11, 4.25, 11.625 ], "texture": "#texture" },
				"west": { "uv": [ 2.625, 10.875, 3.375, 11.5 ], "texture": "#texture", "cullface": "west" },
				"east": { "uv": [ 3.375, 10.125, 2.625, 10.75 ], "texture": "#texture" }
			}
		},
		{
			"__comment": "Voxels",
			"from": [ 0, 7, 11 ],
			"to": [ 7, 11, 12 ],
			"faces": {
				"up": { "uv": [ 8.375, 12, 9.25, 11.875 ], "texture": "#texture" },
				"south": { "uv": [ 3.375, 8.75, 4.25, 9.25 ], "texture": "#texture" },
				"west": { "uv": [ 10.125, 13.375, 10.25, 13.875 ], "texture": "#texture", "cullface": "west" },
				"east": { "uv": [ 10.25, 12.875, 10.125, 13.375 ], "texture": "#texture" }
			}
		},
		{
			"__comment": "Voxels",
			"from": [ 1, 2, 6 ],
			"to": [ 16, 3, 7 ],
			"faces": {
				"down": { "uv": [ 8.75, 15.875, 10.625, 16 ], "texture": "#texture" },
				"up": { "uv": [ 6.875, 16, 8.75, 15.875 ], "texture": "#texture" },
				"north": { "uv": [ 14.375, 15.875, 12.5, 16 ], "texture": "#texture" },
				"south": { "uv": [ 10.625, 15.875, 12.5, 16 ], "texture": "#texture" },
				"west": { "uv": [ 8.125, 8.375, 8.25, 8.5 ], "texture": "#texture" },
				"east": { "uv": [ 8.125, 8.375, 8, 8.5 ], "texture": "#texture", "cullface": "east" }
			}
		},
		{
			"__comment": "Voxels",
			"from": [ 1, 2, 7 ],
			"to": [ 15, 3, 10 ],
			"faces": {
				"down": { "uv": [ 1.625, 8.25, 3.375, 8.625 ], "texture": "#texture" },
				"up": { "uv": [ 1.625, 9, 3.375, 8.625 ], "texture": "#texture" },
				"south": { "uv": [ 8.625, 15.75, 10.375, 15.875 ], "texture": "#texture" },
				"west": { "uv": [ 4.875, 10.375, 5.25, 10.5 ], "texture": "#texture" },
				"east": { "uv": [ 5.25, 8.5, 4.875, 8.625 ], "texture": "#texture" }
			}
		},
		{
			"__comment": "Voxels",
			"from": [ 1, 3, 4 ],
			"to": [ 14, 4, 12 ],
			"faces": {
				"down": { "uv": [ 0, 14, 1.625, 15 ], "texture": "#texture" },
				"up": { "uv": [ 0, 16, 1.625, 15 ], "texture": "#texture" },
				"north": { "uv": [ 6.875, 10, 5.25, 10.125 ], "texture": "#texture" },
				"south": { "uv": [ 5.25, 9, 6.875, 9.125 ], "texture": "#texture" },
				"west": { "uv": [ 10.375, 14.75, 11.375, 14.875 ], "texture": "#texture" },
				"east": { "uv": [ 12.375, 14.625, 11.375, 14.75 ], "texture": "#texture" }
			}
		},
		{
			"__comment": "Voxels",
			"from": [ 1, 4, 3 ],
			"to": [ 14, 5, 4 ],
			"faces": {
				"down": { "uv": [ 5.25, 9.625, 6.875, 9.75 ], "texture": "#texture" },
				"up": { "uv": [ 5.25, 9.5, 6.875, 9.375 ], "texture": "#texture" },
				"north": { "uv": [ 6.875, 9.5, 5.25, 9.625 ], "texture": "#texture" },
				"south": { "uv": [ 5.25, 9.75, 6.875, 9.875 ], "texture": "#texture" },
				"west": { "uv": [ 8.25, 8.5, 8.375, 8.625 ], "texture": "#texture" },
				"east": { "uv": [ 8.25, 8.5, 8.125, 8.625 ], "texture": "#texture" }
			}
		},
		{
			"__comment": "Voxels",
			"from": [ 1, 4, 4 ],
			"to": [ 12, 5, 5 ],
			"faces": {
				"up": { "uv": [ 14.625, 15.75, 16, 15.625 ], "texture": "#texture" },
				"west": { "uv": [ 8, 8.5, 8.125, 8.625 ], "texture": "#texture" },
				"east": { "uv": [ 8.375, 8.75, 8.25, 8.875 ], "texture": "#texture" }
			}
		},
		{
			"__comment": "Voxels",
			"from": [ 1, 4, 11 ],
			"to": [ 12, 5, 13 ],
			"faces": {
				"down": { "uv": [ 5.25, 14, 6.625, 14.25 ], "texture": "#texture" },
				"up": { "uv": [ 5.25, 14, 6.625, 13.75 ], "texture": "#texture" },
				"south": { "uv": [ 6.875, 13.75, 8.25, 13.875 ], "texture": "#texture" },
				"west": { "uv": [ 8.125, 12.5, 8.375, 12.625 ], "texture": "#texture" },
				"east": { "uv": [ 8.375, 12.375, 8.125, 12.5 ], "texture": "#texture" }
			}
		},
		{
			"__comment": "Voxels",
			"from": [ 1, 5, 3 ],
			"to": [ 9, 6, 4 ],
			"faces": {
				"up": { "uv": [ 8.375, 13.375, 9.375, 13.25 ], "texture": "#texture" },
				"north": { "uv": [ 9.375, 13.125, 8.375, 13.25 ], "texture": "#texture" },
				"west": { "uv": [ 8.125, 8.75, 8.25, 8.875 ], "texture": "#texture" },
				"east": { "uv": [ 8.375, 13.625, 8.25, 13.75 ], "texture": "#texture" }
			}
		},
		{
			"__comment": "Voxels",
			"from": [ 1, 5, 12 ],
			"to": [ 10, 6, 13 ],
			"faces": {
				"up": { "uv": [ 14, 15.625, 15.125, 15.5 ], "texture": "#texture" },
				"south": { "uv": [ 11.75, 15.5, 12.875, 15.625 ], "texture": "#texture" },
				"west": { "uv": [ 8.25, 14, 8.375, 14.125 ], "texture": "#texture" },
				"east": { "uv": [ 8.375, 14.125, 8.25, 14.25 ], "texture": "#texture" }
			}
		},
		{
			"__comment": "Voxels",
			"from": [ 1, 6, 12 ],
			"to": [ 8, 7, 14 ],
			"faces": {
				"down": { "uv": [ 4.25, 9.875, 5.125, 10.125 ], "texture": "#texture" },
				"up": { "uv": [ 4.25, 9.875, 5.125, 9.625 ], "texture": "#texture" },
				"south": { "uv": [ 8.375, 11.25, 9.25, 11.375 ], "texture": "#texture" },
				"west": { "uv": [ 8.125, 12.25, 8.375, 12.375 ], "texture": "#texture" },
				"east": { "uv": [ 8.375, 12.125, 8.125, 12.25 ], "texture": "#texture" }
			}
		},
		{
			"__comment": "Voxels",
			"from": [ 1, 7, 3 ],
			"to": [ 7, 8, 4 ],
			"faces": {
				"down": { "uv": [ 8.375, 8.5, 9.125, 8.625 ], "texture": "#texture" },
				"up": { "uv": [ 8.375, 8.5, 9.125, 8.375 ], "texture": "#texture" },
				"north": { "uv": [ 11.625, 14.5, 10.875, 14.625 ], "texture": "#texture" },
				"west": { "uv": [ 8.25, 14.25, 8.375, 14.375 ], "texture": "#texture" },
				"east": { "uv": [ 8.375, 14.375, 8.25, 14.5 ], "texture": "#texture" }
			}
		},
		{
			"__comment": "Voxels",
			"from": [ 1, 7, 12 ],
			"to": [ 7, 12, 13 ],
			"faces": {
				"up": { "uv": [ 8.375, 8.125, 9.125, 8 ], "texture": "#texture" },
				"north": { "uv": [ 4.125, 10.375, 3.375, 11 ], "texture": "#texture" },
				"south": { "uv": [ 3.375, 9.75, 4.125, 10.375 ], "texture": "#texture" },
				"west": { "uv": [ 9.375, 12.75, 9.5, 13.375 ], "texture": "#texture" },
				"east": { "uv": [ 4.25, 10.375, 4.125, 11 ], "texture": "#texture" }
			}
		},
		{
			"__comment": "Voxels",
			"from": [ 1, 7, 13 ],
			"to": [ 7, 10, 14 ],
			"faces": {
				"up": { "uv": [ 10.125, 14.625, 10.875, 14.5 ], "texture": "#texture" },
				"south": { "uv": [ 4.25, 11.5, 5, 11.875 ], "texture": "#texture" },
				"west": { "uv": [ 5.125, 14.125, 5.25, 14.5 ], "texture": "#texture" },
				"east": { "uv": [ 10.375, 12.75, 10.25, 13.125 ], "texture": "#texture" }
			}
		},
		{
			"__comment": "Voxels",
			"from": [ 1, 10, 3 ],
			"to": [ 12, 12, 4 ],
			"faces": {
				"down": { "uv": [ 6.875, 14.125, 8.25, 14.25 ], "texture": "#texture" },
				"up": { "uv": [ 6.875, 14.125, 8.25, 14 ], "texture": "#texture" },
				"north": { "uv": [ 6.625, 13.5, 5.25, 13.75 ], "texture": "#texture" },
				"south": { "uv": [ 5.25, 14.25, 6.625, 14.5 ], "texture": "#texture" },
				"west": { "uv": [ 10.25, 8.875, 10.375, 9.125 ], "texture": "#texture" },
				"east": { "uv": [ 10.375, 8.625, 10.25, 8.875 ], "texture": "#texture" }
			}
		},
		{
			"__comment": "Voxels",
			"from": [ 1, 11, 4 ],
			"to": [ 14, 13, 5 ],
			"faces": {
				"down": { "uv": [ 5.25, 9.875, 6.875, 10 ], "texture": "#texture" },
				"up": { "uv": [ 5.25, 9, 6.875, 8.875 ], "texture": "#texture" },
				"north": { "uv": [ 3.25, 8, 1.625, 8.25 ], "texture": "#texture" },
				"south": { "uv": [ 5.25, 15.5, 6.875, 15.75 ], "texture": "#texture" },
				"west": { "uv": [ 10.25, 8.375, 10.375, 8.625 ], "texture": "#texture" },
				"east": { "uv": [ 10.375, 8.125, 10.25, 8.375 ], "texture": "#texture" }
			}
		},
		{
			"__comment": "Voxels",
			"from": [ 1, 11, 11 ],
			"to": [ 14, 13, 12 ],
			"faces": {
				"down": { "uv": [ 5.25, 9.25, 6.875, 9.375 ], "texture": "#texture" },
				"up": { "uv": [ 5.25, 10.25, 6.875, 10.125 ], "texture": "#texture" },
				"north": { "uv": [ 1.625, 8, 0, 8.25 ], "texture": "#texture" },
				"south": { "uv": [ 5.25, 15.75, 6.875, 16 ], "texture": "#texture" },
				"west": { "uv": [ 10.375, 13.25, 10.5, 13.5 ], "texture": "#texture" },
				"east": { "uv": [ 10.5, 13, 10.375, 13.25 ], "texture": "#texture" }
			}
		},
		{
			"__comment": "Voxels",
			"from": [ 1, 12, 5 ],
			"to": [ 15, 13, 11 ],
			"faces": {
				"down": { "uv": [ 1.625, 15.25, 3.375, 16 ], "texture": "#texture" },
				"up": { "uv": [ 1.625, 15.25, 3.375, 14.5 ], "texture": "#texture" },
				"north": { "uv": [ 8.625, 15.625, 6.875, 15.75 ], "texture": "#texture" },
				"south": { "uv": [ 13.875, 15.75, 15.625, 15.875 ], "texture": "#texture" },
				"west": { "uv": [ 11.625, 14.5, 12.375, 14.625 ], "texture": "#texture" },
				"east": { "uv": [ 13.125, 14.5, 12.375, 14.625 ], "texture": "#texture" }
			}
		},
		{
			"__comment": "Voxels",
			"from": [ 1, 13, 6 ],
			"to": [ 15, 14, 10 ],
			"faces": {
				"up": { "uv": [ 1.625, 14.5, 3.375, 14 ], "texture": "#texture" },
				"north": { "uv": [ 13.875, 15.75, 12.125, 15.875 ], "texture": "#texture" },
				"south": { "uv": [ 10.375, 15.75, 12.125, 15.875 ], "texture": "#texture" },
				"west": { "uv": [ 14.75, 13.75, 15.25, 13.875 ], "texture": "#texture" },
				"east": { "uv": [ 14.75, 13.75, 14.25, 13.875 ], "texture": "#texture" }
			}
		},
		{
			"__comment": "Voxels",
			"from": [ 2, 1, 6 ],
			"to": [ 14, 2, 10 ],
			"faces": {
				"down": { "uv": [ 0, 8.25, 1.5, 8.75 ], "texture": "#texture" },
				"up": { "uv": [ 1.625, 13.5, 3.125, 13 ], "texture": "#texture" },
				"north": { "uv": [ 8.375, 15.125, 6.875, 15.25 ], "texture": "#texture" },
				"south": { "uv": [ 6.875, 15, 8.375, 15.125 ], "texture": "#texture" },
				"west": { "uv": [ 13.75, 13.75, 14.25, 13.875 ], "texture": "#texture" },
				"east": { "uv": [ 12.25, 13.75, 11.75, 13.875 ], "texture": "#texture" }
			}
		},
		{
			"__comment": "Voxels",
			"from": [ 2, 2, 4 ],
			"to": [ 14, 3, 6 ],
			"faces": {
				"down": { "uv": [ 5.25, 15, 6.75, 15.25 ], "texture": "#texture" },
				"north": { "uv": [ 8.375, 14.875, 6.875, 15 ], "texture": "#texture" },
				"west": { "uv": [ 8.125, 9.25, 8.375, 9.375 ], "texture": "#texture" },
				"east": { "uv": [ 8.375, 9.125, 8.125, 9.25 ], "texture": "#texture" }
			}
		},
		{
			"__comment": "Voxels",
			"from": [ 2, 2, 10 ],
			"to": [ 14, 3, 12 ],
			"faces": {
				"down": { "uv": [ 5.25, 14.75, 6.75, 15 ], "texture": "#texture" },
				"south": { "uv": [ 5.25, 8.25, 6.75, 8.375 ], "texture": "#texture" },
				"west": { "uv": [ 8.125, 9, 8.375, 9.125 ], "texture": "#texture" },
				"east": { "uv": [ 8.375, 8.875, 8.125, 9 ], "texture": "#texture" }
			}
		},
		{
			"__comment": "Voxels",
			"from": [ 2, 3, 3 ],
			"to": [ 15, 4, 4 ],
			"faces": {
				"down": { "uv": [ 5.25, 8.5, 6.875, 8.625 ], "texture": "#texture" },
				"up": { "uv": [ 5.25, 9.25, 6.875, 9.125 ], "texture": "#texture" },
				"north": { "uv": [ 6.875, 10.375, 5.25, 10.5 ], "texture": "#texture" },
				"south": { "uv": [ 5.25, 10.25, 6.875, 10.375 ], "texture": "#texture" },
				"west": { "uv": [ 6.75, 8, 6.875, 8.125 ], "texture": "#texture" },
				"east": { "uv": [ 6.875, 8.125, 6.75, 8.25 ], "texture": "#texture" }
			}
		},
		{
			"__comment": "Voxels",
			"from": [ 2, 3, 12 ],
			"to": [ 14, 4, 13 ],
			"faces": {
				"down": { "uv": [ 11.625, 15.625, 13.125, 15.75 ], "texture": "#texture" },
				"up": { "uv": [ 13.125, 15.75, 14.625, 15.625 ], "texture": "#texture" },
				"south": { "uv": [ 6.875, 15.375, 8.375, 15.5 ], "texture": "#texture" },
				"west": { "uv": [ 6.75, 8.25, 6.875, 8.375 ], "texture": "#texture" },
				"east": { "uv": [ 6.875, 8.375, 6.75, 8.5 ], "texture": "#texture" }
			}
		},
		{
			"__comment": "Voxels",
			"from": [ 2, 4, 2 ],
			"to": [ 12, 5, 3 ],
			"faces": {
				"down": { "uv": [ 6.875, 11.625, 8.125, 11.75 ], "texture": "#texture" },
				"up": { "uv": [ 6.875, 9.875, 8.125, 9.75 ], "texture": "#texture" },
				"north": { "uv": [ 8.125, 9.625, 6.875, 9.75 ], "texture": "#texture" },
				"west": { "uv": [ 10.375, 9.125, 10.5, 9.25 ], "texture": "#texture" },
				"east": { "uv": [ 10.5, 9.25, 10.375, 9.375 ], "texture": "#texture" }
			}
		},
		{
			"__comment": "Voxels",
			"from": [ 2, 4, 13 ],
			"to": [ 12, 5, 14 ],
			"faces": {
				"down": { "uv": [ 6.875, 9.375, 8.125, 9.5 ], "texture": "#texture" },
				"up": { "uv": [ 6.875, 9.375, 8.125, 9.25 ], "texture": "#texture" },
				"south": { "uv": [ 6.875, 9, 8.125, 9.125 ], "texture": "#texture" },
				"west": { "uv": [ 10.375, 9.375, 10.5, 9.5 ], "texture": "#texture" },
				"east": { "uv": [ 10.5, 11.25, 10.375, 11.375 ], "texture": "#texture" }
			}
		},
		{
			"__comment": "Voxels",
			"from": [ 2, 5, 13 ],
			"to": [ 10, 6, 14 ],
			"faces": {
				"up": { "uv": [ 14.375, 14.875, 15.375, 14.75 ], "texture": "#texture" },
				"south": { "uv": [ 9.375, 14.625, 10.375, 14.75 ], "texture": "#texture" },
				"west": { "uv": [ 14, 13.5, 14.125, 13.625 ], "texture": "#texture" },
				"east": { "uv": [ 14, 13.5, 13.875, 13.625 ], "texture": "#texture" }
			}
		},
		{
			"__comment": "Voxels",
			"from": [ 2, 6, 2 ],
			"to": [ 8, 7, 4 ],
			"faces": {
				"down": { "uv": [ 4.25, 9.375, 5, 9.625 ], "texture": "#texture" },
				"up": { "uv": [ 4.25, 8.875, 5, 8.625 ], "texture": "#texture" },
				"north": { "uv": [ 10.125, 14.375, 9.375, 14.5 ], "texture": "#texture" },
				"west": { "uv": [ 3.125, 13, 3.375, 13.125 ], "texture": "#texture" },
				"east": { "uv": [ 3.375, 9.5, 3.125, 9.625 ], "texture": "#texture" }
			}
		},
		{
			"__comment": "Voxels",
			"from": [ 2, 6, 14 ],
			"to": [ 8, 7, 15 ],
			"faces": {
				"down": { "uv": [ 10.875, 14.375, 11.625, 14.5 ], "texture": "#texture" },
				"up": { "uv": [ 11.625, 14.5, 12.375, 14.375 ], "texture": "#texture" },
				"south": { "uv": [ 13.125, 14.375, 13.875, 14.5 ], "texture": "#texture" },
				"west": { "uv": [ 13.75, 13.5, 13.875, 13.625 ], "texture": "#texture" },
				"east": { "uv": [ 13.25, 13.5, 13.125, 13.625 ], "texture": "#texture" }
			}
		},
		{
			"__comment": "Voxels",
			"from": [ 2, 7, 2 ],
			"to": [ 7, 12, 3 ],
			"faces": {
				"up": { "uv": [ 15.375, 14.375, 16, 14.25 ], "texture": "#texture" },
				"north": { "uv": [ 1.625, 9, 1, 9.625 ], "texture": "#texture" },
				"south": { "uv": [ 1, 9.875, 1.625, 10.5 ], "texture": "#texture" },
				"west": { "uv": [ 9.5, 12.75, 9.625, 13.375 ], "texture": "#texture" },
				"east": { "uv": [ 4.25, 9.75, 4.125, 10.375 ], "texture": "#texture" }
			}
		},
		{
			"__comment": "Voxels",
			"from": [ 2, 7, 14 ],
			"to": [ 7, 10, 15 ],
			"faces": {
				"up": { "uv": [ 15.375, 15.25, 16, 15.125 ], "texture": "#texture" },
				"south": { "uv": [ 4.25, 10.375, 4.875, 10.75 ], "texture": "#texture" },
				"west": { "uv": [ 4.125, 12.25, 4.25, 12.625 ], "texture": "#texture" },
				"east": { "uv": [ 8.25, 8, 8.125, 8.375 ], "texture": "#texture" }
			}
		},
		{
			"__comment": "Voxels",
			"from": [ 2, 8, 3 ],
			"to": [ 8, 10, 4 ],
			"faces": {
				"down": { "uv": [ 13.875, 14.375, 14.625, 14.5 ], "texture": "#texture" },
				"north": { "uv": [ 5, 9.125, 4.25, 9.375 ], "texture": "#texture" },
				"west": { "uv": [ 3.25, 8, 3.375, 8.25 ], "texture": "#texture" },
				"east": { "uv": [ 5.25, 13.5, 5.125, 13.75 ], "texture": "#texture" }
			}
		},
		{
			"__comment": "Voxels",
			"from": [ 2, 10, 13 ],
			"to": [ 12, 12, 14 ],
			"faces": {
				"down": { "uv": [ 6.875, 8.75, 8.125, 8.875 ], "texture": "#texture" },
				"up": { "uv": [ 6.875, 8.75, 8.125, 8.625 ], "texture": "#texture" },
				"north": { "uv": [ 6.5, 12, 5.25, 12.25 ], "texture": "#texture" },
				"south": { "uv": [ 5.25, 12.25, 6.5, 12.5 ], "texture": "#texture" },
				"west": { "uv": [ 5.125, 10.875, 5.25, 11.125 ], "texture": "#texture" },
				"east": { "uv": [ 5.25, 10.5, 5.125, 10.75 ], "texture": "#texture" }
			}
		},
		{
			"__comment": "Voxels",
			"from": [ 2, 12, 3 ],
			"to": [ 7, 13, 4 ],
			"faces": {
				"up": { "uv": [ 9.375, 12.625, 10, 12.5 ], "texture": "#texture" },
				"north": { "uv": [ 10, 12.625, 9.375, 12.75 ], "texture": "#texture" },
				"west": { "uv": [ 12.5, 13.5, 12.625, 13.625 ], "texture": "#texture" },
				"east": { "uv": [ 10.125, 8.25, 10, 8.375 ], "texture": "#texture" }
			}
		},
		{
			"__comment": "Voxels",
			"from": [ 2, 12, 12 ],
			"to": [ 6, 13, 13 ],
			"faces": {
				"up": { "uv": [ 9.5, 8.375, 10, 8.25 ], "texture": "#texture" },
				"south": { "uv": [ 14.75, 13.625, 15.25, 13.75 ], "texture": "#texture" },
				"west": { "uv": [ 10, 8.375, 10.125, 8.5 ], "texture": "#texture" },
				"east": { "uv": [ 10.125, 8.5, 10, 8.625 ], "texture": "#texture" }
			}
		},
		{
			"__comment": "Voxels",
			"from": [ 2, 13, 4 ],
			"to": [ 7, 14, 6 ],
			"faces": {
				"down": { "uv": [ 1, 9.625, 1.625, 9.875 ], "texture": "#texture" },
				"up": { "uv": [ 4.25, 8.625, 4.875, 8.375 ], "texture": "#texture" },
				"north": { "uv": [ 16, 14, 15.375, 14.125 ], "texture": "#texture" },
				"west": { "uv": [ 5, 11.5, 5.25, 11.625 ], "texture": "#texture" },
				"east": { "uv": [ 5.25, 11.125, 5, 11.25 ], "texture": "#texture" }
			}
		},
		{
			"__comment": "Voxels",
			"from": [ 2, 13, 10 ],
			"to": [ 14, 14, 11 ],
			"faces": {
				"up": { "uv": [ 6.875, 14.625, 8.375, 14.5 ], "texture": "#texture" },
				"south": { "uv": [ 5.25, 8, 6.75, 8.125 ], "texture": "#texture" },
				"west": { "uv": [ 10, 8.875, 10.125, 9 ], "texture": "#texture" },
				"east": { "uv": [ 10.125, 9, 10, 9.125 ], "texture": "#texture" }
			}
		},
		{
			"__comment": "Voxels",
			"from": [ 2, 13, 11 ],
			"to": [ 6, 14, 12 ],
			"faces": {
				"up": { "uv": [ 11.25, 13.75, 11.75, 13.625 ], "texture": "#texture" },
				"south": { "uv": [ 12.25, 13.625, 12.75, 13.75 ], "texture": "#texture" },
				"west": { "uv": [ 9.875, 9, 10, 9.125 ], "texture": "#texture" },
				"east": { "uv": [ 10.125, 9.5, 10, 9.625 ], "texture": "#texture" }
			}
		},
		{
			"__comment": "Voxels",
			"from": [ 2, 14, 6 ],
			"to": [ 14, 15, 10 ],
			"faces": {
				"up": { "uv": [ 1.625, 9.5, 3.125, 9 ], "texture": "#texture" },
				"north": { "uv": [ 11.625, 15.625, 10.125, 15.75 ], "texture": "#texture" },
				"south": { "uv": [ 6.875, 15.25, 8.375, 15.375 ], "texture": "#texture" },
				"west": { "uv": [ 10.75, 13.75, 11.25, 13.875 ], "texture": "#texture" },
				"east": { "uv": [ 10.75, 13.75, 10.25, 13.875 ], "texture": "#texture" }
			}
		},
		{
			"__comment": "Voxels",
			"from": [ 3, 1, 4 ],
			"to": [ 13, 2, 6 ],
			"faces": {
				"down": { "uv": [ 5.25, 12.5, 6.5, 12.75 ], "texture": "#texture" },
				"north": { "uv": [ 8.125, 13.25, 6.875, 13.375 ], "texture": "#texture" },
				"west": { "uv": [ 5, 9.5, 5.25, 9.625 ], "texture": "#texture" },
				"east": { "uv": [ 5.25, 9.375, 5, 9.5 ], "texture": "#texture" }
			}
		},
		{
			"__comment": "Voxels",
			"from": [ 3, 1, 10 ],
			"to": [ 13, 2, 12 ],
			"faces": {
				"down": { "uv": [ 5.25, 13.25, 6.5, 13.5 ], "texture": "#texture" },
				"south": { "uv": [ 6.875, 12, 8.125, 12.125 ], "texture": "#texture" },
				"west": { "uv": [ 5, 9.25, 5.25, 9.375 ], "texture": "#texture" },
				"east": { "uv": [ 5.25, 9.125, 5, 9.25 ], "texture": "#texture" }
			}
		},
		{
			"__comment": "Voxels",
			"from": [ 3, 2, 3 ],
			"to": [ 13, 3, 4 ],
			"faces": {
				"down": { "uv": [ 6.875, 10.375, 8.125, 10.5 ], "texture": "#texture" },
				"north": { "uv": [ 8.125, 13.5, 6.875, 13.625 ], "texture": "#texture" },
				"west": { "uv": [ 9.875, 9.5, 10, 9.625 ], "texture": "#texture" },
				"east": { "uv": [ 10, 9.625, 9.875, 9.75 ], "texture": "#texture" }
			}
		},
		{
			"__comment": "Voxels",
			"from": [ 3, 2, 12 ],
			"to": [ 13, 3, 13 ],
			"faces": {
				"down": { "uv": [ 6.875, 13.125, 8.125, 13.25 ], "texture": "#texture" },
				"south": { "uv": [ 6.875, 11.75, 8.125, 11.875 ], "texture": "#texture" },
				"west": { "uv": [ 10, 9.75, 10.125, 9.875 ], "texture": "#texture" },
				"east": { "uv": [ 10, 9.875, 9.875, 10 ], "texture": "#texture" }
			}
		},
		{
			"__comment": "Voxels",
			"from": [ 3, 3, 2 ],
			"to": [ 13, 4, 3 ],
			"faces": {
				"down": { "uv": [ 6.875, 11.375, 8.125, 11.5 ], "texture": "#texture" },
				"up": { "uv": [ 6.875, 11.375, 8.125, 11.25 ], "texture": "#texture" },
				"north": { "uv": [ 8.125, 11.125, 6.875, 11.25 ], "texture": "#texture" },
				"west": { "uv": [ 10, 10, 10.125, 10.125 ], "texture": "#texture" },
				"east": { "uv": [ 10, 10, 9.875, 10.125 ], "texture": "#texture" }
			}
		},
		{
			"__comment": "Voxels",
			"from": [ 3, 3, 13 ],
			"to": [ 13, 4, 14 ],
			"faces": {
				"down": { "uv": [ 6.875, 10.5, 8.125, 10.625 ], "texture": "#texture" },
				"up": { "uv": [ 6.875, 12.75, 8.125, 12.625 ], "texture": "#texture" },
				"south": { "uv": [ 6.875, 10.25, 8.125, 10.375 ], "texture": "#texture" },
				"west": { "uv": [ 10, 10.5, 10.125, 10.625 ], "texture": "#texture" },
				"east": { "uv": [ 10, 10.5, 9.875, 10.625 ], "texture": "#texture" }
			}
		},
		{
			"__comment": "Voxels",
			"from": [ 3, 4, 1 ],
			"to": [ 12, 5, 2 ],
			"faces": {
				"down": { "uv": [ 8.375, 15.375, 9.5, 15.5 ], "texture": "#texture" },
				"up": { "uv": [ 9.5, 15.375, 10.625, 15.25 ], "texture": "#texture" },
				"north": { "uv": [ 14, 15.375, 12.875, 15.5 ], "texture": "#texture" },
				"west": { "uv": [ 10, 10.75, 10.125, 10.875 ], "texture": "#texture" },
				"east": { "uv": [ 10, 10.875, 9.875, 11 ], "texture": "#texture" }
			}
		},
		{
			"__comment": "Voxels",
			"from": [ 3, 4, 14 ],
			"to": [ 12, 5, 15 ],
			"faces": {
				"down": { "uv": [ 9.5, 15.5, 10.625, 15.625 ], "texture": "#texture" },
				"up": { "uv": [ 11.75, 15.5, 12.875, 15.375 ], "texture": "#texture" },
				"south": { "uv": [ 10.625, 15.375, 11.75, 15.5 ], "texture": "#texture" },
				"west": { "uv": [ 10, 11.75, 10.125, 11.875 ], "texture": "#texture" },
				"east": { "uv": [ 10, 11.75, 9.875, 11.875 ], "texture": "#texture" }
			}
		},
		{
			"__comment": "Voxels",
			"from": [ 3, 5, 1 ],
			"to": [ 10, 6, 3 ],
			"faces": {
				"down": { "uv": [ 4.25, 10.125, 5.125, 10.375 ], "texture": "#texture" },
				"up": { "uv": [ 3.375, 8.25, 4.25, 8 ], "texture": "#texture" },
				"north": { "uv": [ 9.25, 11.625, 8.375, 11.75 ], "texture": "#texture" },
				"south": { "uv": [ 8.375, 11.5, 9.25, 11.625 ], "texture": "#texture" },
				"west": { "uv": [ 5, 9, 5.25, 9.125 ], "texture": "#texture" },
				"east": { "uv": [ 5.25, 8.875, 5, 9 ], "texture": "#texture" }
			}
		},
		{
			"__comment": "Voxels",
			"from": [ 3, 5, 14 ],
			"to": [ 10, 6, 15 ],
			"faces": {
				"up": { "uv": [ 15.125, 15.5, 16, 15.375 ], "texture": "#texture" },
				"south": { "uv": [ 8.375, 11.375, 9.25, 11.5 ], "texture": "#texture" },
				"west": { "uv": [ 10, 11.875, 10.125, 12 ], "texture": "#texture" },
				"east": { "uv": [ 10.125, 12.125, 10, 12.25 ], "texture": "#texture" }
			}
		},
		{
			"__comment": "Voxels",
			"from": [ 3, 8, 1 ],
			"to": [ 8, 12, 2 ],
			"faces": {
				"down": { "uv": [ 4.25, 8, 4.875, 8.125 ], "texture": "#texture" },
				"up": { "uv": [ 9.375, 12.125, 10, 12 ], "texture": "#texture" },
				"north": { "uv": [ 4.875, 11.875, 4.25, 12.375 ], "texture": "#texture" },
				"south": { "uv": [ 4.25, 12.375, 4.875, 12.875 ], "texture": "#texture" },
				"west": { "uv": [ 10.125, 10.875, 10.25, 11.375 ], "texture": "#texture" },
				"east": { "uv": [ 10.25, 10.375, 10.125, 10.875 ], "texture": "#texture" }
			}
		},
		{
			"__comment": "Voxels",
			"from": [ 3, 10, 14 ],
			"to": [ 12, 12, 15 ],
			"faces": {
				"down": { "uv": [ 10.625, 15.25, 11.75, 15.375 ], "texture": "#texture" },
				"up": { "uv": [ 12.875, 15.625, 14, 15.5 ], "texture": "#texture" },
				"south": { "uv": [ 5.25, 10.5, 6.375, 10.75 ], "texture": "#texture" },
				"west": { "uv": [ 5.125, 9.625, 5.25, 9.875 ], "texture": "#texture" },
				"east": { "uv": [ 6.875, 15.25, 6.75, 15.5 ], "texture": "#texture" }
			}
		},
		{
			"__comment": "Voxels",
			"from": [ 3, 12, 2 ],
			"to": [ 7, 13, 3 ],
			"faces": {
				"up": { "uv": [ 6.375, 11, 6.875, 10.875 ], "texture": "#texture" },
				"north": { "uv": [ 6.875, 10.75, 6.375, 10.875 ], "texture": "#texture" },
				"west": { "uv": [ 10, 12.25, 10.125, 12.375 ], "texture": "#texture" },
				"east": { "uv": [ 10.125, 12.375, 10, 12.5 ], "texture": "#texture" }
			}
		},
		{
			"__comment": "Voxels",
			"from": [ 3, 12, 13 ],
			"to": [ 13, 13, 14 ],
			"faces": {
				"down": { "uv": [ 6.875, 10.625, 8.125, 10.75 ], "texture": "#texture" },
				"up": { "uv": [ 6.875, 10.875, 8.125, 10.75 ], "texture": "#texture" },
				"north": { "uv": [ 8.125, 9.875, 6.875, 10 ], "texture": "#texture" },
				"south": { "uv": [ 6.875, 10.125, 8.125, 10.25 ], "texture": "#texture" },
				"west": { "uv": [ 9.75, 12.75, 9.875, 12.875 ], "texture": "#texture" },
				"east": { "uv": [ 9.75, 12.75, 9.625, 12.875 ], "texture": "#texture" }
			}
		},
		{
			"__comment": "Voxels",
			"from": [ 3, 13, 3 ],
			"to": [ 7, 14, 4 ],
			"faces": {
				"up": { "uv": [ 9.375, 11.5, 9.875, 11.375 ], "texture": "#texture" },
				"north": { "uv": [ 9.875, 11.25, 9.375, 11.375 ], "texture": "#texture" },
				"west": { "uv": [ 9.25, 8.25, 9.375, 8.375 ], "texture": "#texture" },
				"east": { "uv": [ 9.25, 8.375, 9.125, 8.5 ], "texture": "#texture" }
			}
		},
		{
			"__comment": "Voxels",
			"from": [ 3, 13, 12 ],
			"to": [ 6, 14, 13 ],
			"faces": {
				"up": { "uv": [ 4.875, 13.875, 5.25, 13.75 ], "texture": "#texture" },
				"south": { "uv": [ 4.875, 10.75, 5.25, 10.875 ], "texture": "#texture" },
				"west": { "uv": [ 9.25, 8.625, 9.375, 8.75 ], "texture": "#texture" },
				"east": { "uv": [ 9.25, 8.75, 9.125, 8.875 ], "texture": "#texture" }
			}
		},
		{
			"__comment": "Voxels",
			"from": [ 3, 14, 4 ],
			"to": [ 13, 15, 6 ],
			"faces": {
				"down": { "uv": [ 5.25, 13, 6.5, 13.25 ], "texture": "#texture" },
				"up": { "uv": [ 5.25, 11.5, 6.5, 11.25 ], "texture": "#texture" },
				"north": { "uv": [ 8.125, 10.875, 6.875, 11 ], "texture": "#texture" },
				"west": { "uv": [ 6.625, 14.375, 6.875, 14.5 ], "texture": "#texture" },
				"east": { "uv": [ 6.875, 14.25, 6.625, 14.375 ], "texture": "#texture" }
			}
		},
		{
			"__comment": "Voxels",
			"from": [ 3, 14, 10 ],
			"to": [ 13, 15, 12 ],
			"faces": {
				"down": { "uv": [ 5.25, 11.5, 6.5, 11.75 ], "texture": "#texture" },
				"up": { "uv": [ 5.25, 12, 6.5, 11.75 ], "texture": "#texture" },
				"south": { "uv": [ 6.875, 12.375, 8.125, 12.5 ], "texture": "#texture" },
				"west": { "uv": [ 6.625, 14.125, 6.875, 14.25 ], "texture": "#texture" },
				"east": { "uv": [ 6.875, 14, 6.625, 14.125 ], "texture": "#texture" }
			}
		},
		{
			"__comment": "Voxels",
			"from": [ 4, 0, 5 ],
			"to": [ 12, 1, 11 ],
			"faces": {
				"down": { "uv": [ 1.625, 10, 2.625, 10.75 ], "texture": "#texture", "cullface": "down" },
				"up": { "uv": [ 1.625, 11.5, 2.625, 10.75 ], "texture": "#texture" },
				"north": { "uv": [ 9.375, 14, 8.375, 14.125 ], "texture": "#texture" },
				"south": { "uv": [ 8.375, 14.125, 9.375, 14.25 ], "texture": "#texture" },
				"west": { "uv": [ 13.875, 14.25, 14.625, 14.375 ], "texture": "#texture" },
				"east": { "uv": [ 9.125, 8.625, 8.375, 8.75 ], "texture": "#texture" }
			}
		},
		{
			"__comment": "Voxels",
			"from": [ 4, 1, 3 ],
			"to": [ 12, 2, 4 ],
			"faces": {
				"down": { "uv": [ 8.375, 13.625, 9.375, 13.75 ], "texture": "#texture" },
				"north": { "uv": [ 12.75, 15.25, 11.75, 15.375 ], "texture": "#texture" },
				"west": { "uv": [ 9.25, 8.875, 9.375, 9 ], "texture": "#texture" },
				"east": { "uv": [ 9.25, 8.875, 9.125, 9 ], "texture": "#texture" }
			}
		},
		{
			"__comment": "Voxels",
			"from": [ 4, 1, 12 ],
			"to": [ 12, 2, 13 ],
			"faces": {
				"down": { "uv": [ 10.375, 15.125, 11.375, 15.25 ], "texture": "#texture" },
				"south": { "uv": [ 8.375, 15, 9.375, 15.125 ], "texture": "#texture" },
				"west": { "uv": [ 9.25, 9.25, 9.375, 9.375 ], "texture": "#texture" },
				"east": { "uv": [ 9.25, 9.25, 9.125, 9.375 ], "texture": "#texture" }
			}
		},
		{
			"__comment": "Voxels",
			"from": [ 4, 2, 2 ],
			"to": [ 12, 3, 3 ],
			"faces": {
				"down": { "uv": [ 11.375, 15, 12.375, 15.125 ], "texture": "#texture" },
				"north": { "uv": [ 9.375, 14.5, 8.375, 14.625 ], "texture": "#texture" },
				"west": { "uv": [ 9.25, 9.375, 9.375, 9.5 ], "texture": "#texture" },
				"east": { "uv": [ 9.375, 9.875, 9.25, 10 ], "texture": "#texture" }
			}
		},
		{
			"__comment": "Voxels",
			"from": [ 4, 2, 13 ],
			"to": [ 12, 3, 14 ],
			"faces": {
				"down": { "uv": [ 8.375, 15.125, 9.375, 15.25 ], "texture": "#texture" },
				"south": { "uv": [ 8.375, 13, 9.375, 13.125 ], "texture": "#texture" },
				"west": { "uv": [ 9.25, 10.5, 9.375, 10.625 ], "texture": "#texture" },
				"east": { "uv": [ 9.375, 10.875, 9.25, 11 ], "texture": "#texture" }
			}
		},
		{
			"__comment": "Voxels",
			"from": [ 4, 3, 1 ],
			"to": [ 12, 4, 2 ],
			"faces": {
				"down": { "uv": [ 8.375, 12.125, 9.375, 12.25 ], "texture": "#texture" },
				"north": { "uv": [ 9.375, 14.25, 8.375, 14.375 ], "texture": "#texture" },
				"west": { "uv": [ 9.25, 11.25, 9.375, 11.375 ], "texture": "#texture" },
				"east": { "uv": [ 9.375, 11.375, 9.25, 11.5 ], "texture": "#texture" }
			}
		},
		{
			"__comment": "Voxels",
			"from": [ 4, 3, 14 ],
			"to": [ 12, 4, 15 ],
			"faces": {
				"down": { "uv": [ 9.375, 14.75, 10.375, 14.875 ], "texture": "#texture" },
				"south": { "uv": [ 12.75, 15.25, 13.75, 15.375 ], "texture": "#texture" },
				"west": { "uv": [ 9.125, 8.5, 9.25, 8.625 ], "texture": "#texture" },
				"east": { "uv": [ 9.375, 8.5, 9.25, 8.625 ], "texture": "#texture" }
			}
		},
		{
			"__comment": "Voxels",
			"from": [ 4, 5, 0 ],
			"to": [ 10, 6, 1 ],
			"faces": {
				"down": { "uv": [ 13.125, 14.25, 13.875, 14.375 ], "texture": "#texture" },
				"up": { "uv": [ 12.375, 14.375, 13.125, 14.25 ], "texture": "#texture" },
				"north": { "uv": [ 12.375, 14.25, 11.625, 14.375 ], "texture": "#texture", "cullface": "north" },
				"west": { "uv": [ 9.25, 10.125, 9.375, 10.25 ], "texture": "#texture" },
				"east": { "uv": [ 9.375, 10, 9.25, 10.125 ], "texture": "#texture" }
			}
		},
		{
			"__comment": "Voxels",
			"from": [ 4, 5, 15 ],
			"to": [ 10, 6, 16 ],
			"faces": {
				"down": { "uv": [ 10.125, 14.25, 10.875, 14.375 ], "texture": "#texture" },
				"up": { "uv": [ 9.375, 14.375, 10.125, 14.25 ], "texture": "#texture" },
				"south": { "uv": [ 13.125, 14.5, 13.875, 14.625 ], "texture": "#texture", "cullface": "south" },
				"west": { "uv": [ 9.125, 9.125, 9.25, 9.25 ], "texture": "#texture" },
				"east": { "uv": [ 9.375, 9, 9.25, 9.125 ], "texture": "#texture" }
			}
		},
		{
			"__comment": "Voxels",
			"from": [ 4, 6, 0 ],
			"to": [ 8, 7, 2 ],
			"faces": {
				"down": { "uv": [ 4.75, 14.5, 5.25, 14.75 ], "texture": "#texture" },
				"up": { "uv": [ 4.75, 15, 5.25, 14.75 ], "texture": "#texture" },
				"north": { "uv": [ 10, 8.125, 9.5, 8.25 ], "texture": "#texture", "cullface": "north" },
				"west": { "uv": [ 8.125, 12.875, 8.375, 13 ], "texture": "#texture" },
				"east": { "uv": [ 8.375, 12.625, 8.125, 12.75 ], "texture": "#texture" }
			}
		},
		{
			"__comment": "Voxels",
			"from": [ 4, 6, 15 ],
			"to": [ 8, 7, 16 ],
			"faces": {
				"up": { "uv": [ 9.375, 11.125, 9.875, 11 ], "texture": "#texture" },
				"south": { "uv": [ 9.375, 11.75, 9.875, 11.875 ], "texture": "#texture", "cullface": "south" },
				"west": { "uv": [ 9.875, 12.75, 10, 12.875 ], "texture": "#texture" },
				"east": { "uv": [ 10.125, 12.5, 10, 12.625 ], "texture": "#texture" }
			}
		},
		{
			"__comment": "Voxels",
			"from": [ 4, 7, 0 ],
			"to": [ 7, 11, 1 ],
			"faces": {
				"up": { "uv": [ 4.875, 8.5, 5.25, 8.375 ], "texture": "#texture" },
				"north": { "uv": [ 1.625, 12, 1.25, 12.5 ], "texture": "#texture", "cullface": "north" },
				"south": { "uv": [ 1.25, 12.5, 1.625, 13 ], "texture": "#texture" },
				"west": { "uv": [ 10.125, 9.875, 10.25, 10.375 ], "texture": "#texture" },
				"east": { "uv": [ 10.25, 9.375, 10.125, 9.875 ], "texture": "#texture" }
			}
		},
		{
			"__comment": "Voxels",
			"from": [ 4, 7, 1 ],
			"to": [ 7, 8, 2 ],
			"faces": {
				"west": { "uv": [ 9.875, 10.375, 10, 10.5 ], "texture": "#texture" },
				"east": { "uv": [ 10.125, 10.125, 10, 10.25 ], "texture": "#texture" }
			}
		},
		{
			"__comment": "Voxels",
			"from": [ 4, 7, 15 ],
			"to": [ 7, 11, 16 ],
			"faces": {
				"up": { "uv": [ 6.5, 12, 6.875, 11.875 ], "texture": "#texture" },
				"north": { "uv": [ 1.625, 13, 1.25, 13.5 ], "texture": "#texture" },
				"south": { "uv": [ 1.25, 13.5, 1.625, 14 ], "texture": "#texture", "cullface": "south" },
				"west": { "uv": [ 10.125, 8.375, 10.25, 8.875 ], "texture": "#texture" },
				"east": { "uv": [ 10.375, 13.125, 10.25, 13.625 ], "texture": "#texture" }
			}
		},
		{
			"__comment": "Voxels",
			"from": [ 4, 12, 1 ],
			"to": [ 8, 13, 2 ],
			"faces": {
				"up": { "uv": [ 14.25, 13.75, 14.75, 13.625 ], "texture": "#texture" },
				"north": { "uv": [ 12.75, 13.75, 12.25, 13.875 ], "texture": "#texture" },
				"south": { "uv": [ 9.5, 8, 10, 8.125 ], "texture": "#texture" },
				"west": { "uv": [ 10, 8.75, 10.125, 8.875 ], "texture": "#texture" },
				"east": { "uv": [ 10.125, 8.625, 10, 8.75 ], "texture": "#texture" }
			}
		},
		{
			"__comment": "Voxels",
			"from": [ 4, 12, 14 ],
			"to": [ 12, 13, 15 ],
			"faces": {
				"up": { "uv": [ 8.375, 12.375, 9.375, 12.25 ], "texture": "#texture" },
				"south": { "uv": [ 14.375, 15.125, 15.375, 15.25 ], "texture": "#texture" },
				"west": { "uv": [ 12.625, 13.5, 12.75, 13.625 ], "texture": "#texture" },
				"east": { "uv": [ 13.125, 13.5, 13, 13.625 ], "texture": "#texture" }
			}
		},
		{
			"__comment": "Voxels",
			"from": [ 4, 13, 2 ],
			"to": [ 7, 14, 3 ],
			"faces": {
				"up": { "uv": [ 6.5, 13.125, 6.875, 13 ], "texture": "#texture" },
				"north": { "uv": [ 6.875, 12.875, 6.5, 13 ], "texture": "#texture" },
				"west": { "uv": [ 14.125, 13.5, 14.25, 13.625 ], "texture": "#texture" },
				"east": { "uv": [ 10.5, 11.375, 10.375, 11.5 ], "texture": "#texture" }
			}
		},
		{
			"__comment": "Voxels",
			"from": [ 4, 13, 13 ],
			"to": [ 12, 14, 14 ],
			"faces": {
				"up": { "uv": [ 11.375, 14.875, 12.375, 14.75 ], "texture": "#texture" },
				"north": { "uv": [ 14.375, 14.875, 13.375, 15 ], "texture": "#texture" },
				"south": { "uv": [ 12.375, 14.875, 13.375, 15 ], "texture": "#texture" },
				"west": { "uv": [ 10.375, 9, 10.5, 9.125 ], "texture": "#texture" },
				"east": { "uv": [ 6.875, 11, 6.75, 11.125 ], "texture": "#texture" }
			}
		},
		{
			"__comment": "Voxels",
			"from": [ 4, 14, 3 ],
			"to": [ 12, 15, 4 ],
			"faces": {
				"down": { "uv": [ 14.375, 15, 15.375, 15.125 ], "texture": "#texture" },
				"up": { "uv": [ 9.375, 15.25, 10.375, 15.125 ], "texture": "#texture" },
				"north": { "uv": [ 14.375, 15, 13.375, 15.125 ], "texture": "#texture" },
				"west": { "uv": [ 15.875, 15.875, 16, 16 ], "texture": "#texture" },
				"east": { "uv": [ 16, 15.75, 15.875, 15.875 ], "texture": "#texture" }
			}
		},
		{
			"__comment": "Voxels",
			"from": [ 4, 14, 12 ],
			"to": [ 12, 15, 13 ],
			"faces": {
				"down": { "uv": [ 14.75, 15.25, 15.75, 15.375 ], "texture": "#texture" },
				"up": { "uv": [ 13.75, 15.375, 14.75, 15.25 ], "texture": "#texture" },
				"south": { "uv": [ 8.375, 12.625, 9.375, 12.75 ], "texture": "#texture" },
				"west": { "uv": [ 8.25, 13.875, 8.375, 14 ], "texture": "#texture" },
				"east": { "uv": [ 8.375, 13.75, 8.25, 13.875 ], "texture": "#texture" }
			}
		},
		{
			"__comment": "Voxels",
			"from": [ 4, 15, 5 ],
			"to": [ 12, 16, 11 ],
			"faces": {
				"down": { "uv": [ 1.625, 11.5, 2.625, 12.25 ], "texture": "#texture" },
				"up": { "uv": [ 1.625, 13, 2.625, 12.25 ], "texture": "#texture", "cullface": "up" },
				"north": { "uv": [ 14.375, 14.625, 13.375, 14.75 ], "texture": "#texture" },
				"south": { "uv": [ 12.375, 14.625, 13.375, 14.75 ], "texture": "#texture" },
				"west": { "uv": [ 8.375, 8.75, 9.125, 8.875 ], "texture": "#texture" },
				"east": { "uv": [ 9.125, 8.875, 8.375, 9 ], "texture": "#texture" }
			}
		},
		{
			"__comment": "Voxels",
			"from": [ 5, 0, 4 ],
			"to": [ 11, 1, 5 ],
			"faces": {
				"down": { "uv": [ 8.375, 9, 9.125, 9.125 ], "texture": "#texture", "cullface": "down" },
				"north": { "uv": [ 9.125, 9.5, 8.375, 9.625 ], "texture": "#texture" },
				"west": { "uv": [ 15.875, 15.25, 16, 15.375 ], "texture": "#texture" },
				"east": { "uv": [ 9.375, 11.625, 9.25, 11.75 ], "texture": "#texture" }
			}
		},
		{
			"__comment": "Voxels",
			"from": [ 5, 0, 11 ],
			"to": [ 11, 1, 12 ],
			"faces": {
				"down": { "uv": [ 14.625, 14.5, 15.375, 14.625 ], "texture": "#texture", "cullface": "down" },
				"south": { "uv": [ 10.125, 14.125, 10.875, 14.25 ], "texture": "#texture" },
				"west": { "uv": [ 9.25, 10.75, 9.375, 10.875 ], "texture": "#texture" },
				"east": { "uv": [ 9.375, 10.625, 9.25, 10.75 ], "texture": "#texture" }
			}
		},
		{
			"__comment": "Voxels",
			"from": [ 5, 4, 0 ],
			"to": [ 11, 5, 1 ],
			"faces": {
				"down": { "uv": [ 10.875, 14.125, 11.625, 14.25 ], "texture": "#texture" },
				"up": { "uv": [ 11.625, 14.25, 12.375, 14.125 ], "texture": "#texture" },
				"north": { "uv": [ 13.125, 14.125, 12.375, 14.25 ], "texture": "#texture", "cullface": "north" },
				"west": { "uv": [ 9.25, 9.75, 9.375, 9.875 ], "texture": "#texture" },
				"east": { "uv": [ 9.25, 9.375, 9.125, 9.5 ], "texture": "#texture" }
			}
		},
		{
			"__comment": "Voxels",
			"from": [ 5, 4, 15 ],
			"to": [ 11, 5, 16 ],
			"faces": {
				"down": { "uv": [ 13.875, 14.125, 14.625, 14.25 ], "texture": "#texture" },
				"up": { "uv": [ 14.625, 14.25, 15.375, 14.125 ], "texture": "#texture" },
				"south": { "uv": [ 10.125, 14, 10.875, 14.125 ], "texture": "#texture", "cullface": "south" },
				"west": { "uv": [ 9.25, 9.125, 9.375, 9.25 ], "texture": "#texture" },
				"east": { "uv": [ 9.25, 9, 9.125, 9.125 ], "texture": "#texture" }
			}
		},
		{
			"__comment": "Voxels",
			"from": [ 5, 11, 0 ],
			"to": [ 11, 12, 1 ],
			"faces": {
				"down": { "uv": [ 10.875, 14, 11.625, 14.125 ], "texture": "#texture" },
				"up": { "uv": [ 9.375, 13.75, 10.125, 13.625 ], "texture": "#texture" },
				"north": { "uv": [ 12.375, 14, 11.625, 14.125 ], "texture": "#texture", "cullface": "north" },
				"south": { "uv": [ 12.375, 14, 13.125, 14.125 ], "texture": "#texture" },
				"west": { "uv": [ 9.25, 8.75, 9.375, 8.875 ], "texture": "#texture" },
				"east": { "uv": [ 9.25, 8.625, 9.125, 8.75 ], "texture": "#texture" }
			}
		},
		{
			"__comment": "Voxels",
			"from": [ 5, 11, 15 ],
			"to": [ 11, 12, 16 ],
			"faces": {
				"down": { "uv": [ 13.125, 14, 13.875, 14.125 ], "texture": "#texture" },
				"up": { "uv": [ 13.875, 14.125, 14.625, 14 ], "texture": "#texture" },
				"south": { "uv": [ 9.375, 13.875, 10.125, 14 ], "texture": "#texture", "cullface": "south" },
				"west": { "uv": [ 9.25, 8.375, 9.375, 8.5 ], "texture": "#texture" },
				"east": { "uv": [ 9.25, 8.25, 9.125, 8.375 ], "texture": "#texture" }
			}
		},
		{
			"__comment": "Voxels",
			"from": [ 5, 15, 4 ],
			"to": [ 11, 16, 5 ],
			"faces": {
				"up": { "uv": [ 10.875, 14, 11.625, 13.875 ], "texture": "#texture", "cullface": "up" },
				"north": { "uv": [ 12.375, 13.875, 11.625, 14 ], "texture": "#texture" },
				"west": { "uv": [ 10, 12.75, 10.125, 12.875 ], "texture": "#texture" },
				"east": { "uv": [ 10.125, 12.625, 10, 12.75 ], "texture": "#texture" }
			}
		},
		{
			"__comment": "Voxels",
			"from": [ 5, 15, 11 ],
			"to": [ 11, 16, 12 ],
			"faces": {
				"up": { "uv": [ 13.875, 14, 14.625, 13.875 ], "texture": "#texture", "cullface": "up" },
				"south": { "uv": [ 9.375, 13.75, 10.125, 13.875 ], "texture": "#texture" },
				"west": { "uv": [ 10, 12, 10.125, 12.125 ], "texture": "#texture" },
				"east": { "uv": [ 10, 11.875, 9.875, 12 ], "texture": "#texture" }
			}
		},
		{
			"__comment": "Voxels",
			"from": [ 6, 1, 2 ],
			"to": [ 10, 2, 3 ],
			"faces": {
				"down": { "uv": [ 9.375, 10.875, 9.875, 11 ], "texture": "#texture" },
				"north": { "uv": [ 9.875, 10.625, 9.375, 10.75 ], "texture": "#texture" },
				"west": { "uv": [ 10, 10.875, 10.125, 11 ], "texture": "#texture" },
				"east": { "uv": [ 10, 10.75, 9.875, 10.875 ], "texture": "#texture" }
			}
		},
		{
			"__comment": "Voxels",
			"from": [ 6, 1, 13 ],
			"to": [ 10, 2, 14 ],
			"faces": {
				"down": { "uv": [ 9.375, 10.5, 9.875, 10.625 ], "texture": "#texture" },
				"south": { "uv": [ 9.375, 10.125, 9.875, 10.25 ], "texture": "#texture" },
				"west": { "uv": [ 10, 10.375, 10.125, 10.5 ], "texture": "#texture" },
				"east": { "uv": [ 10, 10.125, 9.875, 10.25 ], "texture": "#texture" }
			}
		},
		{
			"__comment": "Voxels",
			"from": [ 6, 2, 1 ],
			"to": [ 10, 3, 2 ],
			"faces": {
				"down": { "uv": [ 9.375, 10, 9.875, 10.125 ], "texture": "#texture" },
				"north": { "uv": [ 9.875, 9.75, 9.375, 9.875 ], "texture": "#texture" },
				"west": { "uv": [ 10, 9.875, 10.125, 10 ], "texture": "#texture" },
				"east": { "uv": [ 10, 9.75, 9.875, 9.875 ], "texture": "#texture" }
			}
		},
		{
			"__comment": "Voxels",
			"from": [ 6, 2, 14 ],
			"to": [ 10, 3, 15 ],
			"faces": {
				"down": { "uv": [ 9.375, 9.5, 9.875, 9.625 ], "texture": "#texture" },
				"south": { "uv": [ 9.375, 9.125, 9.875, 9.25 ], "texture": "#texture" },
				"west": { "uv": [ 9.875, 9.375, 10, 9.5 ], "texture": "#texture" },
				"east": { "uv": [ 10.125, 9.375, 10, 9.5 ], "texture": "#texture" }
			}
		},
		{
			"__comment": "Voxels",
			"from": [ 6, 8, -1 ],
			"to": [ 7, 12, 0 ],
			"faces": {
				"down": { "uv": [ 9.875, 9.25, 10, 9.375 ], "texture": "#texture", "cullface": "north" },
				"up": { "uv": [ 10, 9.375, 10.125, 9.25 ], "texture": "#texture", "cullface": "north" },
				"north": { "uv": [ 10.25, 12.375, 10.125, 12.875 ], "texture": "#texture", "cullface": "north" },
				"south": { "uv": [ 9.875, 12.875, 10, 13.375 ], "texture": "#texture", "cullface": "north" },
				"west": { "uv": [ 10, 12.875, 10.125, 13.375 ], "texture": "#texture", "cullface": "north" },
				"east": { "uv": [ 9.5, 8.5, 9.375, 9 ], "texture": "#texture", "cullface": "north" }
			}
		},
		{
			"__comment": "Voxels",
			"from": [ 6, 12, 0 ],
			"to": [ 8, 13, 1 ],
			"faces": {
				"up": { "uv": [ 8.125, 11.25, 8.375, 11.125 ], "texture": "#texture" },
				"north": { "uv": [ 8.375, 10.25, 8.125, 10.375 ], "texture": "#texture", "cullface": "north" },
				"west": { "uv": [ 10, 8.125, 10.125, 8.25 ], "texture": "#texture" },
				"east": { "uv": [ 10.125, 8, 10, 8.125 ], "texture": "#texture" }
			}
		},
		{
			"__comment": "Voxels",
			"from": [ 6, 14, 2 ],
			"to": [ 7, 15, 3 ],
			"faces": {
				"up": { "uv": [ 15.875, 13.75, 16, 13.625 ], "texture": "#texture" },
				"north": { "uv": [ 10.375, 8, 10.25, 8.125 ], "texture": "#texture" },
				"west": { "uv": [ 12.25, 13.5, 12.375, 13.625 ], "texture": "#texture" },
				"east": { "uv": [ 12.5, 13.5, 12.375, 13.625 ], "texture": "#texture" }
			}
		},
		{
			"__comment": "Voxels",
			"from": [ 6, 14, 13 ],
			"to": [ 10, 15, 14 ],
			"faces": {
				"up": { "uv": [ 9.5, 8.875, 10, 8.75 ], "texture": "#texture" },
				"south": { "uv": [ 9.5, 8.5, 10, 8.625 ], "texture": "#texture" },
				"west": { "uv": [ 13.25, 13.5, 13.375, 13.625 ], "texture": "#texture" },
				"east": { "uv": [ 13.5, 13.5, 13.375, 13.625 ], "texture": "#texture" }
			}
		},
		{
			"__comment": "Voxels",
			"from": [ 7, 8, 0 ],
			"to": [ 8, 11, 1 ],
			"faces": {
				"down": { "uv": [ 13.5, 13.5, 13.625, 13.625 ], "texture": "#texture" },
				"north": { "uv": [ 5.25, 12.5, 5.125, 12.875 ], "texture": "#texture", "cullface": "north" },
				"east": { "uv": [ 10.375, 11.25, 10.25, 11.625 ], "texture": "#texture" }
			}
		},
		{
			"__comment": "Voxels",
			"from": [ 7, 8, 2 ],
			"to": [ 8, 12, 3 ],
			"faces": {
				"down": { "uv": [ 10.375, 11.875, 10.5, 12 ], "texture": "#texture" },
				"up": { "uv": [ 10.375, 11.875, 10.5, 11.75 ], "texture": "#texture" },
				"south": { "uv": [ 4.125, 8.25, 4.25, 8.75 ], "texture": "#texture" },
				"east": { "uv": [ 9.875, 12.875, 9.75, 13.375 ], "texture": "#texture" }
			}
		},
		{
			"__comment": "Voxels",
			"from": [ 7, 8, 5 ],
			"to": [ 8, 12, 11 ],
			"faces": {
				"down": { "uv": [ 4.125, 13.75, 4.25, 14.5 ], "texture": "#texture" },
				"north": { "uv": [ 10.25, 11.875, 10.125, 12.375 ], "texture": "#texture" },
				"south": { "uv": [ 10.125, 11.375, 10.25, 11.875 ], "texture": "#texture" },
				"east": { "uv": [ 4.125, 8.25, 3.375, 8.75 ], "texture": "#texture" }
			}
		},
		{
			"__comment": "Voxels",
			"from": [ 7, 8, 11 ],
			"to": [ 8, 11, 13 ],
			"faces": {
				"down": { "uv": [ 5.125, 10.125, 5.25, 10.375 ], "texture": "#texture" },
				"up": { "uv": [ 5.125, 10.125, 5.25, 9.875 ], "texture": "#texture" },
				"south": { "uv": [ 4.125, 13.375, 4.25, 13.75 ], "texture": "#texture" },
				"west": { "uv": [ 3.875, 12.25, 4.125, 12.625 ], "texture": "#texture" },
				"east": { "uv": [ 5.125, 14.125, 4.875, 14.5 ], "texture": "#texture" }
			}
		},
		{
			"__comment": "Voxels",
			"from": [ 7, 8, 13 ],
			"to": [ 8, 10, 16 ],
			"faces": {
				"down": { "uv": [ 4.125, 13, 4.25, 13.375 ], "texture": "#texture" },
				"up": { "uv": [ 4.125, 13, 4.25, 12.625 ], "texture": "#texture" },
				"south": { "uv": [ 6.75, 14.75, 6.875, 15 ], "texture": "#texture", "cullface": "south" },
				"west": { "uv": [ 4.875, 13.875, 5.25, 14.125 ], "texture": "#texture" },
				"east": { "uv": [ 5.125, 13.5, 4.75, 13.75 ], "texture": "#texture" }
			}
		},
		{
			"__comment": "Voxels",
			"from": [ 7, 10, -1 ],
			"to": [ 8, 12, 0 ],
			"faces": {
				"down": { "uv": [ 8.125, 8.625, 8.25, 8.75 ], "texture": "#texture", "cullface": "north" },
				"up": { "uv": [ 8.25, 8.75, 8.375, 8.625 ], "texture": "#texture", "cullface": "north" },
				"north": { "uv": [ 6.875, 14.5, 6.75, 14.75 ], "texture": "#texture", "cullface": "north" },
				"south": { "uv": [ 9.125, 8, 9.25, 8.25 ], "texture": "#texture", "cullface": "north" },
				"east": { "uv": [ 10.375, 9.125, 10.25, 9.375 ], "texture": "#texture", "cullface": "north" }
			}
		},
		{
			"__comment": "Voxels",
			"from": [ 7, 10, 15 ],
			"to": [ 12, 11, 16 ],
			"faces": {
				"down": { "uv": [ 15.375, 14.75, 16, 14.875 ], "texture": "#texture" },
				"up": { "uv": [ 15.375, 14.75, 16, 14.625 ], "texture": "#texture" },
				"south": { "uv": [ 15.375, 14.375, 16, 14.5 ], "texture": "#texture", "cullface": "south" },
				"east": { "uv": [ 9.375, 11.75, 9.25, 11.875 ], "texture": "#texture" }
			}
		},
		{
			"__comment": "Voxels",
			"from": [ 7, 11, 12 ],
			"to": [ 14, 12, 13 ],
			"faces": {
				"down": { "uv": [ 8.375, 10.375, 9.25, 10.5 ], "texture": "#texture" },
				"up": { "uv": [ 8.375, 10.375, 9.25, 10.25 ], "texture": "#texture" },
				"south": { "uv": [ 8.375, 10.625, 9.25, 10.75 ], "texture": "#texture" },
				"east": { "uv": [ 9.375, 11, 9.25, 11.125 ], "texture": "#texture" }
			}
		},
		{
			"__comment": "Voxels",
			"from": [ 7, 13, 5 ],
			"to": [ 14, 14, 6 ],
			"faces": {
				"up": { "uv": [ 8.375, 11, 9.25, 10.875 ], "texture": "#texture" },
				"north": { "uv": [ 9.25, 11, 8.375, 11.125 ], "texture": "#texture" },
				"east": { "uv": [ 9.375, 10.25, 9.25, 10.375 ], "texture": "#texture" }
			}
		},
		{
			"__comment": "Voxels",
			"from": [ 8, 6, 7 ],
			"to": [ 10, 7, 8 ],
			"faces": {
				"up": { "uv": [ 8.125, 11.625, 8.375, 11.5 ], "texture": "#texture" },
				"north": { "uv": [ 8.375, 11.375, 8.125, 11.5 ], "texture": "#texture" },
				"south": { "uv": [ 8.125, 11.25, 8.375, 11.375 ], "texture": "#texture" },
				"east": { "uv": [ 9.375, 9.625, 9.25, 9.75 ], "texture": "#texture" }
			}
		},
		{
			"__comment": "Voxels",
			"from": [ 8, 7, -1 ],
			"to": [ 9, 10, 0 ],
			"faces": {
				"down": { "uv": [ 9.125, 9.5, 9.25, 9.625 ], "texture": "#texture", "cullface": "north" },
				"up": { "uv": [ 9.25, 9.625, 9.375, 9.5 ], "texture": "#texture", "cullface": "north" },
				"north": { "uv": [ 8.125, 8, 8, 8.375 ], "texture": "#texture", "cullface": "north" },
				"south": { "uv": [ 8.25, 8, 8.375, 8.375 ], "texture": "#texture", "cullface": "north" },
				"west": { "uv": [ 10.125, 8, 10.25, 8.375 ], "texture": "#texture", "cullface": "north" },
				"east": { "uv": [ 10.375, 12.375, 10.25, 12.75 ], "texture": "#texture", "cullface": "north" }
			}
		},
		{
			"__comment": "Voxels",
			"from": [ 8, 9, 0 ],
			"to": [ 10, 11, 3 ],
			"faces": {
				"down": { "uv": [ 5, 13, 5.25, 13.375 ], "texture": "#texture" },
				"up": { "uv": [ 4.875, 12.875, 5.125, 12.5 ], "texture": "#texture" },
				"north": { "uv": [ 5.25, 11.625, 5, 11.875 ], "texture": "#texture", "cullface": "north" },
				"south": { "uv": [ 5, 11.25, 5.25, 11.5 ], "texture": "#texture" },
				"west": { "uv": [ 4.875, 12.125, 5.25, 12.375 ], "texture": "#texture" },
				"east": { "uv": [ 5.25, 11.875, 4.875, 12.125 ], "texture": "#texture" }
			}
		},
		{
			"__comment": "Voxels",
			"from": [ 8, 9, 3 ],
			"to": [ 10, 10, 16 ],
			"faces": {
				"down": { "uv": [ 4.5, 13.375, 4.75, 15 ], "texture": "#texture" },
				"up": { "uv": [ 4.25, 15, 4.5, 13.375 ], "texture": "#texture" },
				"south": { "uv": [ 5, 12.875, 5.25, 13 ], "texture": "#texture", "cullface": "south" },
				"west": { "uv": [ 5.25, 8.625, 6.875, 8.75 ], "texture": "#texture" },
				"east": { "uv": [ 6.875, 8.75, 5.25, 8.875 ], "texture": "#texture" }
			}
		},
		{
			"__comment": "Voxels",
			"from": [ 8, 10, 4 ],
			"to": [ 12, 11, 13 ],
			"faces": {
				"down": { "uv": [ 3.375, 13.375, 3.875, 14.5 ], "texture": "#texture" },
				"up": { "uv": [ 3.375, 13.375, 3.875, 12.25 ], "texture": "#texture" },
				"west": { "uv": [ 9.5, 15.375, 10.625, 15.5 ], "texture": "#texture" },
				"east": { "uv": [ 15.125, 15.375, 14, 15.5 ], "texture": "#texture" }
			}
		},
		{
			"__comment": "Voxels",
			"from": [ 8, 11, 1 ],
			"to": [ 13, 12, 3 ],
			"faces": {
				"down": { "uv": [ 1, 8.75, 1.625, 9 ], "texture": "#texture" },
				"up": { "uv": [ 4.25, 8.375, 4.875, 8.125 ], "texture": "#texture" },
				"north": { "uv": [ 10, 12.375, 9.375, 12.5 ], "texture": "#texture" },
				"south": { "uv": [ 9.375, 12.25, 10, 12.375 ], "texture": "#texture" },
				"west": { "uv": [ 5, 8.75, 5.25, 8.875 ], "texture": "#texture" },
				"east": { "uv": [ 5.25, 8.625, 5, 8.75 ], "texture": "#texture" }
			}
		},
		{
			"__comment": "Voxels",
			"from": [ 8, 11, 5 ],
			"to": [ 14, 12, 11 ],
			"faces": {
				"down": { "uv": [ 2.625, 11.5, 3.375, 12.25 ], "texture": "#texture" },
				"east": { "uv": [ 9.125, 9.25, 8.375, 9.375 ], "texture": "#texture" }
			}
		},
		{
			"__comment": "Voxels",
			"from": [ 8, 12, 3 ],
			"to": [ 9, 13, 4 ],
			"faces": {
				"up": { "uv": [ 10, 11.75, 10.125, 11.625 ], "texture": "#texture" },
				"north": { "uv": [ 10, 11.5, 9.875, 11.625 ], "texture": "#texture" },
				"west": { "uv": [ 9.875, 11.375, 10, 11.5 ], "texture": "#texture" },
				"east": { "uv": [ 10.125, 11.375, 10, 11.5 ], "texture": "#texture" }
			}
		},
		{
			"__comment": "Voxels",
			"from": [ 9, 14, 2 ],
			"to": [ 10, 15, 3 ],
			"faces": {
				"down": { "uv": [ 9.875, 11.25, 10, 11.375 ], "texture": "#texture" },
				"up": { "uv": [ 10, 11.375, 10.125, 11.25 ], "texture": "#texture" },
				"north": { "uv": [ 10, 11.125, 9.875, 11.25 ], "texture": "#texture" },
				"west": { "uv": [ 9.875, 11, 10, 11.125 ], "texture": "#texture" },
				"east": { "uv": [ 10.125, 11, 10, 11.125 ], "texture": "#texture" }
			}
		},
		{
			"__comment": "Voxels",
			"from": [ 10, 5, 3 ],
			"to": [ 12, 6, 4 ],
			"faces": {
				"up": { "uv": [ 6.625, 13.875, 6.875, 13.75 ], "texture": "#texture" },
				"north": { "uv": [ 6.875, 13.625, 6.625, 13.75 ], "texture": "#texture" },
				"south": { "uv": [ 6.625, 13.5, 6.875, 13.625 ], "texture": "#texture" },
				"west": { "uv": [ 9.875, 10.625, 10, 10.75 ], "texture": "#texture" },
				"east": { "uv": [ 10.125, 10.625, 10, 10.75 ], "texture": "#texture" }
			}
		},
		{
			"__comment": "Voxels",
			"from": [ 10, 5, 7 ],
			"to": [ 12, 6, 8 ],
			"faces": {
				"up": { "uv": [ 15.625, 15.875, 15.875, 15.75 ], "texture": "#texture" },
				"north": { "uv": [ 8.375, 13.5, 8.125, 13.625 ], "texture": "#texture" },
				"south": { "uv": [ 8.125, 13.375, 8.375, 13.5 ], "texture": "#texture" },
				"east": { "uv": [ 10.125, 10.25, 10, 10.375 ], "texture": "#texture" }
			}
		},
		{
			"__comment": "Voxels",
			"from": [ 10, 10, 0 ],
			"to": [ 12, 11, 3 ],
			"faces": {
				"down": { "uv": [ 3.125, 13.125, 3.375, 13.5 ], "texture": "#texture" },
				"up": { "uv": [ 3.125, 10, 3.375, 9.625 ], "texture": "#texture" },
				"north": { "uv": [ 8.375, 13.125, 8.125, 13.25 ], "texture": "#texture", "cullface": "north" },
				"east": { "uv": [ 6.875, 12.625, 6.5, 12.75 ], "texture": "#texture" }
			}
		},
		{
			"__comment": "Voxels",
			"from": [ 10, 12, 1 ],
			"to": [ 12, 13, 4 ],
			"faces": {
				"down": { "uv": [ 3.125, 9.125, 3.375, 9.5 ], "texture": "#texture" },
				"up": { "uv": [ 3.875, 13.75, 4.125, 13.375 ], "texture": "#texture" },
				"north": { "uv": [ 8.375, 12.75, 8.125, 12.875 ], "texture": "#texture" },
				"west": { "uv": [ 6.5, 12.5, 6.875, 12.625 ], "texture": "#texture" },
				"east": { "uv": [ 6.875, 12.375, 6.5, 12.5 ], "texture": "#texture" }
			}
		},
		{
			"__comment": "Voxels",
			"from": [ 10, 12, 12 ],
			"to": [ 14, 13, 13 ],
			"faces": {
				"up": { "uv": [ 13.25, 13.75, 13.75, 13.625 ], "texture": "#texture" },
				"south": { "uv": [ 13.75, 13.625, 14.25, 13.75 ], "texture": "#texture" },
				"west": { "uv": [ 9.875, 9.125, 10, 9.25 ], "texture": "#texture" },
				"east": { "uv": [ 10.125, 9.125, 10, 9.25 ], "texture": "#texture" }
			}
		},
		{
			"__comment": "Voxels",
			"from": [ 10, 13, 2 ],
			"to": [ 12, 14, 5 ],
			"faces": {
				"down": { "uv": [ 3.875, 13, 4.125, 13.375 ], "texture": "#texture" },
				"up": { "uv": [ 3.875, 13, 4.125, 12.625 ], "texture": "#texture" },
				"north": { "uv": [ 8.375, 12, 8.125, 12.125 ], "texture": "#texture" },
				"west": { "uv": [ 6.5, 12.125, 6.875, 12.25 ], "texture": "#texture" },
				"east": { "uv": [ 6.875, 12, 6.5, 12.125 ], "texture": "#texture" }
			}
		},
		{
			"__comment": "Voxels",
			"from": [ 10, 13, 11 ],
			"to": [ 14, 14, 12 ],
			"faces": {
				"up": { "uv": [ 10.375, 13.625, 10.875, 13.5 ], "texture": "#texture" },
				"south": { "uv": [ 11.375, 13.5, 11.875, 13.625 ], "texture": "#texture" },
				"west": { "uv": [ 15.75, 13.75, 15.875, 13.875 ], "texture": "#texture" },
				"east": { "uv": [ 16, 13.75, 15.875, 13.875 ], "texture": "#texture" }
			}
		},
		{
			"__comment": "Voxels",
			"from": [ 10, 13, 12 ],
			"to": [ 13, 14, 13 ],
			"faces": {
				"up": { "uv": [ 6.5, 11.625, 6.875, 11.5 ], "texture": "#texture" },
				"south": { "uv": [ 6.5, 11.25, 6.875, 11.375 ], "texture": "#texture" },
				"west": { "uv": [ 12, 13.5, 12.125, 13.625 ], "texture": "#texture" },
				"east": { "uv": [ 12.25, 13.5, 12.125, 13.625 ], "texture": "#texture" }
			}
		},
		{
			"__comment": "Voxels",
			"from": [ 12, 4, 7 ],
			"to": [ 14, 5, 8 ],
			"faces": {
				"up": { "uv": [ 8.125, 11, 8.375, 10.875 ], "texture": "#texture" },
				"north": { "uv": [ 8.375, 10.75, 8.125, 10.875 ], "texture": "#texture" },
				"south": { "uv": [ 8.125, 10.625, 8.375, 10.75 ], "texture": "#texture" },
				"east": { "uv": [ 13, 13.5, 12.875, 13.625 ], "texture": "#texture" }
			}
		},
		{
			"__comment": "Voxels",
			"from": [ 12, 11, 3 ],
			"to": [ 14, 13, 4 ],
			"faces": {
				"down": { "uv": [ 8.125, 10.5, 8.375, 10.625 ], "texture": "#texture" },
				"up": { "uv": [ 8.125, 10.5, 8.375, 10.375 ], "texture": "#texture" },
				"north": { "uv": [ 5.125, 10.875, 4.875, 11.125 ], "texture": "#texture" },
				"west": { "uv": [ 10.375, 12.75, 10.5, 13 ], "texture": "#texture" },
				"east": { "uv": [ 10.5, 12.5, 10.375, 12.75 ], "texture": "#texture" }
			}
		},
		{
			"__comment": "Voxels",
			"from": [ 12, 11, 13 ],
			"to": [ 14, 12, 14 ],
			"faces": {
				"down": { "uv": [ 8.125, 10, 8.375, 10.125 ], "texture": "#texture" },
				"up": { "uv": [ 8.125, 10, 8.375, 9.875 ], "texture": "#texture" },
				"south": { "uv": [ 8.125, 9.625, 8.375, 9.75 ], "texture": "#texture" },
				"east": { "uv": [ 14.5, 13.5, 14.375, 13.625 ], "texture": "#texture" }
			}
		},
		{
			"__comment": "Voxels",
			"from": [ 12, 11, 14 ],
			"to": [ 13, 12, 15 ],
			"faces": {
				"down": { "uv": [ 14.5, 13.5, 14.625, 13.625 ], "texture": "#texture" },
				"up": { "uv": [ 14.625, 13.625, 14.75, 13.5 ], "texture": "#texture" },
				"south": { "uv": [ 14.875, 13.5, 15, 13.625 ], "texture": "#texture" },
				"east": { "uv": [ 15.25, 13.5, 15.125, 13.625 ], "texture": "#texture" }
			}
		},
		{
			"__comment": "Voxels",
			"from": [ 12, 12, 2 ],
			"to": [ 13, 13, 3 ],
			"faces": {
				"up": { "uv": [ 15.375, 13.625, 15.5, 13.5 ], "texture": "#texture" },
				"north": { "uv": [ 15.625, 13.5, 15.5, 13.625 ], "texture": "#texture" },
				"east": { "uv": [ 16, 13.5, 15.875, 13.625 ], "texture": "#texture" }
			}
		},
		{
			"__comment": "Voxels",
			"from": [ 12, 13, 3 ],
			"to": [ 13, 14, 5 ],
			"faces": {
				"down": { "uv": [ 10.375, 12.25, 10.5, 12.5 ], "texture": "#texture" },
				"up": { "uv": [ 10.375, 12.25, 10.5, 12 ], "texture": "#texture" },
				"north": { "uv": [ 10.5, 11.625, 10.375, 11.75 ], "texture": "#texture" },
				"east": { "uv": [ 8.375, 9.375, 8.125, 9.5 ], "texture": "#texture" }
			}
		},
		{
			"__comment": "Voxels",
			"from": [ 13, 11, 2 ],
			"to": [ 14, 12, 3 ],
			"faces": {
				"down": { "uv": [ 10.375, 11.125, 10.5, 11.25 ], "texture": "#texture" },
				"up": { "uv": [ 10.375, 11.125, 10.5, 11 ], "texture": "#texture" },
				"north": { "uv": [ 10.5, 10.875, 10.375, 11 ], "texture": "#texture" },
				"east": { "uv": [ 10.5, 10.5, 10.375, 10.625 ], "texture": "#texture" }
			}
		},
		{
			"__comment": "Voxels",
			"from": [ 13, 13, 4 ],
			"to": [ 14, 14, 5 ],
			"faces": {
				"up": { "uv": [ 10.375, 10.375, 10.5, 10.25 ], "texture": "#texture" },
				"north": { "uv": [ 10.5, 10.125, 10.375, 10.25 ], "texture": "#texture" },
				"east": { "uv": [ 10.5, 9.75, 10.375, 9.875 ], "texture": "#texture" }
			}
		},
		{
			"__comment": "Voxels",
			"from": [ 14, 0, 3 ],
			"to": [ 15, 3, 4 ],
			"faces": {
				"down": { "uv": [ 10.375, 9.625, 10.5, 9.75 ], "texture": "#texture", "cullface": "down" },
				"north": { "uv": [ 10.375, 10.5, 10.25, 10.875 ], "texture": "#texture" },
				"south": { "uv": [ 10.25, 10.125, 10.375, 10.5 ], "texture": "#texture" },
				"west": { "uv": [ 10.25, 9.75, 10.375, 10.125 ], "texture": "#texture" },
				"east": { "uv": [ 10.375, 9.375, 10.25, 9.75 ], "texture": "#texture" }
			}
		},
		{
			"__comment": "Voxels",
			"from": [ 14, 3, 6 ],
			"to": [ 15, 4, 7 ],
			"faces": {
				"up": { "uv": [ 10.375, 8.875, 10.5, 8.75 ], "texture": "#texture" },
				"north": { "uv": [ 10.5, 8.625, 10.375, 8.75 ], "texture": "#texture" },
				"south": { "uv": [ 10.375, 8.5, 10.5, 8.625 ], "texture": "#texture" },
				"east": { "uv": [ 10.5, 8.25, 10.375, 8.375 ], "texture": "#texture" }
			}
		},
		{
			"__comment": "Voxels",
			"from": [ 14, 12, 4 ],
			"to": [ 15, 13, 5 ],
			"faces": {
				"down": { "uv": [ 10.375, 8.125, 10.5, 8.25 ], "texture": "#texture" },
				"up": { "uv": [ 10.375, 8.125, 10.5, 8 ], "texture": "#texture" },
				"north": { "uv": [ 10.625, 13.375, 10.5, 13.5 ], "texture": "#texture" },
				"east": { "uv": [ 11, 13.375, 10.875, 13.5 ], "texture": "#texture" }
			}
		},
		{
			"__comment": "Voxels",
			"from": [ 14, 12, 11 ],
			"to": [ 15, 13, 12 ],
			"faces": {
				"down": { "uv": [ 11, 13.375, 11.125, 13.5 ], "texture": "#texture" },
				"up": { "uv": [ 11.125, 13.5, 11.25, 13.375 ], "texture": "#texture" },
				"south": { "uv": [ 11.375, 13.375, 11.5, 13.5 ], "texture": "#texture" },
				"east": { "uv": [ 11.75, 13.375, 11.625, 13.5 ], "texture": "#texture" }
			}
		},
		{
			"__comment": "Voxels",
			"from": [ 15, 1, 6 ],
			"to": [ 16, 2, 7 ],
			"faces": {
				"down": { "uv": [ 11.75, 13.375, 11.875, 13.5 ], "texture": "#texture" },
				"north": { "uv": [ 12.125, 13.375, 12, 13.5 ], "texture": "#texture" },
				"south": { "uv": [ 12.125, 13.375, 12.25, 13.5 ], "texture": "#texture" },
				"west": { "uv": [ 12.25, 13.375, 12.375, 13.5 ], "texture": "#texture" },
				"east": { "uv": [ 12.5, 13.375, 12.375, 13.5 ], "texture": "#texture", "cullface": "east" }
			}
		}
	],
	"display": {
		"thirdperson": {
			"rotation":  [ 180, 90, 0 ],
			"translation":  [ 0, 5, 0 ]
		},
		"firstperson": {
			"rotation":  [ 0, 128, 14 ],
			"translation":  [ 0, 0.6956, 0 ]
		},
		"gui": {
			"rotation":  [ 0, -157, 0 ],
			"scale":  [ 0.5, 0.5, 0.5 ]
		}
	}
}