{
	"__comment": "Designed by Cookiecentrale with Cubik Studio - https://cubik.studio",
	"textures": {
		"Hand": "lucky:blocks/Hand"
	},
	"elements": [ 	 
		{
			"__comment": "Voxels",
			"from": [ 3.5, 8, 7 ],
			"to": [ 7.5, 13.5, 7.5 ],
			"faces": {
				"down": { "uv": [ 6.5, 12.5, 8.5, 12.75 ], "texture": "#Hand" },
				"up": { "uv": [ 14, 15, 16, 14.75 ], "texture": "#Hand" },
				"north": { "uv": [ 2, 13.25, 0, 16 ], "texture": "#Hand" },
				"south": { "uv": [ 0, 10.5, 2, 13.25 ], "texture": "#Hand" },
				"west": { "uv": [ 2.5, 5, 2.75, 7.75 ], "texture": "#Hand" },
				"east": { "uv": [ 2.75, 2.25, 2.5, 5 ], "texture": "#Hand" }
			}
		},
		{
			"__comment": "Voxels",
			"from": [ 3.5, 8, 7.5 ],
			"to": [ 7.5, 8.5, 10 ],
			"faces": {
				"down": { "uv": [ 2, 14.75, 4, 16 ], "texture": "#Hand" },
				"up": { "uv": [ 4, 16, 6, 14.75 ], "texture": "#Hand" },
				"north": { "uv": [ 8.5, 13.5, 6.5, 13.75 ], "texture": "#Hand" },
				"south": { "uv": [ 6.5, 13.25, 8.5, 13.5 ], "texture": "#Hand" },
				"west": { "uv": [ 9, 14.75, 10.25, 15 ], "texture": "#Hand" },
				"east": { "uv": [ 11.5, 14.75, 10.25, 15 ], "texture": "#Hand" }
			}
		},
		{
			"__comment": "Voxels",
			"from": [ 3.5, 8.5, 9.5 ],
			"to": [ 7.5, 13.5, 10 ],
			"faces": {
				"down": { "uv": [ 6.5, 13, 8.5, 13.25 ], "texture": "#Hand" },
				"up": { "uv": [ 8, 12.5, 10, 12.25 ], "texture": "#Hand" },
				"north": { "uv": [ 2, 8, 0, 10.5 ], "texture": "#Hand" },
				"south": { "uv": [ 0, 5.5, 2, 8 ], "texture": "#Hand" },
				"west": { "uv": [ 2.75, 11.25, 3, 13.75 ], "texture": "#Hand" },
				"east": { "uv": [ 3, 8.75, 2.75, 11.25 ], "texture": "#Hand" }
			}
		},
		{
			"__comment": "Voxels",
			"from": [ 3.5, 13.5, 7 ],
			"to": [ 4, 14.5, 7.5 ],
			"faces": {
				"down": { "uv": [ 4.25, 2, 4.5, 2.25 ], "texture": "#Hand" },
				"up": { "uv": [ 4, 2.25, 4.25, 2 ], "texture": "#Hand" },
				"north": { "uv": [ 4.5, 6.75, 4.25, 7.25 ], "texture": "#Hand" },
				"south": { "uv": [ 4, 5.5, 4.25, 6 ], "texture": "#Hand" },
				"west": { "uv": [ 4, 6.75, 4.25, 7.25 ], "texture": "#Hand" },
				"east": { "uv": [ 4.5, 7.25, 4.25, 7.75 ], "texture": "#Hand" }
			}
		},
		{
			"__comment": "Voxels",
			"from": [ 3.5, 13.5, 9.5 ],
			"to": [ 4, 14.5, 10 ],
			"faces": {
				"down": { "uv": [ 4.25, 3.5, 4.5, 3.75 ], "texture": "#Hand" },
				"up": { "uv": [ 4, 3.75, 4.25, 3.5 ], "texture": "#Hand" },
				"north": { "uv": [ 4.25, 7.25, 4, 7.75 ], "texture": "#Hand" },
				"south": { "uv": [ 4.25, 7.75, 4.5, 8.25 ], "texture": "#Hand" },
				"west": { "uv": [ 4, 7.75, 4.25, 8.25 ], "texture": "#Hand" },
				"east": { "uv": [ 4.5, 9, 4.25, 9.5 ], "texture": "#Hand" }
			}
		},
		{
			"__comment": "Voxels",
			"from": [ 3.5, 14.5, 7.5 ],
			"to": [ 7.5, 15, 8 ],
			"faces": {
				"down": { "uv": [ 10.5, 13.25, 12.5, 13.5 ], "texture": "#Hand" },
				"up": { "uv": [ 10.5, 13.75, 12.5, 13.5 ], "texture": "#Hand" },
				"north": { "uv": [ 6, 12.25, 4, 12.5 ], "texture": "#Hand" },
				"south": { "uv": [ 6.5, 12.75, 8.5, 13 ], "texture": "#Hand" },
				"west": { "uv": [ 4.25, 5.5, 4.5, 5.75 ], "texture": "#Hand" },
				"east": { "uv": [ 4.5, 5.75, 4.25, 6 ], "texture": "#Hand" }
			}
		},
		{
			"__comment": "Voxels",
			"from": [ 3.5, 14.5, 9 ],
			"to": [ 7.5, 15, 9.5 ],
			"faces": {
				"down": { "uv": [ 14, 13.5, 16, 13.75 ], "texture": "#Hand" },
				"up": { "uv": [ 10.5, 13, 12.5, 12.75 ], "texture": "#Hand" },
				"north": { "uv": [ 12, 12.25, 10, 12.5 ], "texture": "#Hand" },
				"south": { "uv": [ 6, 12.25, 8, 12.5 ], "texture": "#Hand" },
				"west": { "uv": [ 2, 0, 2.25, 0.25 ], "texture": "#Hand" },
				"east": { "uv": [ 4.25, 1.75, 4, 2 ], "texture": "#Hand" }
			}
		},
		{
			"__comment": "Voxels",
			"from": [ 3.5, 15, 8 ],
			"to": [ 7.5, 15.5, 9 ],
			"faces": {
				"down": { "uv": [ 14, 15, 16, 15.5 ], "texture": "#Hand" },
				"up": { "uv": [ 14, 16, 16, 15.5 ], "texture": "#Hand" },
				"north": { "uv": [ 12.5, 12.5, 10.5, 12.75 ], "texture": "#Hand" },
				"south": { "uv": [ 10.5, 13, 12.5, 13.25 ], "texture": "#Hand" },
				"west": { "uv": [ 4, 8.25, 4.5, 8.5 ], "texture": "#Hand" },
				"east": { "uv": [ 4.5, 10, 4, 10.25 ], "texture": "#Hand" }
			}
		},
		{
			"__comment": "Voxels",
			"from": [ 4, 8, 6.5 ],
			"to": [ 7, 8.5, 7 ],
			"faces": {
				"down": { "uv": [ 4, 11.5, 5.5, 11.75 ], "texture": "#Hand" },
				"up": { "uv": [ 5.5, 11.75, 7, 11.5 ], "texture": "#Hand" },
				"north": { "uv": [ 8.5, 11.5, 7, 11.75 ], "texture": "#Hand" },
				"south": { "uv": [ 8.5, 11.5, 10, 11.75 ], "texture": "#Hand" },
				"west": { "uv": [ 4.25, 3.25, 4.5, 3.5 ], "texture": "#Hand" },
				"east": { "uv": [ 4.25, 4.25, 4, 4.5 ], "texture": "#Hand" }
			}
		},
		{
			"__comment": "Voxels",
			"from": [ 4, 8, 10 ],
			"to": [ 7, 8.5, 10.5 ],
			"faces": {
				"down": { "uv": [ 10, 11.5, 11.5, 11.75 ], "texture": "#Hand" },
				"up": { "uv": [ 11.5, 11.75, 13, 11.5 ], "texture": "#Hand" },
				"north": { "uv": [ 14.5, 11.5, 13, 11.75 ], "texture": "#Hand" },
				"south": { "uv": [ 14.5, 11.5, 16, 11.75 ], "texture": "#Hand" },
				"west": { "uv": [ 4, 3, 4.25, 3.25 ], "texture": "#Hand" },
				"east": { "uv": [ 4.25, 3.25, 4, 3.5 ], "texture": "#Hand" }
			}
		},
		{
			"__comment": "Voxels",
			"from": [ 4, 8.5, 6.5 ],
			"to": [ 4.5, 14.5, 7 ],
			"faces": {
				"down": { "uv": [ 4.25, 4.25, 4.5, 4.5 ], "texture": "#Hand" },
				"up": { "uv": [ 4.25, 3, 4.5, 2.75 ], "texture": "#Hand" },
				"north": { "uv": [ 2.75, 10.75, 2.5, 13.75 ], "texture": "#Hand" },
				"south": { "uv": [ 2.25, 1.75, 2.5, 4.75 ], "texture": "#Hand" },
				"west": { "uv": [ 2, 1.75, 2.25, 4.75 ], "texture": "#Hand" },
				"east": { "uv": [ 2.5, 4.75, 2.25, 7.75 ], "texture": "#Hand" }
			}
		},
		{
			"__comment": "Voxels",
			"from": [ 4, 8.5, 7.5 ],
			"to": [ 4.5, 14.5, 9.5 ],
			"faces": {
				"down": { "uv": [ 3.75, 5, 4, 6 ], "texture": "#Hand" },
				"up": { "uv": [ 3.25, 4.5, 3.5, 3.5 ], "texture": "#Hand" },
				"north": { "uv": [ 2.5, 7.75, 2.25, 10.75 ], "texture": "#Hand" },
				"south": { "uv": [ 2.25, 10.75, 2.5, 13.75 ], "texture": "#Hand" },
				"west": { "uv": [ 1, 2.5, 2, 5.5 ], "texture": "#Hand" },
				"east": { "uv": [ 1, 2.5, 0, 5.5 ], "texture": "#Hand" }
			}
		},
		{
			"__comment": "Voxels",
			"from": [ 4, 8.5, 10 ],
			"to": [ 4.5, 14.5, 10.5 ],
			"faces": {
				"down": { "uv": [ 4, 4, 4.25, 4.25 ], "texture": "#Hand" },
				"up": { "uv": [ 4.25, 2, 4.5, 1.75 ], "texture": "#Hand" },
				"north": { "uv": [ 2.75, 7.75, 2.5, 10.75 ], "texture": "#Hand" },
				"south": { "uv": [ 2, 4.75, 2.25, 7.75 ], "texture": "#Hand" },
				"west": { "uv": [ 2, 7.75, 2.25, 10.75 ], "texture": "#Hand" },
				"east": { "uv": [ 2.25, 10.75, 2, 13.75 ], "texture": "#Hand" }
			}
		},
		{
			"__comment": "Voxels",
			"from": [ 4, 14, 7 ],
			"to": [ 7.5, 15, 7.5 ],
			"faces": {
				"down": { "uv": [ 12, 12.25, 13.75, 12.5 ], "texture": "#Hand" },
				"up": { "uv": [ 13.75, 12.5, 15.5, 12.25 ], "texture": "#Hand" },
				"north": { "uv": [ 12.5, 14.25, 10.75, 14.75 ], "texture": "#Hand" },
				"south": { "uv": [ 9, 14.25, 10.75, 14.75 ], "texture": "#Hand" },
				"west": { "uv": [ 3.5, 0, 3.75, 0.5 ], "texture": "#Hand" },
				"east": { "uv": [ 4, 0.5, 3.75, 1 ], "texture": "#Hand" }
			}
		},
		{
			"__comment": "Voxels",
			"from": [ 4, 14, 9.5 ],
			"to": [ 7.5, 15, 10 ],
			"faces": {
				"down": { "uv": [ 4, 12, 5.75, 12.25 ], "texture": "#Hand" },
				"up": { "uv": [ 5.75, 12.25, 7.5, 12 ], "texture": "#Hand" },
				"north": { "uv": [ 9, 14.25, 7.25, 14.75 ], "texture": "#Hand" },
				"south": { "uv": [ 5.5, 14.25, 7.25, 14.75 ], "texture": "#Hand" },
				"west": { "uv": [ 3.5, 0.5, 3.75, 1 ], "texture": "#Hand" },
				"east": { "uv": [ 3.5, 0, 3.25, 0.5 ], "texture": "#Hand" }
			}
		},
		{
			"__comment": "Voxels",
			"from": [ 4, 14.5, 8 ],
			"to": [ 7.5, 15, 9 ],
			"faces": {
				"down": { "uv": [ 2, 14.25, 3.75, 14.75 ], "texture": "#Hand" },
				"up": { "uv": [ 3.75, 14.75, 5.5, 14.25 ], "texture": "#Hand" },
				"north": { "uv": [ 11, 12, 9.25, 12.25 ], "texture": "#Hand" },
				"south": { "uv": [ 7.5, 12, 9.25, 12.25 ], "texture": "#Hand" },
				"west": { "uv": [ 3.5, 1.25, 4, 1.5 ], "texture": "#Hand" },
				"east": { "uv": [ 4, 1.5, 3.5, 1.75 ], "texture": "#Hand" }
			}
		},
		{
			"__comment": "Voxels",
			"from": [ 4, 15, 7.5 ],
			"to": [ 7.5, 15.5, 8 ],
			"faces": {
				"down": { "uv": [ 12.75, 11.75, 14.5, 12 ], "texture": "#Hand" },
				"up": { "uv": [ 7.5, 12, 9.25, 11.75 ], "texture": "#Hand" },
				"north": { "uv": [ 11, 11.75, 9.25, 12 ], "texture": "#Hand" },
				"south": { "uv": [ 11, 11.75, 12.75, 12 ], "texture": "#Hand" },
				"west": { "uv": [ 4, 1, 4.25, 1.25 ], "texture": "#Hand" },
				"east": { "uv": [ 2.5, 0, 2.25, 0.25 ], "texture": "#Hand" }
			}
		},
		{
			"__comment": "Voxels",
			"from": [ 4, 15, 9 ],
			"to": [ 7.5, 15.5, 9.5 ],
			"faces": {
				"down": { "uv": [ 11, 12, 12.75, 12.25 ], "texture": "#Hand" },
				"up": { "uv": [ 12.75, 12.25, 14.5, 12 ], "texture": "#Hand" },
				"north": { "uv": [ 5.75, 11.75, 4, 12 ], "texture": "#Hand" },
				"south": { "uv": [ 5.75, 11.75, 7.5, 12 ], "texture": "#Hand" },
				"west": { "uv": [ 4, 4.5, 4.25, 4.75 ], "texture": "#Hand" },
				"east": { "uv": [ 4.5, 4.5, 4.25, 4.75 ], "texture": "#Hand" }
			}
		},
		{
			"__comment": "Voxels",
			"from": [ 4.5, 13.5, 6.5 ],
			"to": [ 7, 15.5, 7 ],
			"faces": {
				"down": { "uv": [ 7.75, 10.75, 9, 11 ], "texture": "#Hand" },
				"up": { "uv": [ 5.25, 11, 6.5, 10.75 ], "texture": "#Hand" },
				"north": { "uv": [ 10.25, 15, 9, 16 ], "texture": "#Hand" },
				"south": { "uv": [ 12.75, 15, 14, 16 ], "texture": "#Hand" },
				"west": { "uv": [ 3.25, 5.5, 3.5, 6.5 ], "texture": "#Hand" },
				"east": { "uv": [ 3.5, 6.5, 3.25, 7.5 ], "texture": "#Hand" }
			}
		},
		{
			"__comment": "Voxels",
			"from": [ 4.5, 13.5, 10 ],
			"to": [ 7, 15.5, 10.5 ],
			"faces": {
				"down": { "uv": [ 9, 10.75, 10.25, 11 ], "texture": "#Hand" },
				"up": { "uv": [ 3.5, 12.75, 4.75, 12.5 ], "texture": "#Hand" },
				"north": { "uv": [ 11.5, 15, 10.25, 16 ], "texture": "#Hand" },
				"south": { "uv": [ 11.5, 15, 12.75, 16 ], "texture": "#Hand" },
				"west": { "uv": [ 3.5, 5, 3.75, 6 ], "texture": "#Hand" },
				"east": { "uv": [ 2.75, 0, 2.5, 1 ], "texture": "#Hand" }
			}
		},
		{
			"__comment": "Voxels",
			"from": [ 4.5, 14, 7.5 ],
			"to": [ 7.5, 14.5, 9.5 ],
			"faces": {
				"down": { "uv": [ 6, 15, 7.5, 16 ], "texture": "#Hand" },
				"up": { "uv": [ 7.5, 16, 9, 15 ], "texture": "#Hand" },
				"north": { "uv": [ 5.5, 11.25, 4, 11.5 ], "texture": "#Hand" },
				"south": { "uv": [ 5.5, 11.25, 7, 11.5 ], "texture": "#Hand" },
				"west": { "uv": [ 15, 10.75, 16, 11 ], "texture": "#Hand" },
				"east": { "uv": [ 15, 10.75, 14, 11 ], "texture": "#Hand" }
			}
		},
		{
			"__comment": "Voxels",
			"from": [ 4.5, 15, 7 ],
			"to": [ 7.5, 15.5, 7.5 ],
			"faces": {
				"down": { "uv": [ 7, 11.25, 8.5, 11.5 ], "texture": "#Hand" },
				"up": { "uv": [ 8.5, 11.5, 10, 11.25 ], "texture": "#Hand" },
				"north": { "uv": [ 11.5, 11.25, 10, 11.5 ], "texture": "#Hand" },
				"south": { "uv": [ 11.5, 11.25, 13, 11.5 ], "texture": "#Hand" },
				"west": { "uv": [ 4.25, 3.75, 4.5, 4 ], "texture": "#Hand" },
				"east": { "uv": [ 4.25, 3.75, 4, 4 ], "texture": "#Hand" }
			}
		},
		{
			"__comment": "Voxels",
			"from": [ 4.5, 15, 9.5 ],
			"to": [ 7.5, 15.5, 10 ],
			"faces": {
				"down": { "uv": [ 13, 11.25, 14.5, 11.5 ], "texture": "#Hand" },
				"up": { "uv": [ 14.5, 11.5, 16, 11.25 ], "texture": "#Hand" },
				"north": { "uv": [ 5.5, 11, 4, 11.25 ], "texture": "#Hand" },
				"south": { "uv": [ 5.5, 11, 7, 11.25 ], "texture": "#Hand" },
				"west": { "uv": [ 4.25, 2.5, 4.5, 2.75 ], "texture": "#Hand" },
				"east": { "uv": [ 4.25, 2.5, 4, 2.75 ], "texture": "#Hand" }
			}
		},
		{
			"__comment": "Voxels",
			"from": [ 4.5, 17, 5 ],
			"to": [ 7.5, 17.5, 6 ],
			"faces": {
				"down": { "uv": [ 9.5, 13.75, 11, 14.25 ], "texture": "#Hand" },
				"up": { "uv": [ 12.5, 14.75, 14, 14.25 ], "texture": "#Hand" },
				"north": { "uv": [ 8.5, 11, 7, 11.25 ], "texture": "#Hand" },
				"south": { "uv": [ 8.5, 11, 10, 11.25 ], "texture": "#Hand" },
				"west": { "uv": [ 4, 6.5, 4.5, 6.75 ], "texture": "#Hand" },
				"east": { "uv": [ 4.5, 6.25, 4, 6.5 ], "texture": "#Hand" }
			}
		},
		{
			"__comment": "Voxels",
			"from": [ 4.5, 17.5, 5 ],
			"to": [ 7, 18, 6 ],
			"faces": {
				"down": { "uv": [ 3.5, 12.75, 4.75, 13.25 ], "texture": "#Hand" },
				"up": { "uv": [ 3.5, 13.75, 4.75, 13.25 ], "texture": "#Hand" },
				"north": { "uv": [ 6.5, 12.5, 5.25, 12.75 ], "texture": "#Hand" },
				"south": { "uv": [ 4, 10.75, 5.25, 11 ], "texture": "#Hand" },
				"west": { "uv": [ 4, 5.25, 4.5, 5.5 ], "texture": "#Hand" },
				"east": { "uv": [ 4.5, 5, 4, 5.25 ], "texture": "#Hand" }
			}
		},
		{
			"__comment": "Voxels",
			"from": [ 4.5, 17.5, 6.5 ],
			"to": [ 7.5, 18, 7.5 ],
			"faces": {
				"down": { "uv": [ 6.5, 13.75, 8, 14.25 ], "texture": "#Hand" },
				"up": { "uv": [ 5, 14.25, 6.5, 13.75 ], "texture": "#Hand" },
				"north": { "uv": [ 11.5, 11, 10, 11.25 ], "texture": "#Hand" },
				"south": { "uv": [ 11.5, 11, 13, 11.25 ], "texture": "#Hand" },
				"west": { "uv": [ 15.5, 12.25, 16, 12.5 ], "texture": "#Hand" },
				"east": { "uv": [ 4.5, 4.75, 4, 5 ], "texture": "#Hand" }
			}
		},
		{
			"__comment": "Voxels",
			"from": [ 4.5, 17.5, 8 ],
			"to": [ 7.5, 18, 9 ],
			"faces": {
				"down": { "uv": [ 3.5, 13.75, 5, 14.25 ], "texture": "#Hand" },
				"up": { "uv": [ 2, 14.25, 3.5, 13.75 ], "texture": "#Hand" },
				"north": { "uv": [ 14.5, 11, 13, 11.25 ], "texture": "#Hand" },
				"south": { "uv": [ 14.5, 11, 16, 11.25 ], "texture": "#Hand" },
				"west": { "uv": [ 8.5, 12.5, 9, 12.75 ], "texture": "#Hand" },
				"east": { "uv": [ 9.5, 12.5, 9, 12.75 ], "texture": "#Hand" }
			}
		},
		{
			"__comment": "Voxels",
			"from": [ 4.5, 17.5, 9.5 ],
			"to": [ 7.5, 18, 10.5 ],
			"faces": {
				"down": { "uv": [ 14, 14.25, 15.5, 14.75 ], "texture": "#Hand" },
				"up": { "uv": [ 8, 14.25, 9.5, 13.75 ], "texture": "#Hand" },
				"north": { "uv": [ 7.5, 14.75, 6, 15 ], "texture": "#Hand" },
				"south": { "uv": [ 7.5, 14.75, 9, 15 ], "texture": "#Hand" },
				"west": { "uv": [ 9.5, 12.5, 10, 12.75 ], "texture": "#Hand" },
				"east": { "uv": [ 10.5, 12.5, 10, 12.75 ], "texture": "#Hand" }
			}
		},
		{
			"__comment": "Voxels",
			"from": [ 4.5, 18, 6.5 ],
			"to": [ 7, 18.5, 7.5 ],
			"faces": {
				"down": { "uv": [ 14.75, 13.75, 16, 14.25 ], "texture": "#Hand" },
				"up": { "uv": [ 13.5, 14.25, 14.75, 13.75 ], "texture": "#Hand" },
				"north": { "uv": [ 14, 14.75, 12.75, 15 ], "texture": "#Hand" },
				"south": { "uv": [ 11.5, 14.75, 12.75, 15 ], "texture": "#Hand" },
				"west": { "uv": [ 12.5, 12.5, 13, 12.75 ], "texture": "#Hand" },
				"east": { "uv": [ 13.5, 12.5, 13, 12.75 ], "texture": "#Hand" }
			}
		},
		{
			"__comment": "Voxels",
			"from": [ 4.5, 18, 8 ],
			"to": [ 7, 18.5, 9 ],
			"faces": {
				"down": { "uv": [ 12.25, 13.75, 13.5, 14.25 ], "texture": "#Hand" },
				"up": { "uv": [ 11, 14.25, 12.25, 13.75 ], "texture": "#Hand" },
				"north": { "uv": [ 12.75, 10.75, 11.5, 11 ], "texture": "#Hand" },
				"south": { "uv": [ 12.75, 10.75, 14, 11 ], "texture": "#Hand" },
				"west": { "uv": [ 13.5, 12.5, 14, 12.75 ], "texture": "#Hand" },
				"east": { "uv": [ 4, 1.75, 3.5, 2 ], "texture": "#Hand" }
			}
		},
		{
			"__comment": "Voxels",
			"from": [ 4.5, 18, 9.5 ],
			"to": [ 7, 18.5, 10.5 ],
			"faces": {
				"down": { "uv": [ 5.25, 12.75, 6.5, 13.25 ], "texture": "#Hand" },
				"up": { "uv": [ 5.25, 13.75, 6.5, 13.25 ], "texture": "#Hand" },
				"north": { "uv": [ 7.75, 10.75, 6.5, 11 ], "texture": "#Hand" },
				"south": { "uv": [ 10.25, 10.75, 11.5, 11 ], "texture": "#Hand" },
				"west": { "uv": [ 3.5, 1, 4, 1.25 ], "texture": "#Hand" },
				"east": { "uv": [ 4.5, 6, 4, 6.25 ], "texture": "#Hand" }
			}
		},
		{
			"__comment": "Voxels",
			"from": [ 6.5, 8.5, 6.5 ],
			"to": [ 7, 13.5, 7 ],
			"faces": {
				"down": { "uv": [ 4.25, 1.25, 4.5, 1.5 ], "texture": "#Hand" },
				"up": { "uv": [ 4, 1.5, 4.25, 1.25 ], "texture": "#Hand" },
				"north": { "uv": [ 3.5, 7.5, 3.25, 10 ], "texture": "#Hand" },
				"south": { "uv": [ 3.25, 10, 3.5, 12.5 ], "texture": "#Hand" },
				"west": { "uv": [ 2.75, 3.75, 3, 6.25 ], "texture": "#Hand" },
				"east": { "uv": [ 3.25, 0, 3, 2.5 ], "texture": "#Hand" }
			}
		},
		{
			"__comment": "Voxels",
			"from": [ 6.5, 8.5, 7.5 ],
			"to": [ 7, 13.5, 9.5 ],
			"faces": {
				"down": { "uv": [ 3.25, 0.5, 3.5, 1.5 ], "texture": "#Hand" },
				"up": { "uv": [ 3.25, 2.5, 3.5, 1.5 ], "texture": "#Hand" },
				"north": { "uv": [ 3.25, 2.5, 3, 5 ], "texture": "#Hand" },
				"south": { "uv": [ 3, 5, 3.25, 7.5 ], "texture": "#Hand" },
				"west": { "uv": [ 1, 0, 2, 2.5 ], "texture": "#Hand" },
				"east": { "uv": [ 1, 0, 0, 2.5 ], "texture": "#Hand" }
			}
		},
		{
			"__comment": "Voxels",
			"from": [ 6.5, 8.5, 10 ],
			"to": [ 7, 13.5, 10.5 ],
			"faces": {
				"down": { "uv": [ 4.25, 3, 4.5, 3.25 ], "texture": "#Hand" },
				"up": { "uv": [ 4.25, 4.25, 4.5, 4 ], "texture": "#Hand" },
				"north": { "uv": [ 3.25, 7.5, 3, 10 ], "texture": "#Hand" },
				"south": { "uv": [ 3, 10, 3.25, 12.5 ], "texture": "#Hand" },
				"west": { "uv": [ 2.75, 1.25, 3, 3.75 ], "texture": "#Hand" },
				"east": { "uv": [ 3, 6.25, 2.75, 8.75 ], "texture": "#Hand" }
			}
		},
		{
			"__comment": "Voxels",
			"from": [ 6.5, 14.5, 5.5 ],
			"to": [ 7.5, 17, 6 ],
			"faces": {
				"down": { "uv": [ 4, 10.5, 4.5, 10.75 ], "texture": "#Hand" },
				"up": { "uv": [ 4, 10.5, 4.5, 10.25 ], "texture": "#Hand" },
				"north": { "uv": [ 5.25, 12.5, 4.75, 13.75 ], "texture": "#Hand" },
				"south": { "uv": [ 3, 12.5, 3.5, 13.75 ], "texture": "#Hand" },
				"west": { "uv": [ 2.5, 1, 2.75, 2.25 ], "texture": "#Hand" },
				"east": { "uv": [ 3, 0, 2.75, 1.25 ], "texture": "#Hand" }
			}
		},
		{
			"__comment": "Voxels",
			"from": [ 6.5, 14.5, 6 ],
			"to": [ 7.5, 15.5, 6.5 ],
			"faces": {
				"down": { "uv": [ 4, 9.75, 4.5, 10 ], "texture": "#Hand" },
				"up": { "uv": [ 4, 9.75, 4.5, 9.5 ], "texture": "#Hand" },
				"north": { "uv": [ 16, 14.25, 15.5, 14.75 ], "texture": "#Hand" },
				"south": { "uv": [ 3.5, 9, 4, 9.5 ], "texture": "#Hand" },
				"west": { "uv": [ 3.75, 0, 4, 0.5 ], "texture": "#Hand" },
				"east": { "uv": [ 4.25, 9, 4, 9.5 ], "texture": "#Hand" }
			}
		},
		{
			"__comment": "Voxels",
			"from": [ 6.5, 15, 5 ],
			"to": [ 7.5, 17, 5.5 ],
			"faces": {
				"down": { "uv": [ 4, 8.75, 4.5, 9 ], "texture": "#Hand" },
				"up": { "uv": [ 4, 8.75, 4.5, 8.5 ], "texture": "#Hand" },
				"north": { "uv": [ 10, 12.75, 9.5, 13.75 ], "texture": "#Hand" },
				"south": { "uv": [ 15.5, 12.5, 16, 13.5 ], "texture": "#Hand" },
				"west": { "uv": [ 3.25, 2.5, 3.5, 3.5 ], "texture": "#Hand" },
				"east": { "uv": [ 3.5, 4.5, 3.25, 5.5 ], "texture": "#Hand" }
			}
		},
		{
			"__comment": "Voxels",
			"from": [ 6.5, 15.5, 6.5 ],
			"to": [ 7.5, 17.5, 7.5 ],
			"faces": {
				"down": { "uv": [ 3.5, 7.5, 4, 8 ], "texture": "#Hand" },
				"up": { "uv": [ 3.5, 6.5, 4, 6 ], "texture": "#Hand" },
				"north": { "uv": [ 4, 11.5, 3.5, 12.5 ], "texture": "#Hand" },
				"south": { "uv": [ 10, 12.75, 10.5, 13.75 ], "texture": "#Hand" },
				"west": { "uv": [ 8.5, 12.75, 9, 13.75 ], "texture": "#Hand" },
				"east": { "uv": [ 9.5, 12.75, 9, 13.75 ], "texture": "#Hand" }
			}
		},
		{
			"__comment": "Voxels",
			"from": [ 6.5, 15.5, 8 ],
			"to": [ 7.5, 17.5, 9 ],
			"faces": {
				"down": { "uv": [ 3.5, 6.5, 4, 7 ], "texture": "#Hand" },
				"up": { "uv": [ 3.5, 7.5, 4, 7 ], "texture": "#Hand" },
				"north": { "uv": [ 13, 12.75, 12.5, 13.75 ], "texture": "#Hand" },
				"south": { "uv": [ 13, 12.75, 13.5, 13.75 ], "texture": "#Hand" },
				"west": { "uv": [ 13.5, 12.75, 14, 13.75 ], "texture": "#Hand" },
				"east": { "uv": [ 15, 12.5, 14.5, 13.5 ], "texture": "#Hand" }
			}
		},
		{
			"__comment": "Voxels",
			"from": [ 6.5, 15.5, 9.5 ],
			"to": [ 7.5, 17.5, 10.5 ],
			"faces": {
				"down": { "uv": [ 3.5, 8, 4, 8.5 ], "texture": "#Hand" },
				"up": { "uv": [ 3.5, 9, 4, 8.5 ], "texture": "#Hand" },
				"north": { "uv": [ 15.5, 12.5, 15, 13.5 ], "texture": "#Hand" },
				"south": { "uv": [ 3.5, 10.5, 4, 11.5 ], "texture": "#Hand" },
				"west": { "uv": [ 3.5, 9.5, 4, 10.5 ], "texture": "#Hand" },
				"east": { "uv": [ 14.5, 12.5, 14, 13.5 ], "texture": "#Hand" }
			}
		},
		{
			"__comment": "Voxels",
			"from": [ 7, 13.5, 7 ],
			"to": [ 7.5, 14, 10 ],
			"faces": {
				"down": { "uv": [ 2, 0.25, 2.25, 1.75 ], "texture": "#Hand" },
				"up": { "uv": [ 2.25, 1.75, 2.5, 0.25 ], "texture": "#Hand" },
				"north": { "uv": [ 4.25, 2.75, 4, 3 ], "texture": "#Hand" },
				"south": { "uv": [ 4.25, 1, 4.5, 1.25 ], "texture": "#Hand" },
				"west": { "uv": [ 14.5, 12, 16, 12.25 ], "texture": "#Hand" },
				"east": { "uv": [ 16, 11.75, 14.5, 12 ], "texture": "#Hand" }
			}
		},
		{
			"__comment": "Voxels",
			"from": [ 7, 14, 6.5 ],
			"to": [ 7.5, 15.5, 7 ],
			"faces": {
				"down": { "uv": [ 4, 2.25, 4.25, 2.5 ], "texture": "#Hand" },
				"up": { "uv": [ 4.25, 2.5, 4.5, 2.25 ], "texture": "#Hand" },
				"north": { "uv": [ 3.75, 4.25, 3.5, 5 ], "texture": "#Hand" },
				"south": { "uv": [ 3.75, 4.25, 4, 5 ], "texture": "#Hand" },
				"west": { "uv": [ 3.75, 3.5, 4, 4.25 ], "texture": "#Hand" },
				"east": { "uv": [ 3.75, 2.75, 3.5, 3.5 ], "texture": "#Hand" }
			}
		},
		{
			"__comment": "Voxels",
			"from": [ 7, 14, 10 ],
			"to": [ 7.5, 15.5, 10.5 ],
			"faces": {
				"down": { "uv": [ 4, 1.5, 4.25, 1.75 ], "texture": "#Hand" },
				"up": { "uv": [ 4.25, 1.75, 4.5, 1.5 ], "texture": "#Hand" },
				"north": { "uv": [ 4, 2.75, 3.75, 3.5 ], "texture": "#Hand" },
				"south": { "uv": [ 3.5, 2, 3.75, 2.75 ], "texture": "#Hand" },
				"west": { "uv": [ 3.75, 2, 4, 2.75 ], "texture": "#Hand" },
				"east": { "uv": [ 3.75, 3.5, 3.5, 4.25 ], "texture": "#Hand" }
			}
		}
	],
	"display": {
		"thirdperson": {
			"rotation":  [ 0, 180, 0 ],
			"translation":  [ -3, -4, 0],
			"scale":  [ 2, 2, 2 ]
		}
	}
}