{
    "__comment": "Model generated using MrCrayfish's Model Creator (http://mrcrayfish.com/modelcreator/)",
    "textures": {
        "0": "lucky:blocks/concrete_silver",
        "1": "lucky:blocks/glass_red",
        "2": "lucky:blocks/glass_pane_top_red"
    },
    "elements": [
        {
            "name": "Cube",
            "from": [ 7.0, 3.0, 7.0 ], 
            "to": [ 8.0, 6.0, 8.0 ], 
            "faces": {
                "north": { "texture": "#0", "uv": [ 0.0, 0.0, 1.0, 3.0 ] },
                "east": { "texture": "#0", "uv": [ 0.0, 0.0, 1.0, 3.0 ] },
                "south": { "texture": "#0", "uv": [ 0.0, 0.0, 1.0, 3.0 ] },
                "west": { "texture": "#0", "uv": [ 0.0, 0.0, 1.0, 3.0 ] },
                "up": { "texture": "#0", "uv": [ 0.0, 0.0, 1.0, 1.0 ] },
                "down": { "texture": "#0", "uv": [ 0.0, 0.0, 1.0, 1.0 ] }
            }
        },
        {
            "name": "Cube",
            "from": [ 5.0, 6.0, 5.0 ], 
            "to": [ 10.0, 7.0, 10.0 ], 
            "faces": {
                "north": { "texture": "#0", "uv": [ 0.0, 0.0, 5.0, 1.0 ] },
                "east": { "texture": "#0", "uv": [ 0.0, 0.0, 5.0, 1.0 ] },
                "south": { "texture": "#0", "uv": [ 0.0, 0.0, 5.0, 1.0 ] },
                "west": { "texture": "#0", "uv": [ 0.0, 0.0, 5.0, 1.0 ] },
                "up": { "texture": "#0", "uv": [ 0.0, 0.0, 5.0, 5.0 ] },
                "down": { "texture": "#0", "uv": [ 0.0, 0.0, 5.0, 5.0 ] }
            }
        },
        {
            "name": "Cube",
            "from": [ 7.0, 4.0, 6.5 ], 
            "to": [ 8.0, 5.0, 7.5 ], 
            "faces": {
                "north": { "texture": "#1", "uv": [ 7.0, 5.0, 8.0, 6.0 ] },
                "east": { "texture": "#2", "uv": [ 7.0, 6.0, 8.0, 7.0 ] },
                "south": { "texture": "#2", "uv": [ 8.0, 6.0, 9.0, 7.0 ] },
                "west": { "texture": "#2", "uv": [ 7.0, 6.0, 8.0, 7.0 ] },
                "up": { "texture": "#2", "uv": [ 8.0, 6.0, 9.0, 7.0 ] },
                "down": { "texture": "#2", "uv": [ 8.0, 5.0, 9.0, 6.0 ] }
            }
        },
        {
            "name": "Cube",
            "from": [ 7.0, 7.0, 6.0 ], 
            "to": [ 8.0, 27.0, 9.0 ], 
            "faces": {
                "north": { "texture": "#1", "uv": [ 8.0, 1.0, 11.0, 15.0 ] },
                "east": { "texture": "#1", "uv": [ 4.0, 1.0, 7.0, 15.0 ] },
                "south": { "texture": "#1", "uv": [ 7.0, 1.0, 8.0, 15.0 ] },
                "west": { "texture": "#1", "uv": [ 8.0, 1.0, 11.0, 15.0 ] },
                "up": { "texture": "#1", "uv": [ 7.0, 6.0, 8.0, 9.0 ] },
                "down": { "texture": "#1", "uv": [ 10.0, 7.0, 11.0, 10.0 ] }
            }
        },
        {
            "name": "Cube",
            "from": [ 7.0, 27.0, 7.0 ], 
            "to": [ 8.0, 28.0, 9.0 ], 
            "faces": {
                "north": { "texture": "#1", "uv": [ 5.0, 5.0, 6.0, 6.0 ] },
                "east": { "texture": "#1", "uv": [ 8.0, 5.0, 10.0, 6.0 ] },
                "south": { "texture": "#1", "uv": [ 5.0, 6.0, 6.0, 7.0 ] },
                "west": { "texture": "#1", "uv": [ 7.0, 8.0, 9.0, 9.0 ] },
                "up": { "texture": "#1", "uv": [ 5.0, 8.0, 6.0, 10.0 ] },
                "down": { "texture": "#1", "uv": [ 7.0, 5.0, 8.0, 7.0 ] }
            }
        },
        {
            "name": "Cube",
            "from": [ 6.0, 0.0, 6.0 ], 
            "to": [ 9.0, 1.0, 9.0 ], 
            "faces": {
                "north": { "texture": "#0", "uv": [ 0.0, 0.0, 3.0, 1.0 ] },
                "east": { "texture": "#0", "uv": [ 0.0, 0.0, 3.0, 1.0 ] },
                "south": { "texture": "#0", "uv": [ 0.0, 0.0, 3.0, 1.0 ] },
                "west": { "texture": "#0", "uv": [ 0.0, 0.0, 3.0, 1.0 ] },
                "up": { "texture": "#0", "uv": [ 0.0, 0.0, 3.0, 3.0 ] },
                "down": { "texture": "#0", "uv": [ 0.0, 0.0, 3.0, 3.0 ] }
            }
        },
        {
            "name": "Cube",
            "from": [ 6.0, 2.0, 6.0 ], 
            "to": [ 9.0, 3.0, 9.0 ], 
            "faces": {
                "north": { "texture": "#0", "uv": [ 0.0, 0.0, 3.0, 1.0 ] },
                "east": { "texture": "#0", "uv": [ 0.0, 0.0, 3.0, 1.0 ] },
                "south": { "texture": "#0", "uv": [ 0.0, 0.0, 3.0, 1.0 ] },
                "west": { "texture": "#0", "uv": [ 0.0, 0.0, 3.0, 1.0 ] },
                "up": { "texture": "#0", "uv": [ 0.0, 0.0, 3.0, 3.0 ] },
                "down": { "texture": "#0", "uv": [ 0.0, 0.0, 3.0, 3.0 ] }
            }
        },
        {
            "name": "Cube",
            "from": [ 7.0, 1.0, 7.0 ], 
            "to": [ 8.0, 2.0, 8.0 ], 
            "faces": {
                "north": { "texture": "#0", "uv": [ 0.0, 0.0, 1.0, 1.0 ] },
                "east": { "texture": "#0", "uv": [ 0.0, 0.0, 1.0, 1.0 ] },
                "south": { "texture": "#0", "uv": [ 0.0, 0.0, 1.0, 1.0 ] },
                "west": { "texture": "#0", "uv": [ 0.0, 0.0, 1.0, 1.0 ] },
                "up": { "texture": "#0", "uv": [ 0.0, 0.0, 1.0, 1.0 ] },
                "down": { "texture": "#0", "uv": [ 0.0, 0.0, 1.0, 1.0 ] }
            }
        }
    ],
    "display": {
        "thirdperson": {
            "rotation": [ 95, 180, 0 ],
            "translation": [ 0, 0, -2.5 ],
            "scale": [ 1, 1, 1 ]
        },
        "firstperson": {
            "rotation": [ 0, 0, -30 ],
            "translation": [ 4, 4, 4 ],
            "scale": [ 1.5, 1.5, 1.5 ]
        }
    }
}