{
	"__comment": "Designed by Cookiecentrale with Cubik Studio - https://cubik.studio",
	"textures": {
		"particle": "lucky:blocks/e_particle",
		"texture": "lucky:blocks/illuminati_sword",
		"texture1": "lucky:blocks/concrete_red",
		"texture2": "lucky:blocks/concrete_blue"
	},
	"elements": [ 	 
		{
			"__comment": "Box6",
			"from": [ 0.0003994558, 4.499903, 14.50028 ],
			"to": [ 1.500399, 5.499903, 16.00028 ],
			"faces": {
				"down": { "uv": [ 0, 14.5, 1.5, 16 ], "texture": "#texture" },
				"up": { "uv": [ 0, 14.5, 1.5, 16 ], "texture": "#texture" },
				"north": { "uv": [ 0, 14.5, 1.5, 15 ], "texture": "#texture" },
				"south": { "uv": [ 0, 14.5, 1.5, 15 ], "texture": "#texture" },
				"west": { "uv": [ 0, 15.5, 1.5, 16 ], "texture": "#texture" },
				"east": { "uv": [ 0, 14.5, 1.5, 15 ], "texture": "#texture" }
			}
		},
		{
			"__comment": "Box7",
			"from": [ 0.9994534, 4.500776, 14.00035 ],
			"to": [ 2.499453, 5.500776, 14.50035 ],
			"faces": {
				"down": { "uv": [ 1, 14, 2.5, 14.5 ], "texture": "#texture" },
				"up": { "uv": [ 1, 14, 2.5, 14.5 ], "texture": "#texture" },
				"north": { "uv": [ 1, 11.5, 1.5, 12.5 ], "texture": "#texture" },
				"south": { "uv": [ 1, 11.5, 1.5, 12.5 ], "texture": "#texture" },
				"west": { "uv": [ 1, 11.5, 1.5, 12.5 ], "texture": "#texture" },
				"east": { "uv": [ 1, 11.5, 1.5, 12.5 ], "texture": "#texture" }
			}
		},
		{
			"__comment": "Box8",
			"from": [ 1.500745, 4.499924, 14.50084 ],
			"to": [ 2.000745, 5.499924, 15.00084 ],
			"faces": {
				"down": { "uv": [ 1.5, 13.5, 2, 14 ], "texture": "#texture" },
				"up": { "uv": [ 1.5, 13.5, 2, 14 ], "texture": "#texture" },
				"north": { "uv": [ 1.5, 13.5, 2, 14 ], "texture": "#texture" },
				"south": { "uv": [ 1.5, 13.5, 2, 14 ], "texture": "#texture" },
				"west": { "uv": [ 1.5, 13.5, 2, 14 ], "texture": "#texture" },
				"east": { "uv": [ 1.5, 13.5, 2, 14 ], "texture": "#texture" }
			}
		},
		{
			"__comment": "Box9",
			"from": [ 1.500353, 4.500229, 13.50094 ],
			"to": [ 2.000352, 5.500229, 14.00094 ],
			"faces": {
				"down": { "uv": [ 1.5, 2, 2, 2.5 ], "texture": "#texture" },
				"up": { "uv": [ 1.5, 13.5, 2, 14 ], "texture": "#texture" },
				"north": { "uv": [ 14, 10.5, 14.5, 11.5 ], "texture": "#texture" },
				"south": { "uv": [ 1.5, 10.5, 2, 11.5 ], "texture": "#texture" },
				"west": { "uv": [ 13.5, 10.5, 14, 11.5 ], "texture": "#texture" },
				"east": { "uv": [ 2, 10.5, 2.5, 11.5 ], "texture": "#texture" }
			}
		},
		{
			"__comment": "BoxET",
			"from": [ 2.000194, 4.500563, 11.4993 ],
			"to": [ 4.500194, 5.500563, 13.9993 ],
			"faces": {
				"down": { "uv": [ 2, 11.5, 4.5, 14 ], "texture": "#texture", "rotation": 90 },
				"up": { "uv": [ 2, 11.5, 4.5, 14 ], "texture": "#texture" },
				"north": { "uv": [ 3.5, 14.5, 5.5, 15 ], "texture": "#texture" },
				"south": { "uv": [ 3.5, 14.5, 5.5, 15 ], "texture": "#texture" },
				"west": { "uv": [ 3.5, 14.5, 5.5, 15 ], "texture": "#texture" },
				"east": { "uv": [ 3.5, 14.5, 5.5, 15 ], "texture": "#texture" }
			}
		},
		{
			"__comment": "Box11",
			"from": [ 1.500011, 4.499984, 9.499722 ],
			"to": [ 2.000011, 5.499984, 12.99972 ],
			"faces": {
				"down": { "uv": [ 2, 13, 1.5, 9.5 ], "texture": "#texture" },
				"up": { "uv": [ 1.5, 9.5, 2, 13 ], "texture": "#texture" },
				"north": { "uv": [ 1, 11.5, 1.5, 12.5 ], "texture": "#texture" },
				"south": { "uv": [ 1, 11.5, 1.5, 12.5 ], "texture": "#texture" },
				"west": { "uv": [ 1, 11.5, 1.5, 12.5 ], "texture": "#texture" },
				"east": { "uv": [ 1, 11.5, 1.5, 12.5 ], "texture": "#texture" }
			}
		},
		{
			"__comment": "Box12",
			"from": [ 1.000005, 4.499414, 9.000587 ],
			"to": [ 1.500005, 5.499414, 12.50059 ],
			"faces": {
				"down": { "uv": [ 1.5, 12.5, 1, 9 ], "texture": "#texture" },
				"up": { "uv": [ 1, 9, 1.5, 12.5 ], "texture": "#texture" },
				"north": { "uv": [ 1, 11, 1.5, 12 ], "texture": "#texture" },
				"south": { "uv": [ 1, 11, 1.5, 12 ], "texture": "#texture" },
				"west": { "uv": [ 1, 11, 1.5, 12 ], "texture": "#texture" },
				"east": { "uv": [ 1, 11, 1.5, 12 ], "texture": "#texture" }
			}
		},
		{
			"__comment": "Box8",
			"from": [ 0.5003197, 4.500147, 9.500307 ],
			"to": [ 1.00032, 5.500147, 11.00031 ],
			"faces": {
				"down": { "uv": [ 1, 11, 0.5, 9.5 ], "texture": "#texture" },
				"up": { "uv": [ 0.5, 9.5, 1, 11 ], "texture": "#texture" },
				"north": { "uv": [ 1, 11, 1.5, 12 ], "texture": "#texture" },
				"south": { "uv": [ 1, 11, 1.5, 12 ], "texture": "#texture" },
				"west": { "uv": [ 1, 11, 1.5, 12 ], "texture": "#texture" },
				"east": { "uv": [ 1, 11, 1.5, 12 ], "texture": "#texture" }
			}
		},
		{
			"__comment": "Box9",
			"from": [ 4.499149, 4.500703, 13.49917 ],
			"to": [ 4.999149, 5.500703, 13.99917 ],
			"faces": {
				"down": { "uv": [ 2, 11, 2.5, 11.5 ], "texture": "#texture" },
				"up": { "uv": [ 4.5, 13.5, 5, 14 ], "texture": "#texture" },
				"north": { "uv": [ 8.5, 8, 9, 9 ], "texture": "#texture" },
				"south": { "uv": [ 8.5, 8, 9, 9 ], "texture": "#texture" },
				"west": { "uv": [ 8.5, 8, 9, 9 ], "texture": "#texture" },
				"east": { "uv": [ 8.5, 8, 9, 9 ], "texture": "#texture" }
			}
		},
		{
			"__comment": "BoxET",
			"from": [ 3.000083, 4.50078, 14.00019 ],
			"to": [ 6.500083, 5.50078, 14.50019 ],
			"faces": {
				"down": { "uv": [ 3, 14, 6.5, 14.5 ], "texture": "#texture" },
				"up": { "uv": [ 3, 14, 6.5, 14.5 ], "texture": "#texture" },
				"north": { "uv": [ 1, 11, 1.5, 12 ], "texture": "#texture" },
				"south": { "uv": [ 1, 11, 1.5, 12 ], "texture": "#texture" },
				"west": { "uv": [ 1, 11, 1.5, 12 ], "texture": "#texture" },
				"east": { "uv": [ 1, 11.5, 1.5, 12.5 ], "texture": "#texture" }
			}
		},
		{
			"__comment": "Box11",
			"from": [ 3.500071, 4.500673, 14.49986 ],
			"to": [ 7.000072, 5.500673, 14.99986 ],
			"faces": {
				"down": { "uv": [ 3.5, 14.5, 7, 15 ], "texture": "#texture" },
				"up": { "uv": [ 3.5, 14.5, 7, 15 ], "texture": "#texture" },
				"north": { "uv": [ 3.5, 14.5, 5.5, 15 ], "texture": "#texture" },
				"south": { "uv": [ 3.5, 14.5, 5.5, 15 ], "texture": "#texture" },
				"west": { "uv": [ 3.5, 14.5, 5.5, 15 ], "texture": "#texture" },
				"east": { "uv": [ 3.5, 14.5, 5.5, 15 ], "texture": "#texture" }
			}
		},
		{
			"__comment": "Box12",
			"from": [ 2.999769, 4.499607, 10.99945 ],
			"to": [ 4.499769, 5.499607, 11.49945 ],
			"faces": {
				"down": { "uv": [ 3, 11, 4.5, 11.5 ], "texture": "#texture" },
				"up": { "uv": [ 3, 11, 4.5, 11.5 ], "texture": "#texture" },
				"north": { "uv": [ 8.5, 8, 9, 9 ], "texture": "#texture" },
				"south": { "uv": [ 8.5, 8, 9, 9 ], "texture": "#texture" },
				"west": { "uv": [ 8.5, 8, 9, 9 ], "texture": "#texture" },
				"east": { "uv": [ 8.5, 8, 9, 9 ], "texture": "#texture" }
			}
		},
		{
			"__comment": "Box13",
			"from": [ 4.999012, 4.499944, 15.00083 ],
			"to": [ 6.499012, 5.499944, 15.50083 ],
			"faces": {
				"down": { "uv": [ 5, 15, 6.5, 15.5 ], "texture": "#texture" },
				"up": { "uv": [ 5, 15, 6.5, 15.5 ], "texture": "#texture" },
				"north": { "uv": [ 3.5, 14.5, 5.5, 15 ], "texture": "#texture" },
				"south": { "uv": [ 3.5, 14.5, 5.5, 15 ], "texture": "#texture" },
				"west": { "uv": [ 3.5, 14.5, 5.5, 15 ], "texture": "#texture" },
				"east": { "uv": [ 3.5, 14.5, 5.5, 15 ], "texture": "#texture" }
			}
		},
		{
			"__comment": "Box14",
			"from": [ 5.50021, 4.499491, 10.50086 ],
			"to": [ 6.00021, 5.499491, 12.00086 ],
			"faces": {
				"down": { "uv": [ 8.5, 7, 9, 8.5 ], "texture": "#texture" },
				"up": { "uv": [ 5.5, 10.5, 6, 12 ], "texture": "#texture" },
				"north": { "uv": [ 8.5, 8, 9, 9 ], "texture": "#texture" },
				"south": { "uv": [ 8.5, 8, 9, 9 ], "texture": "#texture" },
				"west": { "uv": [ 8.5, 8, 9, 9 ], "texture": "#texture" },
				"east": { "uv": [ 8.5, 8, 9, 9 ], "texture": "#texture" }
			}
		},
		{
			"__comment": "Box14",
			"from": [ 5.000825, 4.499222, 11.00079 ],
			"to": [ 5.500825, 5.499222, 12.50079 ],
			"faces": {
				"down": { "uv": [ 8.5, 7, 9, 8.5 ], "texture": "#texture" },
				"up": { "uv": [ 5, 11, 5.5, 12.5 ], "texture": "#texture" },
				"north": { "uv": [ 8.5, 8, 9, 9 ], "texture": "#texture" },
				"south": { "uv": [ 8.5, 8, 9, 9 ], "texture": "#texture" },
				"west": { "uv": [ 8.5, 8, 9, 9 ], "texture": "#texture" },
				"east": { "uv": [ 8.5, 8, 9, 9 ], "texture": "#texture" }
			}
		},
		{
			"__comment": "Box14",
			"from": [ 6.000142, 4.500154, 10.00042 ],
			"to": [ 6.500142, 5.500154, 11.50042 ],
			"faces": {
				"down": { "uv": [ 8.5, 7, 9, 8.5 ], "texture": "#texture" },
				"up": { "uv": [ 6, 10, 6.5, 11.5 ], "texture": "#texture" },
				"north": { "uv": [ 8.5, 8, 9, 9 ], "texture": "#texture" },
				"south": { "uv": [ 8.5, 8, 9, 9 ], "texture": "#texture" },
				"west": { "uv": [ 8.5, 8, 9, 9 ], "texture": "#texture" },
				"east": { "uv": [ 8.5, 8, 9, 9 ], "texture": "#texture" }
			}
		},
		{
			"__comment": "Box14",
			"from": [ 6.999533, 4.499244, 9.000994 ],
			"to": [ 7.499533, 5.499244, 10.50099 ],
			"faces": {
				"down": { "uv": [ 6.5, 6, 7, 7.5 ], "texture": "#texture" },
				"up": { "uv": [ 7, 9, 7.5, 10.5 ], "texture": "#texture" },
				"north": { "uv": [ 8.5, 10.5, 9, 11.5 ], "texture": "#texture" },
				"south": { "uv": [ 8.5, 8, 9, 9 ], "texture": "#texture" },
				"west": { "uv": [ 9, 10.5, 10.5, 11.5 ], "texture": "#texture" },
				"east": { "uv": [ 8.5, 8, 9, 9 ], "texture": "#texture" }
			}
		},
		{
			"__comment": "Box14",
			"from": [ 6.499698, 4.499225, 9.499763 ],
			"to": [ 6.999698, 5.499225, 10.99976 ],
			"faces": {
				"down": { "uv": [ 8.5, 7, 9, 8.5 ], "texture": "#texture" },
				"up": { "uv": [ 6.5, 9.5, 7, 11 ], "texture": "#texture" },
				"north": { "uv": [ 8.5, 8, 9, 9 ], "texture": "#texture" },
				"south": { "uv": [ 8.5, 8, 9, 9 ], "texture": "#texture" },
				"west": { "uv": [ 8.5, 8, 9, 9 ], "texture": "#texture" },
				"east": { "uv": [ 8.5, 8, 9, 9 ], "texture": "#texture" }
			}
		},
		{
			"__comment": "Box14",
			"from": [ 8.499149, 4.499796, 7.500659 ],
			"to": [ 8.999149, 5.499796, 9.00066 ],
			"faces": {
				"down": { "uv": [ 8.5, 7, 9, 8.5 ], "texture": "#texture" },
				"up": { "uv": [ 8.5, 7.5, 9, 9 ], "texture": "#texture" },
				"north": { "uv": [ 8.5, 8, 9, 9 ], "texture": "#texture" },
				"south": { "uv": [ 8.5, 8, 9, 9 ], "texture": "#texture" },
				"west": { "uv": [ 8.5, 8, 9, 9 ], "texture": "#texture" },
				"east": { "uv": [ 8.5, 8, 9, 9 ], "texture": "#texture" }
			}
		},
		{
			"__comment": "Box14",
			"from": [ 7.500473, 4.500158, 8.499045 ],
			"to": [ 8.000473, 5.500158, 9.999045 ],
			"faces": {
				"down": { "uv": [ 7.5, 5, 8, 6.5 ], "texture": "#texture" },
				"up": { "uv": [ 7.5, 8.5, 8, 10 ], "texture": "#texture" },
				"north": { "uv": [ 8, 10.5, 8.5, 11.5 ], "texture": "#texture" },
				"south": { "uv": [ 8.5, 8, 9, 9 ], "texture": "#texture" },
				"west": { "uv": [ 8.5, 10.5, 10, 11.5 ], "texture": "#texture" },
				"east": { "uv": [ 8.5, 8, 9, 9 ], "texture": "#texture" }
			}
		},
		{
			"__comment": "Box14",
			"from": [ 8.000539, 4.499712, 7.999998 ],
			"to": [ 8.500539, 5.499712, 9.499998 ],
			"faces": {
				"down": { "uv": [ 7, 5.5, 7.5, 7 ], "texture": "#texture" },
				"up": { "uv": [ 8, 8, 8.5, 9.5 ], "texture": "#texture" },
				"north": { "uv": [ 8.5, 8, 9, 9 ], "texture": "#texture" },
				"south": { "uv": [ 8.5, 8, 9, 9 ], "texture": "#texture" },
				"west": { "uv": [ 8.5, 8, 9, 9 ], "texture": "#texture" },
				"east": { "uv": [ 8.5, 8, 9, 9 ], "texture": "#texture" }
			}
		},
		{
			"__comment": "Box14",
			"from": [ 8.499725, 4.499508, 5.999345 ],
			"to": [ 8.999725, 5.499508, 7.499345 ],
			"faces": {
				"down": { "uv": [ 8.5, 8.5, 9, 10 ], "texture": "#texture" },
				"up": { "uv": [ 8.5, 6, 9, 7.5 ], "texture": "#texture" },
				"north": { "uv": [ 7, 10.5, 7.5, 11.5 ], "texture": "#texture" },
				"south": { "uv": [ 8.5, 8, 9, 9 ], "texture": "#texture" },
				"west": { "uv": [ 6, 10.5, 7.5, 11.5 ], "texture": "#texture" },
				"east": { "uv": [ 8.5, 8, 9, 9 ], "texture": "#texture" }
			}
		},
		{
			"__comment": "Box14",
			"from": [ 4.499773, 4.499429, 11.49947 ],
			"to": [ 4.999773, 5.499429, 12.99947 ],
			"faces": {
				"down": { "uv": [ 3, 11, 3.5, 12.5 ], "texture": "#texture" },
				"up": { "uv": [ 4.5, 11.5, 5, 13 ], "texture": "#texture" },
				"north": { "uv": [ 8.5, 8, 9, 9 ], "texture": "#texture" },
				"south": { "uv": [ 8.5, 8, 9, 9 ], "texture": "#texture" },
				"west": { "uv": [ 11.5, 10.5, 13, 11.5 ], "texture": "#texture" },
				"east": { "uv": [ 8.5, 8, 9, 9 ], "texture": "#texture" }
			}
		},
		{
			"__comment": "Box14",
			"from": [ 8.999837, 4.500222, 5.500622 ],
			"to": [ 9.499837, 5.500222, 7.000622 ],
			"faces": {
				"down": { "uv": [ 8.5, 7.5, 9, 9 ], "texture": "#texture" },
				"up": { "uv": [ 9, 5.5, 9.5, 7 ], "texture": "#texture" },
				"north": { "uv": [ 8.5, 8, 9, 9 ], "texture": "#texture" },
				"south": { "uv": [ 8.5, 8, 9, 9 ], "texture": "#texture" },
				"west": { "uv": [ 8.5, 8, 9, 9 ], "texture": "#texture" },
				"east": { "uv": [ 8.5, 8, 9, 9 ], "texture": "#texture" }
			}
		},
		{
			"__comment": "Box14",
			"from": [ 9.499269, 4.500636, 4.999924 ],
			"to": [ 9.999269, 5.500636, 6.499924 ],
			"faces": {
				"down": { "uv": [ 8.5, 7.5, 9, 9 ], "texture": "#texture" },
				"up": { "uv": [ 9.5, 5, 10, 6.5 ], "texture": "#texture" },
				"north": { "uv": [ 6, 10.5, 6.5, 11.5 ], "texture": "#texture" },
				"south": { "uv": [ 8.5, 8, 9, 9 ], "texture": "#texture" },
				"west": { "uv": [ 5, 10.5, 6.5, 11.5 ], "texture": "#texture" },
				"east": { "uv": [ 8.5, 8, 9, 9 ], "texture": "#texture" }
			}
		},
		{
			"__comment": "Box14",
			"from": [ 10.00047, 4.499132, 4.500632 ],
			"to": [ 10.50047, 5.499132, 6.000632 ],
			"faces": {
				"down": { "uv": [ 8.5, 7, 9, 8.5 ], "texture": "#texture" },
				"up": { "uv": [ 10, 4.5, 10.5, 6 ], "texture": "#texture" },
				"north": { "uv": [ 8.5, 8, 9, 9 ], "texture": "#texture" },
				"south": { "uv": [ 8.5, 8, 9, 9 ], "texture": "#texture" },
				"west": { "uv": [ 8.5, 8, 9, 9 ], "texture": "#texture" },
				"east": { "uv": [ 8.5, 8, 9, 9 ], "texture": "#texture" }
			}
		},
		{
			"__comment": "Box14",
			"from": [ 10.49947, 4.499767, 3.999478 ],
			"to": [ 10.99947, 5.499767, 5.499478 ],
			"faces": {
				"down": { "uv": [ 8.5, 7.5, 9, 9 ], "texture": "#texture" },
				"up": { "uv": [ 10.5, 4, 11, 5.5 ], "texture": "#texture" },
				"north": { "uv": [ 5, 10.5, 5.5, 11.5 ], "texture": "#texture" },
				"south": { "uv": [ 8.5, 8, 9, 9 ], "texture": "#texture" },
				"west": { "uv": [ 4, 10.5, 5.5, 11.5 ], "texture": "#texture" },
				"east": { "uv": [ 8.5, 8, 9, 9 ], "texture": "#texture" }
			}
		},
		{
			"__comment": "Box14",
			"from": [ 11.00054, 4.500516, 3.500433 ],
			"to": [ 11.50054, 5.500516, 5.000433 ],
			"faces": {
				"down": { "uv": [ 8.5, 7.5, 9, 9 ], "texture": "#texture" },
				"up": { "uv": [ 11, 3.5, 11.5, 5 ], "texture": "#texture" },
				"north": { "uv": [ 8.5, 8, 9, 9 ], "texture": "#texture" },
				"south": { "uv": [ 8.5, 8, 9, 9 ], "texture": "#texture" },
				"west": { "uv": [ 8.5, 8, 9, 9 ], "texture": "#texture" },
				"east": { "uv": [ 8.5, 8, 9, 9 ], "texture": "#texture" }
			}
		},
		{
			"__comment": "Box14",
			"from": [ 11.49995, 4.500475, 3.000071 ],
			"to": [ 11.99995, 5.500475, 4.500071 ],
			"faces": {
				"down": { "uv": [ 8.5, 7.5, 9, 9 ], "texture": "#texture" },
				"up": { "uv": [ 11.5, 3, 12, 4.5 ], "texture": "#texture" },
				"north": { "uv": [ 4, 10.5, 4.5, 11.5 ], "texture": "#texture" },
				"south": { "uv": [ 8.5, 8, 9, 9 ], "texture": "#texture" },
				"west": { "uv": [ 3, 10.5, 4.5, 11.5 ], "texture": "#texture" },
				"east": { "uv": [ 8.5, 8, 9, 9 ], "texture": "#texture" }
			}
		},
		{
			"__comment": "Box14",
			"from": [ 11.99922, 4.49905, 2.499317 ],
			"to": [ 12.49922, 5.49905, 3.999317 ],
			"faces": {
				"down": { "uv": [ 8.5, 8, 9, 9.5 ], "texture": "#texture" },
				"up": { "uv": [ 12, 2.5, 12.5, 4 ], "texture": "#texture" },
				"north": { "uv": [ 3.5, 10.5, 4, 11.5 ], "texture": "#texture" },
				"south": { "uv": [ 8.5, 8, 9, 9 ], "texture": "#texture" },
				"west": { "uv": [ 2.5, 10.5, 4, 11.5 ], "texture": "#texture" },
				"east": { "uv": [ 12, 10.5, 13.5, 11.5 ], "texture": "#texture" }
			}
		},
		{
			"__comment": "Box14",
			"from": [ 12.49984, 4.499377, 2.49987 ],
			"to": [ 12.99984, 5.499377, 3.99987 ],
			"faces": {
				"down": { "uv": [ 8.5, 7.5, 9, 9 ], "texture": "#texture" },
				"up": { "uv": [ 12.5, 2.5, 13, 4 ], "texture": "#texture" },
				"north": { "uv": [ 8.5, 8, 9, 9 ], "texture": "#texture" },
				"south": { "uv": [ 8.5, 8, 9, 9 ], "texture": "#texture" },
				"west": { "uv": [ 8.5, 8, 9, 9 ], "texture": "#texture" },
				"east": { "uv": [ 8.5, 8, 9, 9 ], "texture": "#texture" }
			}
		},
		{
			"__comment": "Box14",
			"from": [ 13.00079, 4.500385, 1.999316 ],
			"to": [ 13.50079, 5.500385, 3.499316 ],
			"faces": {
				"down": { "uv": [ 8.5, 7, 9, 8.5 ], "texture": "#texture" },
				"up": { "uv": [ 13, 2, 13.5, 3.5 ], "texture": "#texture" },
				"north": { "uv": [ 2.5, 10.5, 3, 11.5 ], "texture": "#texture" },
				"south": { "uv": [ 8.5, 8, 9, 9 ], "texture": "#texture" },
				"west": { "uv": [ 2, 10.5, 3.5, 11.5 ], "texture": "#texture" },
				"east": { "uv": [ 8.5, 8, 9, 9 ], "texture": "#texture" }
			}
		},
		{
			"__comment": "Box14",
			"from": [ 13.49953, 4.500152, 1.499478 ],
			"to": [ 13.99953, 5.500152, 2.999478 ],
			"faces": {
				"down": { "uv": [ 8.5, 7, 9, 8.5 ], "texture": "#texture" },
				"up": { "uv": [ 13.5, 1.5, 14, 3 ], "texture": "#texture" },
				"north": { "uv": [ 8.5, 8, 9, 9 ], "texture": "#texture" },
				"south": { "uv": [ 8.5, 8, 9, 9 ], "texture": "#texture" },
				"west": { "uv": [ 8.5, 8, 9, 9 ], "texture": "#texture" },
				"east": { "uv": [ 8.5, 8, 9, 9 ], "texture": "#texture" }
			}
		},
		{
			"__comment": "Box14",
			"from": [ 14.00015, 4.500742, 0.9993231 ],
			"to": [ 14.50015, 5.500742, 2.499323 ],
			"faces": {
				"down": { "uv": [ 8.5, 7, 9, 8.5 ], "texture": "#texture" },
				"up": { "uv": [ 14, 1, 14.5, 2.5 ], "texture": "#texture" },
				"north": { "uv": [ 1.5, 10.5, 2, 11.5 ], "texture": "#texture" },
				"south": { "uv": [ 8.5, 8, 9, 9 ], "texture": "#texture" },
				"west": { "uv": [ 1, 10.5, 2.5, 11.5 ], "texture": "#texture" },
				"east": { "uv": [ 8.5, 8, 9, 9 ], "texture": "#texture" }
			}
		},
		{
			"__comment": "Box14",
			"from": [ 14.50047, 4.499268, 0.5006035 ],
			"to": [ 15.00047, 5.499268, 2.000603 ],
			"faces": {
				"down": { "uv": [ 8.5, 7, 9, 8.5 ], "texture": "#texture" },
				"up": { "uv": [ 14.5, 0.5, 15, 2 ], "texture": "#texture" },
				"north": { "uv": [ 1, 10.5, 1.5, 11.5 ], "texture": "#texture" },
				"south": { "uv": [ 8.5, 8, 9, 9 ], "texture": "#texture" },
				"west": { "uv": [ 0.5, 10.5, 2, 11.5 ], "texture": "#texture" },
				"east": { "uv": [ 8.5, 8, 9, 9 ], "texture": "#texture" }
			}
		},
		{
			"__comment": "Box14",
			"from": [ 4.99971, 4.500554, 9.000593 ],
			"to": [ 5.49971, 5.500554, 11.00059 ],
			"faces": {
				"down": { "uv": [ 8.5, 7, 9, 8.5 ], "texture": "#texture" },
				"up": { "uv": [ 5, 9, 5.5, 11 ], "texture": "#texture" },
				"north": { "uv": [ 8.5, 8, 9, 9 ], "texture": "#texture" },
				"south": { "uv": [ 5, 10.5, 5.5, 11.5 ], "texture": "#texture" },
				"west": { "uv": [ 8.5, 8, 9, 9 ], "texture": "#texture" },
				"east": { "uv": [ 5, 10.5, 7, 11.5 ], "texture": "#texture" }
			}
		},
		{
			"__comment": "Box14",
			"from": [ 15.49959, 4.500474, -0.0006687651 ],
			"to": [ 15.99959, 5.500474, 0.9993312 ],
			"faces": {
				"down": { "uv": [ 8.5, 7, 9, 8.5 ], "texture": "#texture" },
				"up": { "uv": [ 15.5, 0, 16, 1 ], "texture": "#texture" },
				"north": { "uv": [ 8.5, 8, 9, 9 ], "texture": "#texture" },
				"south": { "uv": [ 8.5, 8, 9, 9 ], "texture": "#texture" },
				"west": { "uv": [ 0, 10.5, 1, 11.5 ], "texture": "#texture" },
				"east": { "uv": [ 8.5, 8, 9, 9 ], "texture": "#texture" }
			}
		},
		{
			"__comment": "Box14",
			"from": [ 4.499099, 4.500944, 9.499104 ],
			"to": [ 4.999099, 5.500944, 11.4991 ],
			"faces": {
				"down": { "uv": [ 8.5, 7, 9, 8.5 ], "texture": "#texture" },
				"up": { "uv": [ 4.5, 9.5, 5, 11.5 ], "texture": "#texture" },
				"north": { "uv": [ 8.5, 8, 9, 9 ], "texture": "#texture" },
				"south": { "uv": [ 8.5, 8, 9, 9 ], "texture": "#texture" },
				"west": { "uv": [ 8.5, 8, 9, 9 ], "texture": "#texture" },
				"east": { "uv": [ 8.5, 8, 9, 9 ], "texture": "#texture" }
			}
		},
		{
			"__comment": "Box14",
			"from": [ 7.499824, 4.500903, 6.499334 ],
			"to": [ 7.999824, 5.500903, 8.499334 ],
			"faces": {
				"down": { "uv": [ 7.5, 7.5, 8, 9.5 ], "texture": "#texture" },
				"up": { "uv": [ 7.5, 6.5, 8, 8.5 ], "texture": "#texture" },
				"north": { "uv": [ 8, 10.5, 8.5, 11.5 ], "texture": "#texture" },
				"south": { "uv": [ 7.5, 10.5, 8, 11.5 ], "texture": "#texture" },
				"west": { "uv": [ 6.5, 10.5, 8.5, 11.5 ], "texture": "#texture" },
				"east": { "uv": [ 7.5, 10.5, 9.5, 11.5 ], "texture": "#texture" }
			}
		},
		{
			"__comment": "Box14",
			"from": [ 5.499691, 4.500126, 8.499158 ],
			"to": [ 5.999691, 5.500126, 10.49916 ],
			"faces": {
				"down": { "uv": [ 6.5, 6, 7, 8 ], "texture": "#texture" },
				"up": { "uv": [ 5.5, 8.5, 6, 10.5 ], "texture": "#texture" },
				"north": { "uv": [ 8.5, 8, 9, 9 ], "texture": "#texture" },
				"south": { "uv": [ 8.5, 8, 9, 9 ], "texture": "#texture" },
				"west": { "uv": [ 8.5, 8, 9, 9 ], "texture": "#texture" },
				"east": { "uv": [ 5.5, 10.5, 7.5, 11.5 ], "texture": "#texture" }
			}
		},
		{
			"__comment": "Box14",
			"from": [ 6.000714, 4.500229, 8.00052 ],
			"to": [ 6.500714, 5.500229, 10.00052 ],
			"faces": {
				"down": { "uv": [ 8.5, 7, 9, 8.5 ], "texture": "#texture" },
				"up": { "uv": [ 6, 8, 6.5, 10 ], "texture": "#texture" },
				"north": { "uv": [ 8.5, 8, 9, 9 ], "texture": "#texture" },
				"south": { "uv": [ 6, 10.5, 6.5, 11.5 ], "texture": "#texture" },
				"west": { "uv": [ 8.5, 8, 9, 9 ], "texture": "#texture" },
				"east": { "uv": [ 6, 10.5, 8, 11.5 ], "texture": "#texture" }
			}
		},
		{
			"__comment": "Box14",
			"from": [ 6.500357, 4.499738, 7.499081 ],
			"to": [ 7.000357, 5.499738, 9.499081 ],
			"faces": {
				"down": { "uv": [ 8.5, 7, 9, 8.5 ], "texture": "#texture" },
				"up": { "uv": [ 6.5, 7.5, 7, 9.5 ], "texture": "#texture" },
				"north": { "uv": [ 9, 10.5, 9.5, 11.5 ], "texture": "#texture" },
				"south": { "uv": [ 6.5, 10.5, 7, 11.5 ], "texture": "#texture" },
				"west": { "uv": [ 8.5, 8, 9, 9 ], "texture": "#texture" },
				"east": { "uv": [ 6.5, 10.5, 8.5, 11.5 ], "texture": "#texture" }
			}
		},
		{
			"__comment": "Box14",
			"from": [ 7.000326, 4.500431, 7.000158 ],
			"to": [ 7.500326, 5.500431, 9.000158 ],
			"faces": {
				"down": { "uv": [ 7, 7, 7.5, 9 ], "texture": "#texture" },
				"up": { "uv": [ 7, 7, 7.5, 9 ], "texture": "#texture" },
				"north": { "uv": [ 8.5, 10.5, 9, 11.5 ], "texture": "#texture" },
				"south": { "uv": [ 7, 10.5, 7.5, 11.5 ], "texture": "#texture" },
				"west": { "uv": [ 7, 10.5, 9, 11.5 ], "texture": "#texture" },
				"east": { "uv": [ 7, 10.5, 9, 11.5 ], "texture": "#texture" }
			}
		},
		{
			"__comment": "Box14",
			"from": [ 7.999861, 4.499783, 5.999005 ],
			"to": [ 8.499861, 5.499783, 7.999005 ],
			"faces": {
				"down": { "uv": [ 8, 8, 8.5, 10 ], "texture": "#texture" },
				"up": { "uv": [ 8, 6, 8.5, 8 ], "texture": "#texture" },
				"north": { "uv": [ 7.5, 10.5, 8, 11.5 ], "texture": "#texture" },
				"south": { "uv": [ 8, 10.5, 8.5, 11.5 ], "texture": "#texture" },
				"west": { "uv": [ 6, 10.5, 8, 11.5 ], "texture": "#texture" },
				"east": { "uv": [ 8, 10.5, 10, 11.5 ], "texture": "#texture" }
			}
		},
		{
			"__comment": "Box14",
			"from": [ 6.499384, 4.499012, 5.999009 ],
			"to": [ 6.999384, 5.499012, 7.499009 ],
			"faces": {
				"down": { "uv": [ 8.5, 7, 9, 8.5 ], "texture": "#texture" },
				"up": { "uv": [ 6.5, 6, 7, 7.5 ], "texture": "#texture" },
				"north": { "uv": [ 8.5, 8, 9, 9 ], "texture": "#texture" },
				"south": { "uv": [ 6.5, 10.5, 7, 11.5 ], "texture": "#texture" },
				"west": { "uv": [ 8.5, 8, 9, 9 ], "texture": "#texture" },
				"east": { "uv": [ 8.5, 10.5, 10, 11.5 ], "texture": "#texture" }
			}
		},
		{
			"__comment": "Box14",
			"from": [ 10.49905, 4.500612, 2.000015 ],
			"to": [ 10.99905, 5.500612, 4.000015 ],
			"faces": {
				"down": { "uv": [ 8.5, 7, 9, 8.5 ], "texture": "#texture" },
				"up": { "uv": [ 10.5, 2, 11, 4 ], "texture": "#texture" },
				"north": { "uv": [ 8.5, 8, 9, 9 ], "texture": "#texture" },
				"south": { "uv": [ 10.5, 10.5, 11, 11.5 ], "texture": "#texture" },
				"west": { "uv": [ 8.5, 8, 9, 9 ], "texture": "#texture" },
				"east": { "uv": [ 12, 10.5, 14, 11.5 ], "texture": "#texture" }
			}
		},
		{
			"__comment": "Box14",
			"from": [ 14.99934, 4.499452, 0.0002458037 ],
			"to": [ 15.49934, 5.499452, 1.500246 ],
			"faces": {
				"down": { "uv": [ 8.5, 7, 9, 8.5 ], "texture": "#texture" },
				"up": { "uv": [ 15, 0, 15.5, 1.5 ], "texture": "#texture" },
				"north": { "uv": [ 8.5, 8, 9, 9 ], "texture": "#texture" },
				"south": { "uv": [ 8.5, 8, 9, 9 ], "texture": "#texture" },
				"west": { "uv": [ 8.5, 8, 9, 9 ], "texture": "#texture" },
				"east": { "uv": [ 8.5, 8, 9, 9 ], "texture": "#texture" }
			}
		},
		{
			"__comment": "Box14",
			"from": [ 11.00093, 4.499957, 1.499152 ],
			"to": [ 11.50093, 5.499957, 3.499152 ],
			"faces": {
				"down": { "uv": [ 8.5, 7, 9, 8.5 ], "texture": "#texture" },
				"up": { "uv": [ 11, 1.5, 11.5, 3.5 ], "texture": "#texture" },
				"north": { "uv": [ 8.5, 8, 9, 9 ], "texture": "#texture" },
				"south": { "uv": [ 11, 10.5, 11.5, 11.5 ], "texture": "#texture" },
				"west": { "uv": [ 8.5, 8, 9, 9 ], "texture": "#texture" },
				"east": { "uv": [ 12.5, 10.5, 14.5, 11.5 ], "texture": "#texture" }
			}
		},
		{
			"__comment": "Box14",
			"from": [ 11.49924, 4.500843, 0.999181 ],
			"to": [ 11.99924, 5.500843, 2.999181 ],
			"faces": {
				"down": { "uv": [ 8.5, 7, 9, 8.5 ], "texture": "#texture" },
				"up": { "uv": [ 11.5, 1, 12, 3 ], "texture": "#texture" },
				"north": { "uv": [ 8.5, 8, 9, 9 ], "texture": "#texture" },
				"south": { "uv": [ 11.5, 10.5, 12, 11.5 ], "texture": "#texture" },
				"west": { "uv": [ 8.5, 8, 9, 9 ], "texture": "#texture" },
				"east": { "uv": [ 13, 10.5, 15, 11.5 ], "texture": "#texture" }
			}
		},
		{
			"__comment": "Box14",
			"from": [ 10.00096, 4.49983, 2.499645 ],
			"to": [ 10.50096, 5.49983, 4.499644 ],
			"faces": {
				"down": { "uv": [ 8.5, 7, 9, 8.5 ], "texture": "#texture" },
				"up": { "uv": [ 10, 2.5, 10.5, 4.5 ], "texture": "#texture" },
				"north": { "uv": [ 8.5, 8, 9, 9 ], "texture": "#texture" },
				"south": { "uv": [ 10, 10.5, 10.5, 11.5 ], "texture": "#texture" },
				"west": { "uv": [ 8.5, 8, 9, 9 ], "texture": "#texture" },
				"east": { "uv": [ 11.5, 10.5, 13.5, 11.5 ], "texture": "#texture" }
			}
		},
		{
			"__comment": "Box14",
			"from": [ 9.499302, 4.500603, 3.000289 ],
			"to": [ 9.999302, 5.500603, 5.000289 ],
			"faces": {
				"down": { "uv": [ 8.5, 7, 9, 8.5 ], "texture": "#texture" },
				"up": { "uv": [ 9.5, 3, 10, 5 ], "texture": "#texture" },
				"north": { "uv": [ 8.5, 8, 9, 9 ], "texture": "#texture" },
				"south": { "uv": [ 9.5, 10.5, 10, 11.5 ], "texture": "#texture" },
				"west": { "uv": [ 8.5, 8, 9, 9 ], "texture": "#texture" },
				"east": { "uv": [ 11, 10.5, 13, 11.5 ], "texture": "#texture" }
			}
		},
		{
			"__comment": "Box14",
			"from": [ 8.99966, 4.499152, 3.500775 ],
			"to": [ 9.49966, 5.499152, 5.500774 ],
			"faces": {
				"down": { "uv": [ 8.5, 7, 9, 8.5 ], "texture": "#texture" },
				"up": { "uv": [ 9, 3.5, 9.5, 5.5 ], "texture": "#texture" },
				"north": { "uv": [ 8.5, 8, 9, 9 ], "texture": "#texture" },
				"south": { "uv": [ 9, 10.5, 9.5, 11.5 ], "texture": "#texture" },
				"west": { "uv": [ 8.5, 8, 9, 9 ], "texture": "#texture" },
				"east": { "uv": [ 10.5, 10.5, 12.5, 11.5 ], "texture": "#texture" }
			}
		},
		{
			"__comment": "Box14",
			"from": [ 11.99987, 4.499366, 0.5008128 ],
			"to": [ 12.49987, 5.499366, 2.500813 ],
			"faces": {
				"down": { "uv": [ 8.5, 7, 9, 8.5 ], "texture": "#texture" },
				"up": { "uv": [ 12, 0.5, 12.5, 2.5 ], "texture": "#texture" },
				"north": { "uv": [ 8.5, 8, 9, 9 ], "texture": "#texture" },
				"south": { "uv": [ 12, 10.5, 12.5, 11.5 ], "texture": "#texture" },
				"west": { "uv": [ 8.5, 8, 9, 9 ], "texture": "#texture" },
				"east": { "uv": [ 13.5, 10.5, 15.5, 11.5 ], "texture": "#texture" }
			}
		},
		{
			"__comment": "Box14",
			"from": [ 12.99965, 4.499884, -0.000812568 ],
			"to": [ 13.49965, 5.499884, 1.999187 ],
			"faces": {
				"down": { "uv": [ 8.5, 7, 9, 8.5 ], "texture": "#texture" },
				"up": { "uv": [ 13, 0, 13.5, 2 ], "texture": "#texture" },
				"north": { "uv": [ 8.5, 8, 9, 9 ], "texture": "#texture" },
				"south": { "uv": [ 8.5, 8, 9, 9 ], "texture": "#texture" },
				"west": { "uv": [ 8.5, 8, 9, 9 ], "texture": "#texture" },
				"east": { "uv": [ 8.5, 8, 9, 9 ], "texture": "#texture" }
			}
		},
		{
			"__comment": "Box14",
			"from": [ 8.499066, 4.499282, 4.000125 ],
			"to": [ 8.999066, 5.499282, 6.000125 ],
			"faces": {
				"down": { "uv": [ 8.5, 7, 9, 8.5 ], "texture": "#texture" },
				"up": { "uv": [ 8.5, 4, 9, 6 ], "texture": "#texture" },
				"north": { "uv": [ 8.5, 8, 9, 9 ], "texture": "#texture" },
				"south": { "uv": [ 8.5, 10.5, 9, 11.5 ], "texture": "#texture" },
				"west": { "uv": [ 8.5, 8, 9, 9 ], "texture": "#texture" },
				"east": { "uv": [ 10, 10.5, 12, 11.5 ], "texture": "#texture" }
			}
		},
		{
			"__comment": "Box14",
			"from": [ 12.50084, 4.500487, -0.0005318725 ],
			"to": [ 13.00084, 5.500487, 2.499468 ],
			"faces": {
				"down": { "uv": [ 8.5, 7, 9, 8.5 ], "texture": "#texture" },
				"up": { "uv": [ 12.5, 0, 13, 2.5 ], "texture": "#texture" },
				"north": { "uv": [ 8.5, 8, 9, 9 ], "texture": "#texture" },
				"south": { "uv": [ 8.5, 8, 9, 9 ], "texture": "#texture" },
				"west": { "uv": [ 8.5, 8, 9, 9 ], "texture": "#texture" },
				"east": { "uv": [ 8.5, 8, 9, 9 ], "texture": "#texture" }
			}
		},
		{
			"__comment": "Box14",
			"from": [ 13.50041, 4.499079, 8.110818E-05 ],
			"to": [ 14.00041, 5.499079, 1.500081 ],
			"faces": {
				"down": { "uv": [ 8.5, 7, 9, 8.5 ], "texture": "#texture" },
				"up": { "uv": [ 13.5, 0, 14, 1.5 ], "texture": "#texture" },
				"north": { "uv": [ 8.5, 8, 9, 9 ], "texture": "#texture" },
				"south": { "uv": [ 8.5, 8, 9, 9 ], "texture": "#texture" },
				"west": { "uv": [ 8.5, 8, 9, 9 ], "texture": "#texture" },
				"east": { "uv": [ 8.5, 8, 9, 9 ], "texture": "#texture" }
			}
		},
		{
			"__comment": "Box14",
			"from": [ 14.00059, 4.499358, -0.0005279577 ],
			"to": [ 14.50059, 5.499358, 0.999472 ],
			"faces": {
				"down": { "uv": [ 8.5, 7, 9, 8.5 ], "texture": "#texture" },
				"up": { "uv": [ 14, 0, 14.5, 1 ], "texture": "#texture" },
				"north": { "uv": [ 8.5, 8, 9, 9 ], "texture": "#texture" },
				"south": { "uv": [ 8.5, 8, 9, 9 ], "texture": "#texture" },
				"west": { "uv": [ 8.5, 8, 9, 9 ], "texture": "#texture" },
				"east": { "uv": [ 8.5, 8, 9, 9 ], "texture": "#texture" }
			}
		},
		{
			"__comment": "Box14",
			"from": [ 14.50058, 4.499367, 0.0004526136 ],
			"to": [ 15.00058, 5.499367, 0.5004526 ],
			"faces": {
				"down": { "uv": [ 8.5, 7, 9, 8.5 ], "texture": "#texture" },
				"up": { "uv": [ 14.5, 0, 15, 0.5 ], "texture": "#texture" },
				"north": { "uv": [ 8.5, 8, 9, 9 ], "texture": "#texture" },
				"south": { "uv": [ 8.5, 8, 9, 9 ], "texture": "#texture" },
				"west": { "uv": [ 8.5, 8, 9, 9 ], "texture": "#texture" },
				"east": { "uv": [ 8.5, 8, 9, 9 ], "texture": "#texture" }
			}
		},
		{
			"__comment": "Box14",
			"from": [ 6.999194, 4.499244, 5.500131 ],
			"to": [ 7.499194, 5.499244, 7.000131 ],
			"faces": {
				"down": { "uv": [ 7, 9, 7.5, 10.5 ], "texture": "#texture" },
				"up": { "uv": [ 7, 5.5, 7.5, 7 ], "texture": "#texture" },
				"north": { "uv": [ 8.5, 8, 9, 9 ], "texture": "#texture" },
				"south": { "uv": [ 7, 10.5, 7.5, 11.5 ], "texture": "#texture" },
				"west": { "uv": [ 8.5, 8, 9, 9 ], "texture": "#texture" },
				"east": { "uv": [ 9, 10.5, 10.5, 11.5 ], "texture": "#texture" }
			}
		},
		{
			"__comment": "Box14",
			"from": [ 7.499313, 4.499067, 4.999983 ],
			"to": [ 7.999313, 5.499067, 6.499983 ],
			"faces": {
				"down": { "uv": [ 8.5, 7, 9, 8.5 ], "texture": "#texture" },
				"up": { "uv": [ 7.5, 5, 8, 6.5 ], "texture": "#texture" },
				"north": { "uv": [ 8.5, 8, 9, 9 ], "texture": "#texture" },
				"south": { "uv": [ 7.5, 10.5, 8, 11.5 ], "texture": "#texture" },
				"west": { "uv": [ 8.5, 8, 9, 9 ], "texture": "#texture" },
				"east": { "uv": [ 9.5, 10.5, 11, 11.5 ], "texture": "#texture" }
			}
		},
		{
			"__comment": "Box14",
			"from": [ 7.999826, 4.50036, 4.499388 ],
			"to": [ 8.499826, 5.50036, 5.999388 ],
			"faces": {
				"down": { "uv": [ 8.5, 7, 9, 8.5 ], "texture": "#texture" },
				"up": { "uv": [ 8, 4.5, 8.5, 6 ], "texture": "#texture" },
				"north": { "uv": [ 8.5, 8, 9, 9 ], "texture": "#texture" },
				"south": { "uv": [ 8, 10.5, 8.5, 11.5 ], "texture": "#texture" },
				"west": { "uv": [ 8.5, 8, 9, 9 ], "texture": "#texture" },
				"east": { "uv": [ 10, 10.5, 11.5, 11.5 ], "texture": "#texture" }
			}
		},
		{
			"__comment": "Box14",
			"from": [ 3.999629, 4.500084, 10.00003 ],
			"to": [ 4.499629, 5.500084, 11.00003 ],
			"faces": {
				"down": { "uv": [ 8.5, 7, 9, 8.5 ], "texture": "#texture" },
				"up": { "uv": [ 4, 10, 4.5, 11 ], "texture": "#texture" },
				"north": { "uv": [ 8.5, 8, 9, 9 ], "texture": "#texture" },
				"south": { "uv": [ 8.5, 8, 9, 9 ], "texture": "#texture" },
				"west": { "uv": [ 8.5, 8, 9, 9 ], "texture": "#texture" },
				"east": { "uv": [ 8.5, 8, 9, 9 ], "texture": "#texture" }
			}
		},
		{
			"__comment": "Box14",
			"from": [ 3.499645, 4.499651, 10.50071 ],
			"to": [ 3.999645, 5.499651, 11.00071 ],
			"faces": {
				"down": { "uv": [ 8.5, 7, 9, 8.5 ], "texture": "#texture" },
				"up": { "uv": [ 3.5, 10.5, 4, 11 ], "texture": "#texture" },
				"north": { "uv": [ 8.5, 8, 9, 9 ], "texture": "#texture" },
				"south": { "uv": [ 8.5, 8, 9, 9 ], "texture": "#texture" },
				"west": { "uv": [ 8.5, 8, 9, 9 ], "texture": "#texture" },
				"east": { "uv": [ 8.5, 8, 9, 9 ], "texture": "#texture" }
			}
		},
		{
			"__comment": "Box10",
			"from": [ 4.00069, 3.999027, 10.50004 ],
			"to": [ 5.50069, 5.999027, 12.00004 ],
			"faces": {
				"down": { "uv": [ 3.5, 11, 5, 12.5 ], "texture": "#texture" },
				"up": { "uv": [ 3.5, 11, 5, 12.5 ], "texture": "#texture" },
				"north": { "uv": [ 3.5, 11, 5, 12.5 ], "texture": "#texture" },
				"south": { "uv": [ 3.5, 11, 5, 12.5 ], "texture": "#texture" },
				"west": { "uv": [ 3.5, 11, 5, 12.5 ], "texture": "#texture" },
				"east": { "uv": [ 3.5, 11, 5, 12.5 ], "texture": "#texture" }
			}
		},
		{
			"__comment": "Box10",
			"from": [ 4.500916, 4.000807, 10.00051 ],
			"to": [ 6.000916, 6.000807, 11.50051 ],
			"faces": {
				"down": { "uv": [ 4, 10.5, 5.5, 12 ], "texture": "#texture" },
				"up": { "uv": [ 4, 10.5, 5.5, 12 ], "texture": "#texture" },
				"north": { "uv": [ 4, 10.5, 5.5, 12 ], "texture": "#texture" },
				"south": { "uv": [ 4, 10.5, 5.5, 12 ], "texture": "#texture" },
				"west": { "uv": [ 4, 10.5, 5.5, 12 ], "texture": "#texture" },
				"east": { "uv": [ 4, 10.5, 5.5, 12 ], "texture": "#texture" }
			}
		},
		{
			"__comment": "Box10",
			"from": [ 5.00038, 4.000198, 9.50099 ],
			"to": [ 6.50038, 6.000198, 11.00099 ],
			"faces": {
				"down": { "uv": [ 4.5, 10, 6, 11.5 ], "texture": "#texture" },
				"up": { "uv": [ 4.5, 10, 6, 11.5 ], "texture": "#texture" },
				"north": { "uv": [ 4.5, 10, 6, 11.5 ], "texture": "#texture" },
				"south": { "uv": [ 4.5, 10, 6, 11.5 ], "texture": "#texture" },
				"west": { "uv": [ 4.5, 10, 6, 11.5 ], "texture": "#texture" },
				"east": { "uv": [ 4.5, 10, 6, 11.5 ], "texture": "#texture" }
			}
		},
		{
			"__comment": "Box10",
			"from": [ 5.50063, 4.000871, 8.999773 ],
			"to": [ 7.00063, 6.000871, 10.49977 ],
			"faces": {
				"down": { "uv": [ 5, 9.5, 6.5, 11 ], "texture": "#texture" },
				"up": { "uv": [ 5, 9.5, 6.5, 11 ], "texture": "#texture" },
				"north": { "uv": [ 5, 9.5, 6.5, 11 ], "texture": "#texture" },
				"south": { "uv": [ 5, 9.5, 6.5, 11 ], "texture": "#texture" },
				"west": { "uv": [ 5, 9.5, 6.5, 11 ], "texture": "#texture" },
				"east": { "uv": [ 5, 9.5, 6.5, 11 ], "texture": "#texture" }
			}
		},
		{
			"__comment": "Box10",
			"from": [ 6.000915, 4.000292, 8.499343 ],
			"to": [ 7.500915, 6.000292, 9.999343 ],
			"faces": {
				"down": { "uv": [ 5, 9.5, 6.5, 11 ], "texture": "#texture" },
				"up": { "uv": [ 5, 9.5, 6.5, 11 ], "texture": "#texture" },
				"north": { "uv": [ 5, 9.5, 6.5, 11 ], "texture": "#texture" },
				"south": { "uv": [ 5, 9.5, 6.5, 11 ], "texture": "#texture" },
				"west": { "uv": [ 5, 9.5, 6.5, 11 ], "texture": "#texture" },
				"east": { "uv": [ 5, 9.5, 6.5, 11 ], "texture": "#texture" }
			}
		},
		{
			"__comment": "Box10",
			"from": [ 6.500807, 3.999524, 8.000676 ],
			"to": [ 8.000807, 5.999524, 9.500676 ],
			"faces": {
				"down": { "uv": [ 5, 9.5, 6.5, 11 ], "texture": "#texture" },
				"up": { "uv": [ 5, 9.5, 6.5, 11 ], "texture": "#texture" },
				"north": { "uv": [ 5, 9.5, 6.5, 11 ], "texture": "#texture" },
				"south": { "uv": [ 5, 9.5, 6.5, 11 ], "texture": "#texture" },
				"west": { "uv": [ 5, 9.5, 6.5, 11 ], "texture": "#texture" },
				"east": { "uv": [ 5, 9.5, 6.5, 11 ], "texture": "#texture" }
			}
		},
		{
			"__comment": "Box10",
			"from": [ 6.99974, 4.000027, 7.500867 ],
			"to": [ 8.499741, 6.000027, 9.000868 ],
			"faces": {
				"down": { "uv": [ 7, 7.5, 8.5, 9 ], "texture": "#texture" },
				"up": { "uv": [ 7, 7.5, 8.5, 9 ], "texture": "#texture" },
				"north": { "uv": [ 7, 7.5, 8.5, 9 ], "texture": "#texture" },
				"south": { "uv": [ 7, 7.5, 8.5, 9 ], "texture": "#texture" },
				"west": { "uv": [ 7, 7.5, 8.5, 9 ], "texture": "#texture" },
				"east": { "uv": [ 7, 7.5, 8.5, 9 ], "texture": "#texture" }
			}
		},
		{
			"__comment": "Box10",
			"from": [ 7.000479, 3.999328, 5.999887 ],
			"to": [ 8.500479, 5.999328, 7.499887 ],
			"faces": {
				"down": { "uv": [ 7, 6, 8.5, 7.5 ], "texture": "#texture" },
				"up": { "uv": [ 7, 6, 8.5, 7.5 ], "texture": "#texture" },
				"north": { "uv": [ 7, 6, 8.5, 7.5 ], "texture": "#texture" },
				"south": { "uv": [ 7, 6, 8.5, 7.5 ], "texture": "#texture" },
				"west": { "uv": [ 7, 6, 8.5, 7.5 ], "texture": "#texture" },
				"east": { "uv": [ 7, 6, 8.5, 7.5 ], "texture": "#texture" }
			}
		},
		{
			"__comment": "Box10",
			"from": [ 7.500302, 3.999004, 5.49906 ],
			"to": [ 9.000301, 5.999003, 6.99906 ],
			"faces": {
				"down": { "uv": [ 7.5, 5.5, 9, 7 ], "texture": "#texture" },
				"up": { "uv": [ 7.5, 5.5, 9, 7 ], "texture": "#texture" },
				"north": { "uv": [ 7.5, 5.5, 9, 7 ], "texture": "#texture" },
				"south": { "uv": [ 7.5, 5.5, 9, 7 ], "texture": "#texture" },
				"west": { "uv": [ 7.5, 5.5, 9, 7 ], "texture": "#texture" },
				"east": { "uv": [ 7.5, 5.5, 9, 7 ], "texture": "#texture" }
			}
		},
		{
			"__comment": "Box10",
			"from": [ 8.000733, 3.999916, 5.000435 ],
			"to": [ 9.500733, 5.999916, 6.500435 ],
			"faces": {
				"down": { "uv": [ 8, 5, 9.5, 6.5 ], "texture": "#texture" },
				"up": { "uv": [ 8, 5, 9.5, 6.5 ], "texture": "#texture" },
				"north": { "uv": [ 8, 5, 9.5, 6.5 ], "texture": "#texture" },
				"south": { "uv": [ 8, 5, 9.5, 6.5 ], "texture": "#texture" },
				"west": { "uv": [ 8, 5, 9.5, 6.5 ], "texture": "#texture" },
				"east": { "uv": [ 8, 5, 9.5, 6.5 ], "texture": "#texture" }
			}
		},
		{
			"__comment": "Box10",
			"from": [ 8.500455, 3.999329, 4.500319 ],
			"to": [ 10.00045, 5.999329, 6.000319 ],
			"faces": {
				"down": { "uv": [ 8.5, 4.5, 10, 6 ], "texture": "#texture" },
				"up": { "uv": [ 8.5, 4.5, 10, 6 ], "texture": "#texture" },
				"north": { "uv": [ 8.5, 4.5, 10, 6 ], "texture": "#texture" },
				"south": { "uv": [ 8.5, 4.5, 10, 6 ], "texture": "#texture" },
				"west": { "uv": [ 8.5, 4.5, 10, 6 ], "texture": "#texture" },
				"east": { "uv": [ 8.5, 4.5, 10, 6 ], "texture": "#texture" }
			}
		},
		{
			"__comment": "Box10",
			"from": [ 8.999587, 3.999665, 3.999321 ],
			"to": [ 10.49959, 5.999665, 5.499321 ],
			"faces": {
				"down": { "uv": [ 9, 4, 10.5, 5.5 ], "texture": "#texture" },
				"up": { "uv": [ 9, 4, 10.5, 5.5 ], "texture": "#texture" },
				"north": { "uv": [ 9, 4, 10.5, 5.5 ], "texture": "#texture" },
				"south": { "uv": [ 9, 4, 10.5, 5.5 ], "texture": "#texture" },
				"west": { "uv": [ 9, 4, 10.5, 5.5 ], "texture": "#texture" },
				"east": { "uv": [ 9, 4, 10.5, 5.5 ], "texture": "#texture" }
			}
		},
		{
			"__comment": "Box10",
			"from": [ 9.499828, 4.00027, 3.500561 ],
			"to": [ 10.99983, 6.00027, 5.000561 ],
			"faces": {
				"down": { "uv": [ 10, 3, 11.5, 4.5 ], "texture": "#texture" },
				"up": { "uv": [ 10, 3, 11.5, 4.5 ], "texture": "#texture" },
				"north": { "uv": [ 10, 3, 11.5, 4.5 ], "texture": "#texture" },
				"south": { "uv": [ 10, 3, 11.5, 4.5 ], "texture": "#texture" },
				"west": { "uv": [ 10, 3, 11.5, 4.5 ], "texture": "#texture" },
				"east": { "uv": [ 10, 3, 11.5, 4.5 ], "texture": "#texture" }
			}
		},
		{
			"__comment": "Box10",
			"from": [ 9.999962, 4.000394, 3.000786 ],
			"to": [ 11.49996, 6.000394, 4.500786 ],
			"faces": {
				"down": { "uv": [ 10.5, 2.5, 12, 4 ], "texture": "#texture" },
				"up": { "uv": [ 10.5, 2.5, 12, 4 ], "texture": "#texture" },
				"north": { "uv": [ 10.5, 2.5, 12, 4 ], "texture": "#texture" },
				"south": { "uv": [ 10.5, 2.5, 12, 4 ], "texture": "#texture" },
				"west": { "uv": [ 10.5, 2.5, 12, 4 ], "texture": "#texture" },
				"east": { "uv": [ 10.5, 2.5, 12, 4 ], "texture": "#texture" }
			}
		},
		{
			"__comment": "Box10",
			"from": [ 10.49994, 4.000103, 2.499004 ],
			"to": [ 11.99994, 6.000103, 3.999004 ],
			"faces": {
				"down": { "uv": [ 11, 2, 12.5, 3.5 ], "texture": "#texture" },
				"up": { "uv": [ 11, 2, 12.5, 3.5 ], "texture": "#texture" },
				"north": { "uv": [ 11, 2, 12.5, 3.5 ], "texture": "#texture" },
				"south": { "uv": [ 11, 2, 12.5, 3.5 ], "texture": "#texture" },
				"west": { "uv": [ 11, 2, 12.5, 3.5 ], "texture": "#texture" },
				"east": { "uv": [ 11, 2, 12.5, 3.5 ], "texture": "#texture" }
			}
		},
		{
			"__comment": "Box10",
			"from": [ 10.99918, 3.99931, 1.999517 ],
			"to": [ 12.49918, 5.99931, 3.499516 ],
			"faces": {
				"down": { "uv": [ 11, 2, 12.5, 3.5 ], "texture": "#texture" },
				"up": { "uv": [ 11, 2, 12.5, 3.5 ], "texture": "#texture" },
				"north": { "uv": [ 11, 2, 12.5, 3.5 ], "texture": "#texture" },
				"south": { "uv": [ 11, 2, 12.5, 3.5 ], "texture": "#texture" },
				"west": { "uv": [ 11, 2, 12.5, 3.5 ], "texture": "#texture" },
				"east": { "uv": [ 11, 2, 12.5, 3.5 ], "texture": "#texture" }
			}
		},
		{
			"__comment": "Box10",
			"from": [ 11.49932, 3.999093, 2.000799 ],
			"to": [ 12.99932, 5.999093, 3.500799 ],
			"faces": {
				"down": { "uv": [ 11.5, 2, 13, 3.5 ], "texture": "#texture" },
				"up": { "uv": [ 11.5, 2, 13, 3.5 ], "texture": "#texture" },
				"north": { "uv": [ 11.5, 2, 13, 3.5 ], "texture": "#texture" },
				"south": { "uv": [ 11.5, 2, 13, 3.5 ], "texture": "#texture" },
				"west": { "uv": [ 11.5, 2, 13, 3.5 ], "texture": "#texture" },
				"east": { "uv": [ 11.5, 2, 13, 3.5 ], "texture": "#texture" }
			}
		},
		{
			"__comment": "Box10",
			"from": [ 11.49916, 3.999933, 1.500463 ],
			"to": [ 12.99916, 5.999933, 3.000463 ],
			"faces": {
				"down": { "uv": [ 11.5, 1.5, 13, 3 ], "texture": "#texture" },
				"up": { "uv": [ 11.5, 1.5, 13, 3 ], "texture": "#texture" },
				"north": { "uv": [ 11.5, 1.5, 13, 3 ], "texture": "#texture" },
				"south": { "uv": [ 11.5, 1.5, 13, 3 ], "texture": "#texture" },
				"west": { "uv": [ 11.5, 1.5, 13, 3 ], "texture": "#texture" },
				"east": { "uv": [ 11.5, 1.5, 13, 3 ], "texture": "#texture" }
			}
		},
		{
			"__comment": "Box10",
			"from": [ 12.00013, 3.999983, 1.500765 ],
			"to": [ 13.50013, 5.999983, 3.000765 ],
			"faces": {
				"down": { "uv": [ 12, 1.5, 13.5, 3 ], "texture": "#texture" },
				"up": { "uv": [ 12, 1.5, 13.5, 3 ], "texture": "#texture" },
				"north": { "uv": [ 12, 1.5, 13.5, 3 ], "texture": "#texture" },
				"south": { "uv": [ 12, 1.5, 13.5, 3 ], "texture": "#texture" },
				"west": { "uv": [ 12, 1.5, 13.5, 3 ], "texture": "#texture" },
				"east": { "uv": [ 12, 1.5, 13.5, 3 ], "texture": "#texture" }
			}
		},
		{
			"__comment": "Box10",
			"from": [ 11.99989, 4.000856, 1.000927 ],
			"to": [ 13.49989, 6.000856, 2.500927 ],
			"faces": {
				"down": { "uv": [ 12, 1, 13.5, 2.5 ], "texture": "#texture" },
				"up": { "uv": [ 12, 1, 13.5, 2.5 ], "texture": "#texture" },
				"north": { "uv": [ 12, 1, 13.5, 2.5 ], "texture": "#texture" },
				"south": { "uv": [ 12, 1, 13.5, 2.5 ], "texture": "#texture" },
				"west": { "uv": [ 12, 1, 13.5, 2.5 ], "texture": "#texture" },
				"east": { "uv": [ 12, 1, 13.5, 2.5 ], "texture": "#texture" }
			}
		},
		{
			"__comment": "Box10",
			"from": [ 12.49977, 3.999052, 0.9991265 ],
			"to": [ 13.99977, 5.999052, 2.499126 ],
			"faces": {
				"down": { "uv": [ 12.5, 1, 14, 2.5 ], "texture": "#texture" },
				"up": { "uv": [ 12.5, 1, 14, 2.5 ], "texture": "#texture" },
				"north": { "uv": [ 12.5, 1, 14, 2.5 ], "texture": "#texture" },
				"south": { "uv": [ 12.5, 1, 14, 2.5 ], "texture": "#texture" },
				"west": { "uv": [ 12.5, 1, 14, 2.5 ], "texture": "#texture" },
				"east": { "uv": [ 12.5, 1, 14, 2.5 ], "texture": "#texture" }
			}
		},
		{
			"__comment": "Box10",
			"from": [ 12.49938, 4.000316, 0.4995831 ],
			"to": [ 13.99938, 6.000316, 1.999583 ],
			"faces": {
				"down": { "uv": [ 12.5, 0.5, 14, 2 ], "texture": "#texture" },
				"up": { "uv": [ 12.5, 0.5, 14, 2 ], "texture": "#texture" },
				"north": { "uv": [ 12.5, 0.5, 14, 2 ], "texture": "#texture" },
				"south": { "uv": [ 12.5, 0.5, 14, 2 ], "texture": "#texture" },
				"west": { "uv": [ 12.5, 0.5, 14, 2 ], "texture": "#texture" },
				"east": { "uv": [ 12.5, 0.5, 14, 2 ], "texture": "#texture" }
			}
		},
		{
			"__comment": "Box10",
			"from": [ 13.00027, 3.999401, 0.4999113 ],
			"to": [ 14.50027, 5.999401, 1.999911 ],
			"faces": {
				"down": { "uv": [ 13, 0.5, 14.5, 2 ], "texture": "#texture" },
				"up": { "uv": [ 13, 0.5, 14.5, 2 ], "texture": "#texture" },
				"north": { "uv": [ 13, 0.5, 14.5, 2 ], "texture": "#texture" },
				"south": { "uv": [ 13, 0.5, 14.5, 2 ], "texture": "#texture" },
				"west": { "uv": [ 13, 0.5, 14.5, 2 ], "texture": "#texture" },
				"east": { "uv": [ 13, 0.5, 14.5, 2 ], "texture": "#texture" }
			}
		},
		{
			"__comment": "Box10",
			"from": [ 13.50074, 3.999947, 0.5006191 ],
			"to": [ 15.00074, 5.999947, 1.500619 ],
			"faces": {
				"down": { "uv": [ 13.5, 0.5, 15, 1.5 ], "texture": "#texture" },
				"up": { "uv": [ 13.5, 0.5, 15, 1.5 ], "texture": "#texture" },
				"north": { "uv": [ 13.5, 0.5, 15, 1.5 ], "texture": "#texture" },
				"south": { "uv": [ 13.5, 0.5, 15, 1.5 ], "texture": "#texture" },
				"west": { "uv": [ 13.5, 0.5, 15, 1.5 ], "texture": "#texture" },
				"east": { "uv": [ 13.5, 0.5, 15, 1.5 ], "texture": "#texture" }
			}
		},
		{
			"__comment": "Box10",
			"from": [ 14.99986, 3.999313, 0.499124 ],
			"to": [ 15.49986, 5.999313, 0.999124 ],
			"faces": {
				"down": { "uv": [ 15, 0.5, 15.5, 1 ], "texture": "#texture" },
				"up": { "uv": [ 15, 0.5, 15.5, 1 ], "texture": "#texture" },
				"north": { "uv": [ 15, 0.5, 15.5, 1 ], "texture": "#texture" },
				"south": { "uv": [ 15, 0.5, 15.5, 1 ], "texture": "#texture" },
				"west": { "uv": [ 15, 0.5, 15.5, 1 ], "texture": "#texture" },
				"east": { "uv": [ 15, 0.5, 15.5, 1 ], "texture": "#texture" }
			}
		},
		{
			"__comment": "Box9",
			"from": [ 1.999397, 4.499117, 10.99933 ],
			"to": [ 2.499397, 5.499117, 11.49933 ],
			"faces": {
				"down": { "uv": [ 2, 11, 2.5, 11.5 ], "texture": "#texture" },
				"up": { "uv": [ 4.5, 13.5, 5, 14 ], "texture": "#texture" },
				"north": { "uv": [ 8.5, 8, 9, 9 ], "texture": "#texture" },
				"south": { "uv": [ 8.5, 8, 9, 9 ], "texture": "#texture" },
				"west": { "uv": [ 8.5, 8, 9, 9 ], "texture": "#texture" },
				"east": { "uv": [ 8.5, 8, 9, 9 ], "texture": "#texture" }
			}
		}
	],
    "display": {
        "thirdperson": {
            "rotation": [ 180, 180, 90 ],
            "translation": [ 3, -7, -8 ],
            "scale": [ 2, 2, 2 ]
        },
        "firstperson": {
            "rotation": [ 90, 180, 0 ],
            "translation": [ 4, 4, 4 ],
            "scale": [ 1.5, 1.5, 1.5 ]
        }
    }
}