{
	"credit": "Made with Blockbench, a free, modern block model editor by JannisX11",
	"textures": {
		"2": "blocks/iron_block",
		"3": "blocks/glass_black",
		"4": "blocks/hardened_clay_stained_black",
		"5": "blocks/enchanting_table_top"
	},
	"elements": [
		{
			"name": "cube",
			"from": [5, 0, 0],
			"to": [10, 1, 12],
			"faces": {
				"north": {"uv": [0, 0, 5, 1], "texture": "#4"},
				"east": {"uv": [0, 0, 12, 1], "texture": "#4"},
				"south": {"uv": [0, 0, 5, 1], "texture": "#4"},
				"west": {"uv": [0, 0, 12, 1], "texture": "#4"},
				"up": {"uv": [0, 0, 5, 12], "texture": "#4"},
				"down": {"uv": [0, 0, 5, 12], "texture": "#4"}
			}
		},
		{
			"name": "cube",
			"from": [5, 1, 0],
			"to": [6, 3, 12],
			"faces": {
				"north": {"uv": [0, 0, 1, 2], "texture": "#4"},
				"east": {"uv": [0, 0, 12, 2], "texture": "#4"},
				"south": {"uv": [0, 0, 1, 2], "texture": "#4"},
				"west": {"uv": [0, 0, 12, 2], "texture": "#4"},
				"up": {"uv": [0, 0, 1, 12], "texture": "#4"},
				"down": {"uv": [0, 0, 1, 12], "texture": "#4"}
			}
		},
		{
			"name": "cube",
			"from": [9, 1, 0],
			"to": [10, 3, 12],
			"faces": {
				"north": {"uv": [0, 0, 1, 12], "texture": "#4"},
				"east": {"uv": [0, 0, 1, 12], "texture": "#4"},
				"south": {"uv": [0, 0, 1, 12], "texture": "#4"},
				"west": {"uv": [0, 0, 1, 12], "texture": "#4"},
				"up": {"uv": [0, 0, 1, 12], "texture": "#4"},
				"down": {"uv": [0, 0, 1, 12], "texture": "#4"}
			}
		},
		{
			"name": "cube",
			"from": [6, 1, 11],
			"to": [9, 3, 12],
			"faces": {
				"north": {"uv": [0, 0, 3, 2], "texture": "#4"},
				"east": {"uv": [0, 0, 1, 2], "texture": "#4"},
				"south": {"uv": [0, 0, 3, 2], "texture": "#4"},
				"west": {"uv": [0, 0, 1, 2], "texture": "#4"},
				"up": {"uv": [0, 0, 3, 1], "texture": "#4"},
				"down": {"uv": [0, 0, 3, 1], "texture": "#4"}
			}
		},
		{
			"name": "cube",
			"from": [6, 1, 0],
			"to": [9, 3, 1],
			"faces": {
				"north": {"uv": [0, 0, 3, 1], "texture": "#4"},
				"east": {"uv": [0, 0, 3, 1], "texture": "#4"},
				"south": {"uv": [0, 0, 3, 1], "texture": "#4"},
				"west": {"uv": [0, 0, 3, 1], "texture": "#4"},
				"up": {"uv": [0, 0, 3, 1], "texture": "#4"},
				"down": {"uv": [0, 0, 3, 1], "texture": "#4"}
			}
		},
		{
			"name": "cube",
			"from": [6, 1, 12],
			"to": [9, 2, 15],
			"faces": {
				"north": {"uv": [5, 6, 8, 9], "texture": "#2"},
				"east": {"uv": [6, 5, 9, 8], "texture": "#2"},
				"south": {"uv": [2, 4, 5, 7], "texture": "#2"},
				"west": {"uv": [3, 3, 6, 6], "texture": "#2"},
				"up": {"uv": [5, 4, 8, 7], "texture": "#2"},
				"down": {"uv": [5, 4, 8, 7], "texture": "#2"}
			}
		},
		{
			"name": "cube",
			"from": [6, 1, 1],
			"to": [9, 2, 11],
			"faces": {
				"north": {"uv": [0, 0, 3, 1], "texture": "#5"},
				"east": {"uv": [0, 0, 10, 1], "texture": "#5"},
				"south": {"uv": [0, 0, 3, 1], "texture": "#5"},
				"west": {"uv": [0, 0, 10, 1], "texture": "#5"},
				"up": {"uv": [0, 0, 16, 16], "texture": "#5"},
				"down": {"uv": [0, 0, 3, 10], "texture": "#5"}
			}
		},
		{
			"name": "cube",
			"from": [6, 2, 1],
			"to": [9, 3, 11],
			"faces": {
				"north": {"uv": [2, 1, 7, 15], "texture": "#3"},
				"east": {"uv": [2, 1, 7, 15], "texture": "#3"},
				"south": {"uv": [2, 1, 7, 15], "texture": "#3"},
				"west": {"uv": [2, 1, 7, 15], "texture": "#3"},
				"up": {"uv": [2, 1, 7, 15], "texture": "#3"},
				"down": {"uv": [3, 1, 6, 11], "texture": "#3"}
			}
		}
	],
	"display": {
		"thirdperson": {
			"rotation": [180, 0, 0],
			"translation": [0, -3.5, -3.5],
			"scale": [1, 1, 1]
		},
		"firstperson": {
			"rotation": [0, 0, -30],
			"translation": [4, 4, 4],
			"scale": [1.5, 1.5, 1.5]
		}
	}
}