{
	"credit": "Made with Blockbench, a free, modern block model editor by JannisX11",
	"textures": {
		"4": "lucky:blocks/concrete_silver",
		"5": "lucky:blocks/concrete_red",
		"6": "lucky:blocks/concrete_blue",
		"7": "blocks/iron_block",
		"8": "lucky:blocks/glass_white",
		"particle": "lucky:blocks/concrete_red",
		"1_1": "lucky:blocks/glass_silver"
	},
	"elements": [
		{
			"name": "Cube",
			"from": [5, 6, 5],
			"to": [6, 7, 9],
			"faces": {
				"north": {"uv": [0, 0, 5, 5], "texture": "#4"},
				"east": {"uv": [0, 0, 5, 5], "texture": "#4"},
				"south": {"uv": [0, 0, 5, 5], "texture": "#4"},
				"west": {"uv": [0, 0, 4, 1], "texture": "#4"},
				"up": {"uv": [0, 0, 1, 4], "texture": "#4"},
				"down": {"uv": [0, 0, 5, 5], "texture": "#4"}
			}
		},
		{
			"name": "Cube",
			"from": [10, 6, 5],
			"to": [11, 7, 9],
			"faces": {
				"north": {"uv": [0, 0, 5, 5], "texture": "#4"},
				"east": {"uv": [0, 0, 5, 5], "texture": "#4"},
				"south": {"uv": [0, 0, 5, 5], "texture": "#4"},
				"west": {"uv": [0, 0, 5, 5], "texture": "#4"},
				"up": {"uv": [0, 0, 5, 5], "texture": "#4"},
				"down": {"uv": [0, 0, 5, 5], "texture": "#4"}
			}
		},
		{
			"name": "Cube",
			"from": [9, 5, 9],
			"to": [11, 6, 10],
			"faces": {
				"north": {"uv": [5, 4, 10, 5], "texture": "#5"},
				"east": {"uv": [5, 4, 10, 5], "texture": "#5"},
				"south": {"uv": [5, 4, 10, 5], "texture": "#5"},
				"west": {"uv": [5, 4, 10, 5], "texture": "#5"},
				"up": {"uv": [5, 4, 10, 5], "texture": "#5"},
				"down": {"uv": [5, 4, 10, 5], "texture": "#5"}
			}
		},
		{
			"name": "Cube",
			"from": [5, 5, 5],
			"to": [6, 6, 9],
			"faces": {
				"north": {"uv": [5, 4, 10, 5], "texture": "#6"},
				"east": {"uv": [5, 4, 10, 5], "texture": "#6"},
				"south": {"uv": [5, 4, 10, 5], "texture": "#6"},
				"west": {"uv": [5, 4, 10, 5], "texture": "#6"},
				"up": {"uv": [5, 4, 10, 5], "texture": "#6"},
				"down": {"uv": [5, 4, 10, 5], "texture": "#6"}
			}
		},
		{
			"name": "Cube",
			"from": [10, 5, 5],
			"to": [11, 6, 9],
			"faces": {
				"north": {"uv": [5, 4, 10, 5], "texture": "#5"},
				"east": {"uv": [5, 4, 10, 5], "texture": "#5"},
				"south": {"uv": [5, 4, 10, 5], "texture": "#5"},
				"west": {"uv": [5, 4, 10, 5], "texture": "#5"},
				"up": {"uv": [5, 4, 10, 5], "texture": "#5"},
				"down": {"uv": [5, 4, 10, 5], "texture": "#5"}
			}
		},
		{
			"name": "Cube",
			"from": [6, 5, 10],
			"to": [7, 11, 11],
			"faces": {
				"north": {"uv": [5, 4, 10, 5], "texture": "#6"},
				"east": {"uv": [5, 4, 10, 5], "texture": "#6"},
				"south": {"uv": [5, 4, 10, 5], "texture": "#6"},
				"west": {"uv": [5, 4, 10, 5], "texture": "#6"},
				"up": {"uv": [5, 4, 10, 5], "texture": "#6"},
				"down": {"uv": [5, 4, 10, 5], "texture": "#6"}
			}
		},
		{
			"name": "Cube",
			"from": [5, 6, 9],
			"to": [11, 7, 10],
			"faces": {
				"north": {"uv": [5, 7, 10, 8], "texture": "#4"},
				"east": {"uv": [5, 7, 10, 8], "texture": "#4"},
				"south": {"uv": [5, 7, 10, 8], "texture": "#4"},
				"west": {"uv": [5, 7, 10, 8], "texture": "#4"},
				"up": {"uv": [5, 7, 10, 8], "texture": "#4"},
				"down": {"uv": [5, 7, 10, 8], "texture": "#4"}
			}
		},
		{
			"name": "Cube",
			"from": [5, 5, 9],
			"to": [7, 6, 10],
			"faces": {
				"north": {"uv": [5, 4, 10, 5], "texture": "#6"},
				"east": {"uv": [5, 4, 10, 5], "texture": "#6"},
				"south": {"uv": [5, 4, 10, 5], "texture": "#6"},
				"west": {"uv": [5, 4, 10, 5], "texture": "#6"},
				"up": {"uv": [5, 4, 10, 5], "texture": "#6"},
				"down": {"uv": [5, 4, 10, 5], "texture": "#6"}
			}
		},
		{
			"name": "Cube",
			"from": [9, 5, 10],
			"to": [10, 11, 11],
			"faces": {
				"north": {"uv": [5, 4, 10, 5], "texture": "#5"},
				"east": {"uv": [5, 4, 10, 5], "texture": "#5"},
				"south": {"uv": [5, 4, 10, 5], "texture": "#5"},
				"west": {"uv": [5, 4, 10, 5], "texture": "#5"},
				"up": {"uv": [5, 4, 10, 5], "texture": "#5"},
				"down": {"uv": [5, 4, 10, 5], "texture": "#5"}
			}
		},
		{
			"name": "Cube",
			"from": [9, 7, 9],
			"to": [11, 12, 10],
			"faces": {
				"north": {"uv": [5, 7, 12, 10], "texture": "#7"},
				"east": {"uv": [5, 7, 12, 10], "texture": "#7"},
				"south": {"uv": [5, 7, 12, 10], "texture": "#7"},
				"west": {"uv": [5, 7, 12, 10], "texture": "#7"},
				"up": {"uv": [5, 7, 12, 10], "texture": "#7"},
				"down": {"uv": [5, 7, 12, 10], "texture": "#7"}
			}
		},
		{
			"name": "Cube",
			"from": [5, 7, 9],
			"to": [7, 12, 10],
			"faces": {
				"north": {"uv": [5, 7, 12, 10], "texture": "#7"},
				"east": {"uv": [5, 7, 12, 10], "texture": "#7"},
				"south": {"uv": [5, 7, 12, 10], "texture": "#7"},
				"west": {"uv": [5, 7, 12, 10], "texture": "#7"},
				"up": {"uv": [5, 7, 12, 10], "texture": "#7"},
				"down": {"uv": [5, 7, 12, 10], "texture": "#7"}
			}
		},
		{
			"name": "Cube",
			"from": [9, 12, 9],
			"to": [10, 15, 10],
			"faces": {
				"north": {"uv": [5, 7, 12, 10], "texture": "#7"},
				"east": {"uv": [5, 7, 12, 10], "texture": "#7"},
				"south": {"uv": [5, 7, 12, 10], "texture": "#7"},
				"west": {"uv": [5, 7, 12, 10], "texture": "#7"},
				"up": {"uv": [5, 7, 12, 10], "texture": "#7"},
				"down": {"uv": [5, 7, 12, 10], "texture": "#7"}
			}
		},
		{
			"name": "Cube",
			"from": [6, 12, 9],
			"to": [7, 15, 10],
			"faces": {
				"north": {"uv": [5, 7, 12, 10], "texture": "#7"},
				"east": {"uv": [5, 7, 12, 10], "texture": "#7"},
				"south": {"uv": [5, 7, 12, 10], "texture": "#7"},
				"west": {"uv": [5, 7, 12, 10], "texture": "#7"},
				"up": {"uv": [5, 7, 12, 10], "texture": "#7"},
				"down": {"uv": [5, 7, 12, 10], "texture": "#7"}
			}
		},
		{
			"name": "Cube",
			"from": [7, 5, 2],
			"to": [9, 7, 3],
			"faces": {
				"north": {"uv": [0, 0, 2, 2], "texture": "#4"},
				"east": {
					"uv": [0, 0, 2, 2],
					"texture": "#4",
					"rotation": 270
				},
				"south": {"uv": [0, 0, 2, 2], "texture": "#4"},
				"west": {
					"uv": [0, 0, 2, 2],
					"texture": "#4",
					"rotation": 90
				},
				"up": {
					"uv": [0, 0, 2, 2],
					"texture": "#4",
					"rotation": 180
				},
				"down": {
					"uv": [0, 0, 2, 2],
					"texture": "#4",
					"rotation": 180
				}
			},
			"rotation": {
				"origin": [8, 5, 10],
				"axis": "x",
				"angle": 0
			}
		},
		{
			"name": "Cube",
			"from": [9, 5, 2],
			"to": [11, 7, 3],
			"faces": {
				"north": {"uv": [0, 0, 2, 2], "texture": "#4"},
				"east": {
					"uv": [0, 0, 2, 2],
					"texture": "#4",
					"rotation": 270
				},
				"south": {"uv": [0, 0, 2, 2], "texture": "#4"},
				"west": {
					"uv": [0, 0, 2, 2],
					"texture": "#4",
					"rotation": 90
				},
				"up": {
					"uv": [0, 0, 2, 2],
					"texture": "#4",
					"rotation": 180
				},
				"down": {
					"uv": [0, 0, 2, 2],
					"texture": "#4",
					"rotation": 180
				}
			},
			"rotation": {
				"origin": [8, 5, 10],
				"axis": "x",
				"angle": 0
			}
		},
		{
			"name": "Cube",
			"from": [5, 5, 2],
			"to": [7, 7, 3],
			"faces": {
				"north": {"uv": [0, 0, 2, 2], "texture": "#4"},
				"east": {
					"uv": [0, 0, 2, 2],
					"texture": "#4",
					"rotation": 270
				},
				"south": {"uv": [0, 0, 2, 2], "texture": "#4"},
				"west": {
					"uv": [0, 0, 2, 2],
					"texture": "#4",
					"rotation": 90
				},
				"up": {
					"uv": [0, 0, 2, 2],
					"texture": "#4",
					"rotation": 180
				},
				"down": {
					"uv": [0, 0, 2, 2],
					"texture": "#4",
					"rotation": 180
				}
			},
			"rotation": {
				"origin": [8, 5, 10],
				"axis": "x",
				"angle": 0
			}
		},
		{
			"name": "Cube",
			"from": [7, 7, 2],
			"to": [9, 9, 3],
			"faces": {
				"north": {"uv": [0, 0, 2, 2], "texture": "#4"},
				"east": {
					"uv": [0, 0, 2, 2],
					"texture": "#4",
					"rotation": 270
				},
				"south": {"uv": [0, 0, 2, 2], "texture": "#4"},
				"west": {
					"uv": [0, 0, 2, 2],
					"texture": "#4",
					"rotation": 90
				},
				"up": {
					"uv": [0, 0, 2, 2],
					"texture": "#4",
					"rotation": 180
				},
				"down": {
					"uv": [0, 0, 2, 2],
					"texture": "#4",
					"rotation": 180
				}
			},
			"rotation": {
				"origin": [8, 5, 10],
				"axis": "x",
				"angle": 0
			}
		},
		{
			"name": "Cube",
			"from": [7, 3, 2],
			"to": [9, 5, 3],
			"faces": {
				"north": {"uv": [0, 0, 2, 2], "texture": "#4"},
				"east": {
					"uv": [0, 0, 2, 2],
					"texture": "#4",
					"rotation": 270
				},
				"south": {"uv": [0, 0, 2, 2], "texture": "#4"},
				"west": {
					"uv": [0, 0, 2, 2],
					"texture": "#4",
					"rotation": 90
				},
				"up": {
					"uv": [0, 0, 2, 2],
					"texture": "#4",
					"rotation": 180
				},
				"down": {
					"uv": [0, 0, 2, 2],
					"texture": "#4",
					"rotation": 180
				}
			},
			"rotation": {
				"origin": [8, 5, 10],
				"axis": "x",
				"angle": 0
			}
		},
		{
			"name": "Cube",
			"from": [9, 7, 2],
			"to": [10, 8, 3],
			"faces": {
				"north": {"uv": [0, 0, 2, 2], "texture": "#4"},
				"east": {
					"uv": [0, 0, 2, 2],
					"texture": "#4",
					"rotation": 270
				},
				"south": {"uv": [0, 0, 2, 2], "texture": "#4"},
				"west": {
					"uv": [0, 0, 2, 2],
					"texture": "#4",
					"rotation": 90
				},
				"up": {
					"uv": [0, 0, 2, 2],
					"texture": "#4",
					"rotation": 180
				},
				"down": {
					"uv": [0, 0, 2, 2],
					"texture": "#4",
					"rotation": 180
				}
			},
			"rotation": {
				"origin": [8, 5, 10],
				"axis": "x",
				"angle": 0
			}
		},
		{
			"name": "Cube",
			"from": [6, 7, 2],
			"to": [7, 8, 3],
			"faces": {
				"north": {"uv": [0, 0, 2, 2], "texture": "#4"},
				"east": {
					"uv": [0, 0, 2, 2],
					"texture": "#4",
					"rotation": 270
				},
				"south": {"uv": [0, 0, 2, 2], "texture": "#4"},
				"west": {
					"uv": [0, 0, 2, 2],
					"texture": "#4",
					"rotation": 90
				},
				"up": {
					"uv": [0, 0, 2, 2],
					"texture": "#4",
					"rotation": 180
				},
				"down": {
					"uv": [0, 0, 2, 2],
					"texture": "#4",
					"rotation": 180
				}
			},
			"rotation": {
				"origin": [8, 5, 10],
				"axis": "x",
				"angle": 0
			}
		},
		{
			"name": "Cube",
			"from": [6, 4, 2],
			"to": [7, 5, 3],
			"faces": {
				"north": {"uv": [0, 0, 2, 2], "texture": "#4"},
				"east": {
					"uv": [0, 0, 2, 2],
					"texture": "#4",
					"rotation": 270
				},
				"south": {"uv": [0, 0, 2, 2], "texture": "#4"},
				"west": {
					"uv": [0, 0, 2, 2],
					"texture": "#4",
					"rotation": 90
				},
				"up": {
					"uv": [0, 0, 2, 2],
					"texture": "#4",
					"rotation": 180
				},
				"down": {
					"uv": [0, 0, 2, 2],
					"texture": "#4",
					"rotation": 180
				}
			},
			"rotation": {
				"origin": [8, 5, 10],
				"axis": "x",
				"angle": 0
			}
		},
		{
			"name": "Cube",
			"from": [9, 4, 2],
			"to": [10, 5, 3],
			"faces": {
				"north": {"uv": [0, 0, 2, 2], "texture": "#4"},
				"east": {
					"uv": [0, 0, 2, 2],
					"texture": "#4",
					"rotation": 270
				},
				"south": {"uv": [0, 0, 2, 2], "texture": "#4"},
				"west": {
					"uv": [0, 0, 2, 2],
					"texture": "#4",
					"rotation": 90
				},
				"up": {
					"uv": [0, 0, 2, 2],
					"texture": "#4",
					"rotation": 180
				},
				"down": {
					"uv": [0, 0, 2, 2],
					"texture": "#4",
					"rotation": 180
				}
			},
			"rotation": {
				"origin": [8, 5, 10],
				"axis": "x",
				"angle": 0
			}
		},
		{
			"name": "Cube",
			"from": [6, 5, 3],
			"to": [7, 7, 4],
			"faces": {
				"north": {"uv": [4, 4, 5, 6], "texture": "#8"},
				"east": {
					"uv": [10, 9, 12, 10],
					"texture": "#8",
					"rotation": 270
				},
				"south": {"uv": [6, 7, 7, 9], "texture": "#8"},
				"west": {
					"uv": [7, 7, 9, 8],
					"texture": "#8",
					"rotation": 90
				},
				"up": {
					"uv": [7, 4, 8, 5],
					"texture": "#8",
					"rotation": 180
				},
				"down": {
					"uv": [6, 7, 7, 8],
					"texture": "#8",
					"rotation": 180
				}
			},
			"rotation": {
				"origin": [8, 5, 10],
				"axis": "x",
				"angle": 0
			}
		},
		{
			"name": "Cube",
			"from": [9, 5, 3],
			"to": [10, 7, 4],
			"faces": {
				"north": {"uv": [5, 5, 6, 7], "texture": "#8"},
				"east": {
					"uv": [7, 6, 9, 7],
					"texture": "#8",
					"rotation": 270
				},
				"south": {"uv": [6, 5, 7, 7], "texture": "#8"},
				"west": {
					"uv": [6, 5, 8, 6],
					"texture": "#8",
					"rotation": 90
				},
				"up": {
					"uv": [3, 5, 4, 6],
					"texture": "#8",
					"rotation": 180
				},
				"down": {
					"uv": [4, 7, 5, 8],
					"texture": "#8",
					"rotation": 180
				}
			},
			"rotation": {
				"origin": [8, 5, 10],
				"axis": "x",
				"angle": 0
			}
		},
		{
			"name": "Cube",
			"from": [7, 7, 3],
			"to": [9, 8, 4],
			"faces": {
				"north": {"uv": [8, 7, 10, 8], "texture": "#8"},
				"east": {
					"uv": [5, 6, 6, 7],
					"texture": "#8",
					"rotation": 270
				},
				"south": {"uv": [8, 7, 10, 8], "texture": "#8"},
				"west": {
					"uv": [8, 8, 9, 9],
					"texture": "#8",
					"rotation": 90
				},
				"up": {
					"uv": [5, 3, 7, 4],
					"texture": "#8",
					"rotation": 180
				},
				"down": {
					"uv": [8, 7, 10, 8],
					"texture": "#8",
					"rotation": 180
				}
			},
			"rotation": {
				"origin": [8, 5, 10],
				"axis": "x",
				"angle": 0
			}
		},
		{
			"name": "Cube",
			"from": [7, 4, 3],
			"to": [9, 5, 4],
			"faces": {
				"north": {"uv": [6, 7, 8, 8], "texture": "#8"},
				"east": {
					"uv": [7, 9, 8, 10],
					"texture": "#8",
					"rotation": 270
				},
				"south": {"uv": [7, 7, 9, 8], "texture": "#8"},
				"west": {
					"uv": [8, 8, 9, 9],
					"texture": "#8",
					"rotation": 90
				},
				"up": {
					"uv": [6, 8, 8, 9],
					"texture": "#8",
					"rotation": 180
				},
				"down": {
					"uv": [8, 6, 10, 7],
					"texture": "#8",
					"rotation": 180
				}
			},
			"rotation": {
				"origin": [8, 5, 10],
				"axis": "x",
				"angle": 0
			}
		},
		{
			"name": "Cube",
			"from": [7, 5, 3],
			"to": [9, 7, 4],
			"faces": {
				"north": {"uv": [5, 7, 7, 9], "texture": "#1_1"},
				"east": {
					"uv": [6, 4, 8, 5],
					"texture": "#1_1",
					"rotation": 270
				},
				"south": {"uv": [8, 6, 10, 8], "texture": "#1_1"},
				"west": {
					"uv": [5, 5, 7, 6],
					"texture": "#1_1",
					"rotation": 90
				},
				"up": {
					"uv": [6, 7, 8, 8],
					"texture": "#1_1",
					"rotation": 180
				},
				"down": {
					"uv": [7, 5, 9, 6],
					"texture": "#1_1",
					"rotation": 180
				}
			},
			"rotation": {
				"origin": [8, 5, 10],
				"axis": "x",
				"angle": 0
			}
		},
		{
			"name": "Cube",
			"from": [7, 5, 4],
			"to": [9, 7, 5],
			"faces": {
				"north": {"uv": [0, 0, 2, 2], "texture": "#4"},
				"east": {
					"uv": [0, 0, 2, 2],
					"texture": "#4",
					"rotation": 270
				},
				"south": {"uv": [0, 0, 2, 2], "texture": "#4"},
				"west": {
					"uv": [0, 0, 2, 2],
					"texture": "#4",
					"rotation": 90
				},
				"up": {
					"uv": [0, 0, 2, 2],
					"texture": "#4",
					"rotation": 180
				},
				"down": {
					"uv": [0, 0, 2, 2],
					"texture": "#4",
					"rotation": 180
				}
			},
			"rotation": {
				"origin": [8, 5, 10],
				"axis": "x",
				"angle": 0
			}
		},
		{
			"name": "Cube",
			"from": [9, 5, 4],
			"to": [11, 7, 5],
			"faces": {
				"north": {"uv": [0, 0, 2, 2], "texture": "#4"},
				"east": {
					"uv": [0, 0, 2, 2],
					"texture": "#4",
					"rotation": 270
				},
				"south": {"uv": [0, 0, 2, 2], "texture": "#4"},
				"west": {
					"uv": [0, 0, 2, 2],
					"texture": "#4",
					"rotation": 90
				},
				"up": {
					"uv": [0, 0, 2, 2],
					"texture": "#4",
					"rotation": 180
				},
				"down": {
					"uv": [0, 0, 2, 2],
					"texture": "#4",
					"rotation": 180
				}
			},
			"rotation": {
				"origin": [8, 5, 10],
				"axis": "x",
				"angle": 0
			}
		},
		{
			"name": "Cube",
			"from": [5, 5, 4],
			"to": [7, 7, 5],
			"faces": {
				"north": {"uv": [0, 0, 2, 2], "texture": "#4"},
				"east": {
					"uv": [0, 0, 2, 2],
					"texture": "#4",
					"rotation": 270
				},
				"south": {"uv": [0, 0, 2, 2], "texture": "#4"},
				"west": {
					"uv": [0, 0, 2, 2],
					"texture": "#4",
					"rotation": 90
				},
				"up": {
					"uv": [0, 0, 2, 2],
					"texture": "#4",
					"rotation": 180
				},
				"down": {
					"uv": [0, 0, 2, 2],
					"texture": "#4",
					"rotation": 180
				}
			},
			"rotation": {
				"origin": [8, 5, 10],
				"axis": "x",
				"angle": 0
			}
		},
		{
			"name": "Cube",
			"from": [7, 7, 4],
			"to": [9, 9, 5],
			"faces": {
				"north": {"uv": [0, 0, 2, 2], "texture": "#4"},
				"east": {
					"uv": [0, 0, 2, 2],
					"texture": "#4",
					"rotation": 270
				},
				"south": {"uv": [0, 0, 2, 2], "texture": "#4"},
				"west": {
					"uv": [0, 0, 2, 2],
					"texture": "#4",
					"rotation": 90
				},
				"up": {
					"uv": [0, 0, 2, 2],
					"texture": "#4",
					"rotation": 180
				},
				"down": {
					"uv": [0, 0, 2, 2],
					"texture": "#4",
					"rotation": 180
				}
			},
			"rotation": {
				"origin": [8, 5, 10],
				"axis": "x",
				"angle": 0
			}
		},
		{
			"name": "Cube",
			"from": [7, 3, 4],
			"to": [9, 5, 5],
			"faces": {
				"north": {"uv": [0, 0, 2, 2], "texture": "#4"},
				"east": {
					"uv": [0, 0, 2, 2],
					"texture": "#4",
					"rotation": 270
				},
				"south": {"uv": [0, 0, 2, 2], "texture": "#4"},
				"west": {
					"uv": [0, 0, 2, 2],
					"texture": "#4",
					"rotation": 90
				},
				"up": {
					"uv": [0, 0, 2, 2],
					"texture": "#4",
					"rotation": 180
				},
				"down": {
					"uv": [0, 0, 2, 2],
					"texture": "#4",
					"rotation": 180
				}
			},
			"rotation": {
				"origin": [8, 5, 10],
				"axis": "x",
				"angle": 0
			}
		},
		{
			"name": "Cube",
			"from": [9, 7, 4],
			"to": [10, 8, 5],
			"faces": {
				"north": {"uv": [0, 0, 2, 2], "texture": "#4"},
				"east": {
					"uv": [0, 0, 2, 2],
					"texture": "#4",
					"rotation": 270
				},
				"south": {"uv": [0, 0, 2, 2], "texture": "#4"},
				"west": {
					"uv": [0, 0, 2, 2],
					"texture": "#4",
					"rotation": 90
				},
				"up": {
					"uv": [0, 0, 2, 2],
					"texture": "#4",
					"rotation": 180
				},
				"down": {
					"uv": [0, 0, 2, 2],
					"texture": "#4",
					"rotation": 180
				}
			},
			"rotation": {
				"origin": [8, 5, 10],
				"axis": "x",
				"angle": 0
			}
		},
		{
			"name": "Cube",
			"from": [6, 7, 4],
			"to": [7, 8, 5],
			"faces": {
				"north": {"uv": [0, 0, 2, 2], "texture": "#4"},
				"east": {
					"uv": [0, 0, 2, 2],
					"texture": "#4",
					"rotation": 270
				},
				"south": {"uv": [0, 0, 2, 2], "texture": "#4"},
				"west": {
					"uv": [0, 0, 2, 2],
					"texture": "#4",
					"rotation": 90
				},
				"up": {
					"uv": [0, 0, 2, 2],
					"texture": "#4",
					"rotation": 180
				},
				"down": {
					"uv": [0, 0, 2, 2],
					"texture": "#4",
					"rotation": 180
				}
			},
			"rotation": {
				"origin": [8, 5, 10],
				"axis": "x",
				"angle": 0
			}
		},
		{
			"name": "Cube",
			"from": [6, 4, 4],
			"to": [7, 5, 5],
			"faces": {
				"north": {"uv": [0, 0, 2, 2], "texture": "#4"},
				"east": {
					"uv": [0, 0, 2, 2],
					"texture": "#4",
					"rotation": 270
				},
				"south": {"uv": [0, 0, 2, 2], "texture": "#4"},
				"west": {
					"uv": [0, 0, 2, 2],
					"texture": "#4",
					"rotation": 90
				},
				"up": {
					"uv": [0, 0, 2, 2],
					"texture": "#4",
					"rotation": 180
				},
				"down": {
					"uv": [0, 0, 2, 2],
					"texture": "#4",
					"rotation": 180
				}
			},
			"rotation": {
				"origin": [8, 5, 10],
				"axis": "x",
				"angle": 0
			}
		},
		{
			"name": "Cube",
			"from": [9, 4, 4],
			"to": [10, 5, 5],
			"faces": {
				"north": {"uv": [0, 0, 2, 2], "texture": "#4"},
				"east": {
					"uv": [0, 0, 2, 2],
					"texture": "#4",
					"rotation": 270
				},
				"south": {"uv": [0, 0, 2, 2], "texture": "#4"},
				"west": {
					"uv": [0, 0, 2, 2],
					"texture": "#4",
					"rotation": 90
				},
				"up": {
					"uv": [0, 0, 2, 2],
					"texture": "#4",
					"rotation": 180
				},
				"down": {
					"uv": [0, 0, 2, 2],
					"texture": "#4",
					"rotation": 180
				}
			},
			"rotation": {
				"origin": [8, 5, 10],
				"axis": "x",
				"angle": 0
			}
		}
	],
	"display": {
		"thirdperson": {
			"rotation": [0, 0, 0],
			"translation": [0, 0, 0],
			"scale": [1, 1, 1]
		},
		"firstperson": {
			"rotation": [0, 0, -30],
			"translation": [4, 4, 4],
			"scale": [1.5, 1.5, 1.5]
		}
	}
}