{
    "__comment": "Model generated using MrCrayfish's Model Creator (http://mrcrayfish.com/modelcreator/)",
    "textures": {
        "0": "lucky:blocks/concrete_silver",
        "1": "lucky:blocks/lava_still",
        "2": "lucky:blocks/beacon"
    },
    "display": {
        "thirdperson": {
            "rotation": [ 89, -180, 0 ],
            "translation": [ -1.4, 5.4, -15 ],
            "scale": [ 4, 4, 4 ]
        },
        "firstperson": {
            "rotation": [ 1, -40, 0 ],
            "translation": [ -6.3, 20, -0.4 ],
            "scale": [ 4, 4, 4 ]
        },
        "ground": {
            "rotation": [ 0, 0, 0 ],
            "translation": [ 0, -15, 0 ],
            "scale": [ 8, 8, 8 ]
        },
        "gui": {
            "rotation": [ 0, 0, 0 ],
            "translation": [ 0, 12.3, 1.8 ],
            "scale": [ 4, 4, 4 ]
        }
    },
    "elements": [
        {
            "name": "Cube",
            "from": [ 7.25, 0.0, 10.2 ], 
            "to": [ 7.75, 1.0, 10.7 ], 
            "faces": {
                "north": { "texture": "#0", "uv": [ 0.0, 0.0, 0.5, 1.0 ] },
                "east": { "texture": "#0", "uv": [ 0.0, 0.0, 0.5, 1.0 ] },
                "south": { "texture": "#0", "uv": [ 0.0, 0.0, 0.5, 1.0 ] },
                "west": { "texture": "#0", "uv": [ 0.0, 0.0, 0.5, 1.0 ] },
                "up": { "texture": "#0", "uv": [ 0.0, 0.0, 0.5, 0.5 ] },
                "down": { "texture": "#0", "uv": [ 0.0, 0.0, 0.5, 0.5 ] }
            }
        },
        {
            "name": "Cube",
            "from": [ 6.7, 1.0, 6.0 ], 
            "to": [ 8.2, 2.5, 13.0 ], 
            "faces": {
                "north": { "texture": "#0", "uv": [ 7.0, 13.0, 11.5, -28.5 ] },
                "east": { "texture": "#0", "uv": [ 0.0, 0.0, 11.0, 1.5 ] },
                "south": { "texture": "#1", "uv": [ 15.0, 4.0, -124.5, 5.5 ] },
                "west": { "texture": "#0", "uv": [ 0.0, 0.0, 11.0, 1.5 ] },
                "up": { "texture": "#0", "uv": [ 0.0, 0.0, 1.5, 11.0 ] },
                "down": { "texture": "#0", "uv": [ 0.0, 0.0, 1.5, 11.0 ] }
            }
        },
        {
            "name": "Cube",
            "from": [ 6.7, 1.0, 1.0 ], 
            "to": [ 8.2, 1.3, 2.0 ], 
            "faces": {
                "north": { "texture": "#0", "uv": [ 0.0, 0.0, 1.5, 0.3 ] },
                "east": { "texture": "#0", "uv": [ 0.0, 0.0, 1.0, 0.3 ] },
                "south": { "texture": "#0", "uv": [ 0.0, 0.0, 1.5, 0.3 ] },
                "west": { "texture": "#0", "uv": [ 0.0, 0.0, 1.0, 0.3 ] },
                "up": { "texture": "#0", "uv": [ 0.0, 0.0, 1.5, 1.0 ] },
                "down": { "texture": "#0", "uv": [ 0.0, 0.0, 1.5, 1.0 ] }
            }
        },
        {
            "name": "Cube",
            "from": [ 6.7, 2.2, 1.0 ], 
            "to": [ 8.2, 2.5, 2.0 ], 
            "faces": {
                "north": { "texture": "#0", "uv": [ 0.0, 0.0, 1.5, 0.3 ] },
                "east": { "texture": "#0", "uv": [ 0.0, 0.0, 1.0, 0.3 ] },
                "south": { "texture": "#0", "uv": [ 0.0, 0.0, 1.5, 0.3 ] },
                "west": { "texture": "#0", "uv": [ 0.0, 0.0, 1.0, 0.3 ] },
                "up": { "texture": "#0", "uv": [ 0.0, 0.0, 1.5, 1.0 ] },
                "down": { "texture": "#0", "uv": [ 0.0, 0.0, 1.5, 1.0 ] }
            }
        },
        {
            "name": "Cube",
            "from": [ 6.7, 1.2000000000000002, 1.0 ], 
            "to": [ 7.0, 2.5, 2.0 ], 
            "faces": {
                "north": { "texture": "#0", "uv": [ 0.0, 0.0, 0.3, 1.3 ] },
                "east": { "texture": "#0", "uv": [ 0.0, 0.0, 1.0, 1.3 ] },
                "south": { "texture": "#0", "uv": [ 0.0, 0.0, 0.3, 1.3 ] },
                "west": { "texture": "#0", "uv": [ 0.0, 0.0, 1.0, 1.3 ] },
                "up": { "texture": "#0", "uv": [ 0.0, 0.0, 0.3, 1.0 ] },
                "down": { "texture": "#0", "uv": [ 0.0, 0.0, 0.3, 1.0 ] }
            }
        },
        {
            "name": "Cube",
            "from": [ 7.9, 1.2000000000000002, 1.0 ], 
            "to": [ 8.200000000000001, 2.5, 2.0 ], 
            "faces": {
                "north": { "texture": "#0", "uv": [ 0.0, 0.0, 0.3, 1.3 ] },
                "east": { "texture": "#0", "uv": [ 0.0, 0.0, 1.0, 1.3 ] },
                "south": { "texture": "#0", "uv": [ 0.0, 0.0, 0.3, 1.3 ] },
                "west": { "texture": "#0", "uv": [ 0.0, 0.0, 1.0, 1.3 ] },
                "up": { "texture": "#0", "uv": [ 0.0, 0.0, 0.3, 1.0 ] },
                "down": { "texture": "#0", "uv": [ 0.0, 0.0, 0.3, 1.0 ] }
            }
        },
        {
            "name": "Cube",
            "from": [ 6.7, 1.0, 13.0 ], 
            "to": [ 8.2, 1.3, 13.5 ], 
            "faces": {
                "north": { "texture": "#0", "uv": [ 0.0, 0.0, 1.5, 0.30000000000000004 ] },
                "east": { "texture": "#0", "uv": [ 0.0, 0.0, 0.5, 0.30000000000000004 ] },
                "south": { "texture": "#0", "uv": [ 0.0, 0.0, 1.5, 0.30000000000000004 ] },
                "west": { "texture": "#0", "uv": [ 0.0, 0.0, 0.5, 0.30000000000000004 ] },
                "up": { "texture": "#0", "uv": [ 0.0, 0.0, 1.5, 0.5 ] },
                "down": { "texture": "#0", "uv": [ 0.0, 0.0, 1.5, 0.5 ] }
            }
        },
        {
            "name": "Cube",
            "from": [ 6.7, 2.2, 13.0 ], 
            "to": [ 8.2, 2.5, 13.5 ], 
            "faces": {
                "north": { "texture": "#0", "uv": [ 0.0, 0.0, 1.5, 0.3 ] },
                "east": { "texture": "#0", "uv": [ 0.0, 0.0, 0.5, 0.3 ] },
                "south": { "texture": "#0", "uv": [ 0.0, 0.0, 1.5, 0.3 ] },
                "west": { "texture": "#0", "uv": [ 0.0, 0.0, 0.5, 0.3 ] },
                "up": { "texture": "#0", "uv": [ 0.0, 0.0, 1.5, 0.5 ] },
                "down": { "texture": "#0", "uv": [ 0.0, 0.0, 1.5, 0.5 ] }
            }
        },
        {
            "name": "Cube",
            "from": [ 6.7, 1.2000000000000002, 13.0 ], 
            "to": [ 7.0, 2.5, 13.5 ], 
            "faces": {
                "north": { "texture": "#0", "uv": [ 0.0, 0.0, 0.3, 1.3 ] },
                "east": { "texture": "#0", "uv": [ 0.0, 0.0, 0.5, 1.3 ] },
                "south": { "texture": "#0", "uv": [ 0.0, 0.0, 0.3, 1.3 ] },
                "west": { "texture": "#0", "uv": [ 0.0, 0.0, 0.5, 1.3 ] },
                "up": { "texture": "#0", "uv": [ 0.0, 0.0, 0.3, 0.5 ] },
                "down": { "texture": "#0", "uv": [ 0.0, 0.0, 0.3, 0.5 ] }
            }
        },
        {
            "name": "Cube",
            "from": [ 7.9, 1.2000000000000002, 13.0 ], 
            "to": [ 8.200000000000001, 2.5, 13.5 ], 
            "faces": {
                "north": { "texture": "#0", "uv": [ 0.0, 0.0, 0.3, 1.3 ] },
                "east": { "texture": "#0", "uv": [ 0.0, 0.0, 0.5, 1.3 ] },
                "south": { "texture": "#0", "uv": [ 0.0, 0.0, 0.3, 1.3 ] },
                "west": { "texture": "#0", "uv": [ 0.0, 0.0, 0.5, 1.3 ] },
                "up": { "texture": "#0", "uv": [ 0.0, 0.0, 0.3, 0.5 ] },
                "down": { "texture": "#0", "uv": [ 0.0, 0.0, 0.3, 0.5 ] }
            }
        },
        {
            "name": "Cube",
            "from": [ 12.5, 3.5, 2.0 ], 
            "to": [ 12.7, 3.7, 11.0 ], 
            "rotation": { "origin": [ 8.0, 8.0, 8.0 ], "axis": "z", "angle": -45.0 },
            "faces": {
                "north": { "texture": "#2", "uv": [ 8.0, 9.0, 8.2, 8.2 ] },
                "east": { "texture": "#2", "uv": [ 4.0, 5.0, 15.0, 5.2 ] },
                "south": { "texture": "#2", "uv": [ 11.0, 9.0, 4.5, 8.5 ] },
                "west": { "texture": "#2", "uv": [ 3.0, 5.0, 14.0, 5.2 ] },
                "up": { "texture": "#2", "uv": [ 5.0, 2.0, 5.2, 13.0 ] },
                "down": { "texture": "#2", "uv": [ 6.0, 3.0, 6.2, 14.0 ] }
            }
        },
        {
            "name": "Cube",
            "from": [ 11.5, 2.5, 2.0 ], 
            "to": [ 11.7, 2.7, 12.0 ], 
            "rotation": { "origin": [ 8.0, 8.0, 8.0 ], "axis": "z", "angle": -45.0 },
            "faces": {
                "north": { "texture": "#2", "uv": [ 6.0, 8.0, 6.2, 8.2 ] },
                "east": { "texture": "#2", "uv": [ 2.0, 6.0, 13.0, 6.2 ] },
                "south": { "texture": "#2", "uv": [ 14.0, 11.0, 1.5, 9.5 ] },
                "west": { "texture": "#2", "uv": [ 3.0, 6.0, 14.0, 6.2 ] },
                "up": { "texture": "#2", "uv": [ 7.0, 4.0, 7.2, 15.0 ] },
                "down": { "texture": "#2", "uv": [ 4.0, 3.0, 4.2, 14.0 ] }
            }
        },
        {
            "name": "Cube",
            "from": [ 12.4, 2.5999999999999996, 2.0 ], 
            "to": [ 12.6, 2.8, 6.0 ], 
            "rotation": { "origin": [ 8.0, 8.0, 8.0 ], "axis": "z", "angle": -45.0 },
            "faces": {
                "north": { "texture": "#2", "uv": [ 13.0, 12.0, 13.2, 12.2 ] },
                "east": { "texture": "#2", "uv": [ 5.0, 2.0, 8.0, 2.2 ] },
                "south": { "texture": "#2", "uv": [ 13.0, 11.0, 2.5, 14.5 ] },
                "west": { "texture": "#2", "uv": [ 5.0, 4.0, 8.0, 4.2 ] },
                "up": { "texture": "#2", "uv": [ 3.0, 6.0, 3.1999999999999993, 9.0 ] },
                "down": { "texture": "#2", "uv": [ 2.0, 6.0, 2.2, 9.0 ] }
            }
        },
        {
            "name": "Cube",
            "from": [ 11.4, 3.5999999999999996, 2.0 ], 
            "to": [ 11.6, 3.8, 12.0 ], 
            "rotation": { "origin": [ 8.0, 8.0, 8.0 ], "axis": "z", "angle": -45.0 },
            "faces": {
                "north": { "texture": "#2", "uv": [ 8.0, 2.0, 8.2, 2.2 ] },
                "east": { "texture": "#2", "uv": [ 3.0, 2.0, 5.0, 2.2 ] },
                "south": { "texture": "#2", "uv": [ 14.0, 2.0, 2.5, 4.5 ] },
                "west": { "texture": "#2", "uv": [ 2.0, 3.0, 7.0, 4.2 ] },
                "up": { "texture": "#2", "uv": [ 4.0, 4.0, 4.2, 6.0 ] },
                "down": { "texture": "#2", "uv": [ 3.0, 5.0, 3.2, 7.0 ] }
            }
        },
        {
            "name": "Cube",
            "from": [ 7.35, 1.1, 9.0 ], 
            "to": [ 7.55, 1.6, 12.0 ], 
            "rotation": { "origin": [ 9.0, 8.0, 8.0 ], "axis": "x", "angle": -22.5 },
            "faces": {
                "north": { "texture": "#0", "uv": [ 4.0, 4.0, 4.2, 4.5 ] },
                "east": { "texture": "#0", "uv": [ 0.0, 0.0, 1.0, 0.5 ] },
                "south": { "texture": "#2", "uv": [ 13.0, 1.0, 12.5, 1.5 ] },
                "west": { "texture": "#0", "uv": [ 0.0, 0.0, 1.0, 0.5 ] },
                "up": { "texture": "#2", "uv": [ 3.0, 1.0, 4.199999999999999, 15.0 ] },
                "down": { "texture": "#2", "uv": [ 2.0, 4.0, 1.1999999999999993, 0.0 ] }
            }
        },
        {
            "name": "Cube",
            "from": [ 11.8, 2.0, 11.0 ], 
            "to": [ 12.200000000000001, 2.4, 14.0 ], 
            "rotation": { "origin": [ 8.0, 8.0, 8.0 ], "axis": "z", "angle": -45.0 },
            "faces": {
                "north": { "texture": "#2", "uv": [ 2.0, 4.0, 2.2, 4.2 ] },
                "east": { "texture": "#2", "uv": [ 3.0, 2.0, 7.0, 2.1999999999999993 ] },
                "south": { "texture": "#2", "uv": [ 3.0, 4.0, 3.5, 6.5 ] },
                "west": { "texture": "#2", "uv": [ 4.0, 4.0, 8.0, 4.2 ] },
                "up": { "texture": "#2", "uv": [ 2.0, 5.0, 2.2, 9.0 ] },
                "down": { "texture": "#2", "uv": [ 3.0, 2.0, 3.2, 6.0 ] }
            }
        },
        {
            "name": "Cube",
            "from": [ 12.8, 3.0, 11.0 ], 
            "to": [ 13.200000000000001, 3.4, 14.0 ], 
            "rotation": { "origin": [ 8.0, 8.0, 8.0 ], "axis": "z", "angle": -45.0 },
            "faces": {
                "north": { "texture": "#2", "uv": [ 4.0, 3.0, 4.2, 3.2 ] },
                "east": { "texture": "#2", "uv": [ 3.0, 2.0, 7.0, 2.2 ] },
                "south": { "texture": "#2", "uv": [ 5.0, 6.0, 5.5, 8.5 ] },
                "west": { "texture": "#2", "uv": [ 6.0, 3.0, 10.0, 3.2 ] },
                "up": { "texture": "#2", "uv": [ 3.0, 2.0, 3.2, 6.0 ] },
                "down": { "texture": "#2", "uv": [ 3.0, 3.0, 3.2, 7.0 ] }
            }
        }
    ]
}