{
    "variants": {
        "active=false,facing=north": { "model": "lootplusplus:emerald_block.super_smelter_unlit" },
        "active=false,facing=south": { "model": "lootplusplus:emerald_block.super_smelter_unlit", "y": 180 },
        "active=false,facing=west":  { "model": "lootplusplus:emerald_block.super_smelter_unlit", "y": 270 },
        "active=false,facing=east":  { "model": "lootplusplus:emerald_block.super_smelter_unlit", "y": 90 },
		"active=true,facing=north": { "model": "lootplusplus:emerald_block.super_smelter_lit" },
        "active=true,facing=south": { "model": "lootplusplus:emerald_block.super_smelter_lit", "y": 180 },
        "active=true,facing=west":  { "model": "lootplusplus:emerald_block.super_smelter_lit", "y": 270 },
        "active=true,facing=east":  { "model": "lootplusplus:emerald_block.super_smelter_lit", "y": 90 }
    }
}
