{
    "variants": {
        "bites=0": { "model": "lootplusplus:emerald_block.pizza_uneaten" },
        "bites=1": { "model": "lootplusplus:emerald_block.pizza_slice1" },
        "bites=2": { "model": "lootplusplus:emerald_block.pizza_slice2" },
        "bites=3": { "model": "lootplusplus:emerald_block.pizza_slice3" },
        "bites=4": { "model": "lootplusplus:emerald_block.pizza_slice4" },
        "bites=5": { "model": "lootplusplus:emerald_block.pizza_slice5" },
        "bites=6": { "model": "lootplusplus:emerald_block.pizza_slice6" }
    }
}
