{
    "textures": {
        "main": "lootplusplus:items/astral.star_tool"
    },
    "display": {
        "thirdperson": {
            "rotation": [ 0, 90, 250 ],
            "translation": [ 0, -8, -24 ],
            "scale": [ 1, 4, 1 ]
        },
        "firstperson": {
            "rotation": [ 0, 45, 0 ],
            "translation": [ 0, 22, 0 ],
            "scale": [ 1, 4, 1 ]
        }
    },
    "elements": [
        {
            "from": [ 7, -6, 7 ],
            "to": [ 9, -5.4, 9 ],
            "faces": {
                "up":   { "uv": [ 0, 1, 12, 13 ], "texture": "#main" },
                "down":   { "uv": [ 0, 1, 12, 13  ], "texture": "#main" },
                "north":   { "uv": [ 0, 1, 12, 13  ], "texture": "#main" },
                "south":   { "uv": [ 0, 1, 12, 13  ], "texture": "#main" },
                "east":   { "uv": [ 0, 1, 12, 13  ], "texture": "#main" },
                "west":   { "uv": [ 0, 1, 12, 13  ], "texture": "#main" }
            }
        },
        {
            "from": [ 7.5, -5.9, 7.5 ],
            "to": [ 8.5, -3, 8.5 ],
            "faces": {
                "up":   { "uv": [ 0, 0.1, 7, 0.9 ], "texture": "#main" },
                "down":   { "uv": [ 0, 0.1, 7, 0.9  ], "texture": "#main" },
                "north":   { "uv": [ 0, 0.1, 7, 0.9  ], "texture": "#main" },
                "south":   { "uv": [ 0, 0.1, 7, 0.9  ], "texture": "#main" },
                "east":   { "uv": [ 0, 0.1, 7, 0.9  ], "texture": "#main" },
                "west":   { "uv": [ 0, 0.1, 7, 0.9  ], "texture": "#main" }
            }
        },
        {
            "from": [ 6.5, -2.9, 7.7 ],
            "to": [ 9.5, 15, 8.3 ],
            "faces": {
                "up":   { "uv": [ 7, 0.1, 16, 0.9 ], "texture": "#main" },
                "down":   { "uv": [ 7, 0.1, 16, 0.9  ], "texture": "#main" },
                "north":   { "uv": [ 7, 0.1, 16, 0.9  ], "texture": "#main" },
                "south":   { "uv": [ 7, 0.1, 16, 0.9  ], "texture": "#main" },
                "east":   { "uv": [ 7, 0.1, 16, 0.9  ], "texture": "#main" },
                "west":   { "uv": [ 7, 0.1, 16, 0.9  ], "texture": "#main" }
            }
        },
        {
            "from": [ 6.8, 15, 7.75 ],
            "to": [ 9.2, 22, 8.25 ],
            "faces": {
                "up":   { "uv": [ 7, 0.1, 16, 0.9 ], "texture": "#main" },
                "down":   { "uv": [ 7, 0.1, 16, 0.9  ], "texture": "#main" },
                "north":   { "uv": [ 7, 0.1, 16, 0.9  ], "texture": "#main" },
                "south":   { "uv": [ 7, 0.1, 16, 0.9  ], "texture": "#main" },
                "east":   { "uv": [ 7, 0.1, 16, 0.9  ], "texture": "#main" },
                "west":   { "uv": [ 7, 0.1, 16, 0.9  ], "texture": "#main" }
            }
        },
        {
            "from": [ 7.1, 22, 7.8 ],
            "to": [ 8.9, 28, 8.2 ],
            "faces": {
                "up":   { "uv": [ 7, 0.1, 16, 0.9 ], "texture": "#main" },
                "down":   { "uv": [ 7, 0.1, 16, 0.9  ], "texture": "#main" },
                "north":   { "uv": [ 7, 0.1, 16, 0.9  ], "texture": "#main" },
                "south":   { "uv": [ 7, 0.1, 16, 0.9  ], "texture": "#main" },
                "east":   { "uv": [ 7, 0.1, 16, 0.9  ], "texture": "#main" },
                "west":   { "uv": [ 7, 0.1, 16, 0.9  ], "texture": "#main" }
            }
        },
        {
            "from": [ 7.4, 28, 7.85 ],
            "to": [ 8.6, 32, 8.15 ],
            "faces": {
                "up":   { "uv": [ 7, 0.1, 16, 0.9 ], "texture": "#main" },
                "down":   { "uv": [ 7, 0.1, 16, 0.9  ], "texture": "#main" },
                "north":   { "uv": [ 7, 0.1, 16, 0.9  ], "texture": "#main" },
                "south":   { "uv": [ 7, 0.1, 16, 0.9  ], "texture": "#main" },
                "east":   { "uv": [ 7, 0.1, 16, 0.9  ], "texture": "#main" },
                "west":   { "uv": [ 7, 0.1, 16, 0.9  ], "texture": "#main" }
            }
        },
        {
            "from": [ 4, -3.1, 7.2 ],
            "to": [ 12, -2.9, 8.8 ],
            "faces": {
                "up":   { "uv": [ 0, 0.1, 7, 0.9 ], "texture": "#main", "rotation":90 },
                "down":   { "uv": [ 0, 0.1, 7, 0.9  ], "texture": "#main", "rotation":90 },
                "north":   { "uv": [ 12, 1, 16, 14  ], "texture": "#main", "rotation":90 },
                "south":   { "uv": [ 12, 1, 16, 14  ], "texture": "#main", "rotation":90 },
                "east":   { "uv": [ 12, 1, 16, 14  ], "texture": "#main", "rotation":90 },
                "west":   { "uv": [ 12, 1, 16, 14  ], "texture": "#main", "rotation":90 }
            }
        }
    ]
}
