{
    "__comment": "Model generated using MrCrayfish's Model Creator (http://mrcrayfish.com/modelcreator/)",
    "textures": {
        "0": "lucky:blocks/rainbow.ray_gun"
    },
    "elements": [
        {
            "name": "Cube",
            "from": [ 4.0, 4.0, 5.0 ], 
            "to": [ 12.0, 12.0, 17.0 ], 
            "faces": {
                "north": { "texture": "#0", "uv": [ 5.0, 5.0, 7.0, 6.0 ] },
                "east": { "texture": "#0", "uv": [ 5.0, 4.0, 6.0, 5.0 ] },
                "south": { "texture": "#0", "uv": [ 5.0, 5.0, 6.0, 6.0 ] },
                "west": { "texture": "#0", "uv": [ 5.0, 5.0, 6.0, 6.0 ] },
                "up": { "texture": "#0", "uv": [ 5.0, 4.0, 6.0, 5.0 ] },
                "down": { "texture": "#0", "uv": [ 4.0, 5.0, 5.0, 6.0 ] }
            }
        },
        {
            "name": "Cube",
            "from": [ 4.0, 7.0, 0.0 ], 
            "to": [ 6.0, 9.0, 5.0 ], 
            "faces": {
                "north": { "texture": "#0", "uv": [ 5.0, 4.0, 7.0, 6.0 ] },
                "east": { "texture": "#0", "uv": [ 5.0, 4.0, 7.0, 5.0 ] },
                "south": { "texture": "#0", "uv": [ 6.0, 4.0, 7.0, 6.0 ] },
                "west": { "texture": "#0", "uv": [ 6.0, 5.0, 5.0, 4.0 ] },
                "up": { "texture": "#0", "uv": [ 5.0, 4.0, 6.0, 5.0 ] },
                "down": { "texture": "#0", "uv": [ 5.0, 4.0, 6.0, 5.0 ] }
            }
        },
        {
            "name": "Cube",
            "from": [ 7.0, 4.0, 0.0 ], 
            "to": [ 9.0, 6.0, 5.0 ], 
            "faces": {
                "north": { "texture": "#0", "uv": [ 5.0, 3.0, 7.0, 5.0 ] },
                "east": { "texture": "#0", "uv": [ 3.0, 5.0, 5.0, 6.0 ] },
                "south": { "texture": "#0", "uv": [ 3.0, 5.0, 6.0, 7.0 ] },
                "west": { "texture": "#0", "uv": [ 3.0, 5.0, 5.0, 6.0 ] },
                "up": { "texture": "#0", "uv": [ 4.0, 5.0, 5.0, 6.0 ] },
                "down": { "texture": "#0", "uv": [ 4.0, 5.0, 6.0, 6.0 ] }
            }
        },
        {
            "name": "Cube",
            "from": [ 10.0, 7.0, 0.0 ], 
            "to": [ 12.0, 9.0, 5.0 ], 
            "faces": {
                "north": { "texture": "#0", "uv": [ 5.0, 4.0, 6.0, 6.0 ] },
                "east": { "texture": "#0", "uv": [ 4.0, 6.0, 6.0, 7.0 ] },
                "south": { "texture": "#0", "uv": [ 0.0, 0.0, 2.0, 2.0 ] },
                "west": { "texture": "#0", "uv": [ 3.0, 4.0, 4.0, 5.0 ] },
                "up": { "texture": "#0", "uv": [ 5.0, 3.0, 7.0, 5.0 ] },
                "down": { "texture": "#0", "uv": [ 5.0, 4.0, 6.0, 5.0 ] }
            }
        },
        {
            "name": "Cube",
            "from": [ 7.0, 10.0, 0.0 ], 
            "to": [ 9.0, 12.0, 5.0 ], 
            "faces": {
                "north": { "texture": "#0", "uv": [ 4.0, 5.0, 6.0, 6.0 ] },
                "east": { "texture": "#0", "uv": [ 3.0, 5.0, 6.0, 6.0 ] },
                "south": { "texture": "#0", "uv": [ 5.0, 3.0, 7.0, 5.0 ] },
                "west": { "texture": "#0", "uv": [ 3.0, 5.0, 5.0, 6.0 ] },
                "up": { "texture": "#0", "uv": [ 4.0, 5.0, 6.0, 6.0 ] },
                "down": { "texture": "#0", "uv": [ 4.0, 5.0, 6.0, 6.0 ] }
            }
        },
        {
            "name": "Cube",
            "from": [ 9.0, 9.0, 2.0 ], 
            "to": [ 10.0, 10.0, 5.0 ], 
            "faces": {
                "north": { "texture": "#0", "uv": [ 5.0, 5.0, 6.0, 6.0 ] },
                "east": { "texture": "#0", "uv": [ 2.0, 6.0, 3.0, 7.0 ] },
                "south": { "texture": "#0", "uv": [ 4.0, 4.0, 5.0, 5.0 ] },
                "west": { "texture": "#0", "uv": [ 4.0, 4.0, 5.0, 5.0 ] },
                "up": { "texture": "#0", "uv": [ 4.0, 4.0, 5.0, 5.0 ] },
                "down": { "texture": "#0", "uv": [ 3.0, 3.0, 4.0, 4.0 ] }
            }
        },
        {
            "name": "Cube",
            "from": [ 6.0, 9.0, 2.0 ], 
            "to": [ 7.0, 10.0, 5.0 ], 
            "faces": {
                "north": { "texture": "#0", "uv": [ 5.0, 4.0, 6.0, 5.0 ] },
                "east": { "texture": "#0", "uv": [ 4.0, 4.0, 5.0, 5.0 ] },
                "south": { "texture": "#0", "uv": [ 4.0, 4.0, 5.0, 5.0 ] },
                "west": { "texture": "#0", "uv": [ 4.0, 4.0, 5.0, 5.0 ] },
                "up": { "texture": "#0", "uv": [ 3.0, 3.0, 4.0, 4.0 ] },
                "down": { "texture": "#0", "uv": [ 3.0, 3.0, 4.0, 4.0 ] }
            }
        },
        {
            "name": "Cube",
            "from": [ 6.0, 6.0, 2.0 ], 
            "to": [ 7.0, 7.0, 5.0 ], 
            "faces": {
                "north": { "texture": "#0", "uv": [ 6.0, 5.0, 7.0, 6.0 ] },
                "east": { "texture": "#0", "uv": [ 4.0, 4.0, 5.0, 5.0 ] },
                "south": { "texture": "#0", "uv": [ 4.0, 4.0, 5.0, 5.0 ] },
                "west": { "texture": "#0", "uv": [ 4.0, 4.0, 5.0, 5.0 ] },
                "up": { "texture": "#0", "uv": [ 3.0, 3.0, 4.0, 4.0 ] },
                "down": { "texture": "#0", "uv": [ 3.0, 3.0, 4.0, 4.0 ] }
            }
        },
        {
            "name": "Cube",
            "from": [ 9.0, 6.0, 2.0 ], 
            "to": [ 10.0, 7.0, 5.0 ], 
            "faces": {
                "north": { "texture": "#0", "uv": [ 5.0, 4.0, 6.0, 5.0 ] },
                "east": { "texture": "#0", "uv": [ 4.0, 4.0, 5.0, 5.0 ] },
                "south": { "texture": "#0", "uv": [ 2.0, 6.0, 3.0, 7.0 ] },
                "west": { "texture": "#0", "uv": [ 4.0, 4.0, 5.0, 5.0 ] },
                "up": { "texture": "#0", "uv": [ 4.0, 4.0, 5.0, 5.0 ] },
                "down": { "texture": "#0", "uv": [ 4.0, 4.0, 5.0, 5.0 ] }
            }
        },
        {
            "name": "Cube",
            "from": [ 10.0, 12.0, 13.0 ], 
            "to": [ 11.0, 14.0, 14.0 ], 
            "faces": {
                "north": { "texture": "#0", "uv": [ 10.0, 4.0, 11.0, 5.0 ] },
                "east": { "texture": "#0", "uv": [ 10.0, 5.0, 11.0, 4.0 ] },
                "south": { "texture": "#0", "uv": [ 9.0, 4.0, 10.0, 5.0 ] },
                "west": { "texture": "#0", "uv": [ 9.0, 4.0, 10.0, 5.0 ] },
                "up": { "texture": "#0", "uv": [ 9.0, 4.0, 10.0, 5.0 ] },
                "down": { "texture": "#0", "uv": [ 9.0, 4.0, 10.0, 5.0 ] }
            }
        },
        {
            "name": "Cube",
            "from": [ 9.0, 12.0, 6.0 ], 
            "to": [ 10.0, 15.0, 7.0 ], 
            "faces": {
                "north": { "texture": "#0", "uv": [ 9.0, 4.0, 10.0, 5.0 ] },
                "east": { "texture": "#0", "uv": [ 10.0, 4.0, 11.0, 5.0 ] },
                "south": { "texture": "#0", "uv": [ 9.0, 4.0, 10.0, 5.0 ] },
                "west": { "texture": "#0", "uv": [ 10.0, 4.0, 11.0, 5.0 ] },
                "up": { "texture": "#0", "uv": [ 9.0, 4.0, 10.0, 5.0 ] },
                "down": { "texture": "#0", "uv": [ 9.0, 4.0, 10.0, 5.0 ] }
            }
        },
        {
            "name": "Cube",
            "from": [ 5.0, 12.0, 7.0 ], 
            "to": [ 6.0, 14.0, 8.0 ], 
            "faces": {
                "north": { "texture": "#0", "uv": [ 10.0, 4.0, 11.0, 5.0 ] },
                "east": { "texture": "#0", "uv": [ 9.0, 4.0, 10.0, 5.0 ] },
                "south": { "texture": "#0", "uv": [ 9.0, 4.0, 10.0, 5.0 ] },
                "west": { "texture": "#0", "uv": [ 10.0, 4.0, 11.0, 5.0 ] },
                "up": { "texture": "#0", "uv": [ 10.0, 4.0, 11.0, 5.0 ] },
                "down": { "texture": "#0", "uv": [ 9.0, 4.0, 10.0, 5.0 ] }
            }
        },
        {
            "name": "Cube",
            "from": [ 8.0, 12.0, 10.0 ], 
            "to": [ 9.0, 14.0, 11.0 ], 
            "faces": {
                "north": { "texture": "#0", "uv": [ 10.0, 4.0, 11.0, 5.0 ] },
                "east": { "texture": "#0", "uv": [ 9.0, 4.0, 10.0, 5.0 ] },
                "south": { "texture": "#0", "uv": [ 10.0, 4.0, 11.0, 5.0 ] },
                "west": { "texture": "#0", "uv": [ 10.0, 5.0, 9.0, 4.0 ] },
                "up": { "texture": "#0", "uv": [ 9.0, 4.0, 10.0, 5.0 ] },
                "down": { "texture": "#0", "uv": [ 9.0, 4.0, 10.0, 5.0 ] }
            }
        },
        {
            "name": "Cube",
            "from": [ 5.0, 12.0, 14.0 ], 
            "to": [ 6.0, 15.0, 15.0 ], 
            "faces": {
                "north": { "texture": "#0", "uv": [ 10.0, 4.0, 11.0, 5.0 ] },
                "east": { "texture": "#0", "uv": [ 10.0, 4.0, 11.0, 5.0 ] },
                "south": { "texture": "#0", "uv": [ 10.0, 4.0, 11.0, 5.0 ] },
                "west": { "texture": "#0", "uv": [ 10.0, 4.0, 11.0, 5.0 ] },
                "up": { "texture": "#0", "uv": [ 9.0, 4.0, 10.0, 5.0 ] },
                "down": { "texture": "#0", "uv": [ 10.0, 4.0, 11.0, 5.0 ] }
            }
        },
        {
            "name": "Cube",
            "from": [ 7.0, 6.0, 3.0 ], 
            "to": [ 9.0, 10.0, 4.0 ], 
            "faces": {
                "north": { "texture": "#0", "uv": [ 9.0, 4.0, 11.0, 5.0 ] },
                "east": { "texture": "#0", "uv": [ 9.0, 4.0, 10.0, 5.0 ] },
                "south": { "texture": "#0", "uv": [ 10.0, 6.0, 12.0, 7.0 ] },
                "west": { "texture": "#0", "uv": [ 11.0, 6.0, 12.0, 7.0 ] },
                "up": { "texture": "#0", "uv": [ 9.0, 4.0, 10.0, 5.0 ] },
                "down": { "texture": "#0", "uv": [ 9.0, 4.0, 10.0, 5.0 ] }
            }
        },
        {
            "name": "Cube",
            "from": [ 6.0, 7.0, 3.0 ], 
            "to": [ 10.0, 9.0, 4.0 ], 
            "faces": {
                "north": { "texture": "#0", "uv": [ 9.0, 4.0, 11.0, 5.0 ] },
                "east": { "texture": "#0", "uv": [ 9.0, 4.0, 10.0, 5.0 ] },
                "south": { "texture": "#0", "uv": [ 9.0, 4.0, 11.0, 5.0 ] },
                "west": { "texture": "#0", "uv": [ 9.0, 4.0, 10.0, 5.0 ] },
                "up": { "texture": "#0", "uv": [ 9.0, 4.0, 10.0, 5.0 ] },
                "down": { "texture": "#0", "uv": [ 9.0, 4.0, 10.0, 5.0 ] }
            }
        },
        {
            "name": "Cube",
            "from": [ 7.5, 4.5, -0.5 ], 
            "to": [ 8.5, 5.5, 0.5 ], 
            "faces": {
                "north": { "texture": "#0", "uv": [ 3.0, 3.0, 4.0, 4.0 ] },
                "east": { "texture": "#0", "uv": [ 3.0, 3.0, 4.0, 4.0 ] },
                "south": { "texture": "#0", "uv": [ 3.0, 3.0, 4.0, 4.0 ] },
                "west": { "texture": "#0", "uv": [ 3.0, 3.0, 4.0, 4.0 ] },
                "up": { "texture": "#0", "uv": [ 2.0, 2.0, 3.0, 3.0 ] },
                "down": { "texture": "#0", "uv": [ 2.0, 2.0, 3.0, 3.0 ] }
            }
        },
        {
            "name": "Cube",
            "from": [ 10.5, 7.5, -0.5 ], 
            "to": [ 11.5, 8.5, 0.5 ], 
            "faces": {
                "north": { "texture": "#0", "uv": [ 3.0, 3.0, 4.0, 4.0 ] },
                "east": { "texture": "#0", "uv": [ 3.0, 3.0, 4.0, 4.0 ] },
                "south": { "texture": "#0", "uv": [ 3.0, 3.0, 4.0, 4.0 ] },
                "west": { "texture": "#0", "uv": [ 3.0, 3.0, 4.0, 4.0 ] },
                "up": { "texture": "#0", "uv": [ 2.0, 2.0, 3.0, 3.0 ] },
                "down": { "texture": "#0", "uv": [ 2.0, 2.0, 3.0, 3.0 ] }
            }
        },
        {
            "name": "Cube",
            "from": [ 4.5, 7.5, -0.5 ], 
            "to": [ 5.5, 8.5, 0.5 ], 
            "faces": {
                "north": { "texture": "#0", "uv": [ 3.0, 3.0, 4.0, 4.0 ] },
                "east": { "texture": "#0", "uv": [ 3.0, 3.0, 4.0, 4.0 ] },
                "south": { "texture": "#0", "uv": [ 3.0, 3.0, 4.0, 4.0 ] },
                "west": { "texture": "#0", "uv": [ 3.0, 3.0, 4.0, 4.0 ] },
                "up": { "texture": "#0", "uv": [ 2.0, 2.0, 3.0, 3.0 ] },
                "down": { "texture": "#0", "uv": [ 2.0, 2.0, 3.0, 3.0 ] }
            }
        },
        {
            "name": "Cube",
            "from": [ 7.5, 10.5, -0.5 ], 
            "to": [ 8.5, 11.5, 0.5 ], 
            "faces": {
                "north": { "texture": "#0", "uv": [ 3.0, 3.0, 4.0, 4.0 ] },
                "east": { "texture": "#0", "uv": [ 4.0, 4.0, 5.0, 5.0 ] },
                "south": { "texture": "#0", "uv": [ 3.0, 3.0, 4.0, 4.0 ] },
                "west": { "texture": "#0", "uv": [ 3.0, 3.0, 4.0, 4.0 ] },
                "up": { "texture": "#0", "uv": [ 2.0, 2.0, 3.0, 3.0 ] },
                "down": { "texture": "#0", "uv": [ 2.0, 2.0, 3.0, 3.0 ] }
            }
        },
        {
            "name": "Cube",
            "from": [ 7.5, 11.5, 0.5 ], 
            "to": [ 8.5, 12.5, 17.5 ], 
            "faces": {
                "north": { "texture": "#0", "uv": [ 3.0, 3.0, 4.0, 4.0 ] },
                "east": { "texture": "#0", "uv": [ 3.0, 3.0, 4.0, 4.0 ] },
                "south": { "texture": "#0", "uv": [ 3.0, 3.0, 4.0, 4.0 ] },
                "west": { "texture": "#0", "uv": [ 3.0, 3.0, 4.0, 4.0 ] },
                "up": { "texture": "#0", "uv": [ 2.0, 2.0, 3.0, 3.0 ] },
                "down": { "texture": "#0", "uv": [ 2.0, 2.0, 3.0, 3.0 ] }
            }
        },
        {
            "name": "Cube",
            "from": [ 11.5, 8.5, 13.5 ], 
            "to": [ 12.5, 11.5, 14.5 ], 
            "faces": {
                "north": { "texture": "#0", "uv": [ 3.0, 3.0, 4.0, 4.0 ] },
                "east": { "texture": "#0", "uv": [ 4.0, 4.0, 5.0, 5.0 ] },
                "south": { "texture": "#0", "uv": [ 3.0, 3.0, 4.0, 4.0 ] },
                "west": { "texture": "#0", "uv": [ 3.0, 3.0, 4.0, 4.0 ] },
                "up": { "texture": "#0", "uv": [ 2.0, 2.0, 3.0, 3.0 ] },
                "down": { "texture": "#0", "uv": [ 2.0, 2.0, 3.0, 3.0 ] }
            }
        },
        {
            "name": "Cube",
            "from": [ 11.5, 7.5, 0.5 ], 
            "to": [ 12.5, 8.5, 17.5 ], 
            "faces": {
                "north": { "texture": "#0", "uv": [ 3.0, 3.0, 4.0, 4.0 ] },
                "east": { "texture": "#0", "uv": [ 4.0, 4.0, 5.0, 5.0 ] },
                "south": { "texture": "#0", "uv": [ 3.0, 3.0, 4.0, 4.0 ] },
                "west": { "texture": "#0", "uv": [ 3.0, 3.0, 4.0, 4.0 ] },
                "up": { "texture": "#0", "uv": [ 2.0, 2.0, 3.0, 3.0 ] },
                "down": { "texture": "#0", "uv": [ 2.0, 2.0, 3.0, 3.0 ] }
            }
        },
        {
            "name": "Cube",
            "from": [ 11.5, 8.5, 9.5 ], 
            "to": [ 12.5, 11.5, 10.5 ], 
            "faces": {
                "north": { "texture": "#0", "uv": [ 3.0, 3.0, 4.0, 4.0 ] },
                "east": { "texture": "#0", "uv": [ 4.0, 4.0, 5.0, 5.0 ] },
                "south": { "texture": "#0", "uv": [ 3.0, 3.0, 4.0, 4.0 ] },
                "west": { "texture": "#0", "uv": [ 3.0, 3.0, 4.0, 4.0 ] },
                "up": { "texture": "#0", "uv": [ 2.0, 2.0, 3.0, 3.0 ] },
                "down": { "texture": "#0", "uv": [ 2.0, 2.0, 3.0, 3.0 ] }
            }
        },
        {
            "name": "Cube",
            "from": [ 11.5, 8.5, 6.5 ], 
            "to": [ 12.5, 11.5, 7.5 ], 
            "faces": {
                "north": { "texture": "#0", "uv": [ 3.0, 3.0, 4.0, 4.0 ] },
                "east": { "texture": "#0", "uv": [ 4.0, 4.0, 5.0, 5.0 ] },
                "south": { "texture": "#0", "uv": [ 3.0, 3.0, 4.0, 4.0 ] },
                "west": { "texture": "#0", "uv": [ 3.0, 3.0, 4.0, 4.0 ] },
                "up": { "texture": "#0", "uv": [ 2.0, 2.0, 3.0, 3.0 ] },
                "down": { "texture": "#0", "uv": [ 2.0, 2.0, 3.0, 3.0 ] }
            }
        },
        {
            "name": "Cube",
            "from": [ 8.5, 11.5, 6.5 ], 
            "to": [ 12.5, 12.5, 7.5 ], 
            "faces": {
                "north": { "texture": "#0", "uv": [ 3.0, 3.0, 4.0, 4.0 ] },
                "east": { "texture": "#0", "uv": [ 4.0, 4.0, 5.0, 5.0 ] },
                "south": { "texture": "#0", "uv": [ 3.0, 3.0, 4.0, 4.0 ] },
                "west": { "texture": "#0", "uv": [ 3.0, 3.0, 4.0, 4.0 ] },
                "up": { "texture": "#0", "uv": [ 2.0, 2.0, 3.0, 3.0 ] },
                "down": { "texture": "#0", "uv": [ 2.0, 2.0, 3.0, 3.0 ] }
            }
        },
        {
            "name": "Cube",
            "from": [ 8.5, 11.5, 9.5 ], 
            "to": [ 12.5, 12.5, 10.5 ], 
            "faces": {
                "north": { "texture": "#0", "uv": [ 3.0, 3.0, 4.0, 4.0 ] },
                "east": { "texture": "#0", "uv": [ 4.0, 4.0, 5.0, 5.0 ] },
                "south": { "texture": "#0", "uv": [ 3.0, 3.0, 4.0, 4.0 ] },
                "west": { "texture": "#0", "uv": [ 3.0, 3.0, 4.0, 4.0 ] },
                "up": { "texture": "#0", "uv": [ 2.0, 2.0, 3.0, 3.0 ] },
                "down": { "texture": "#0", "uv": [ 2.0, 2.0, 3.0, 3.0 ] }
            }
        },
        {
            "name": "Cube",
            "from": [ 8.5, 11.5, 13.5 ], 
            "to": [ 12.5, 12.5, 14.5 ], 
            "faces": {
                "north": { "texture": "#0", "uv": [ 3.0, 3.0, 4.0, 4.0 ] },
                "east": { "texture": "#0", "uv": [ 4.0, 4.0, 5.0, 5.0 ] },
                "south": { "texture": "#0", "uv": [ 3.0, 3.0, 4.0, 4.0 ] },
                "west": { "texture": "#0", "uv": [ 3.0, 3.0, 4.0, 4.0 ] },
                "up": { "texture": "#0", "uv": [ 2.0, 2.0, 3.0, 3.0 ] },
                "down": { "texture": "#0", "uv": [ 2.0, 2.0, 3.0, 3.0 ] }
            }
        },
        {
            "name": "Cube",
            "from": [ 3.5, 11.5, 14.5 ], 
            "to": [ 7.5, 12.5, 15.5 ], 
            "faces": {
                "north": { "texture": "#0", "uv": [ 3.0, 3.0, 4.0, 4.0 ] },
                "east": { "texture": "#0", "uv": [ 4.0, 4.0, 5.0, 5.0 ] },
                "south": { "texture": "#0", "uv": [ 3.0, 3.0, 4.0, 4.0 ] },
                "west": { "texture": "#0", "uv": [ 3.0, 3.0, 4.0, 4.0 ] },
                "up": { "texture": "#0", "uv": [ 2.0, 2.0, 3.0, 3.0 ] },
                "down": { "texture": "#0", "uv": [ 2.0, 2.0, 3.0, 3.0 ] }
            }
        },
        {
            "name": "Cube",
            "from": [ 3.5, 11.5, 7.5 ], 
            "to": [ 7.5, 12.5, 8.5 ], 
            "faces": {
                "north": { "texture": "#0", "uv": [ 3.0, 3.0, 4.0, 4.0 ] },
                "east": { "texture": "#0", "uv": [ 4.0, 4.0, 5.0, 5.0 ] },
                "south": { "texture": "#0", "uv": [ 3.0, 3.0, 4.0, 4.0 ] },
                "west": { "texture": "#0", "uv": [ 3.0, 3.0, 4.0, 4.0 ] },
                "up": { "texture": "#0", "uv": [ 2.0, 2.0, 3.0, 3.0 ] },
                "down": { "texture": "#0", "uv": [ 2.0, 2.0, 3.0, 3.0 ] }
            }
        },
        {
            "name": "Cube",
            "from": [ 3.5, 7.5, 0.5 ], 
            "to": [ 4.5, 8.5, 17.5 ], 
            "faces": {
                "north": { "texture": "#0", "uv": [ 3.0, 3.0, 4.0, 4.0 ] },
                "east": { "texture": "#0", "uv": [ 4.0, 4.0, 5.0, 5.0 ] },
                "south": { "texture": "#0", "uv": [ 3.0, 3.0, 4.0, 4.0 ] },
                "west": { "texture": "#0", "uv": [ 3.0, 3.0, 4.0, 4.0 ] },
                "up": { "texture": "#0", "uv": [ 2.0, 2.0, 3.0, 3.0 ] },
                "down": { "texture": "#0", "uv": [ 2.0, 2.0, 3.0, 3.0 ] }
            }
        },
        {
            "name": "Cube",
            "from": [ 3.5, 8.5, 7.5 ], 
            "to": [ 4.5, 11.5, 8.5 ], 
            "faces": {
                "north": { "texture": "#0", "uv": [ 3.0, 3.0, 4.0, 4.0 ] },
                "east": { "texture": "#0", "uv": [ 4.0, 4.0, 5.0, 5.0 ] },
                "south": { "texture": "#0", "uv": [ 3.0, 3.0, 4.0, 4.0 ] },
                "west": { "texture": "#0", "uv": [ 3.0, 3.0, 4.0, 4.0 ] },
                "up": { "texture": "#0", "uv": [ 2.0, 2.0, 3.0, 3.0 ] },
                "down": { "texture": "#0", "uv": [ 2.0, 2.0, 3.0, 3.0 ] }
            }
        },
        {
            "name": "Cube",
            "from": [ 3.5, 8.5, 14.5 ], 
            "to": [ 4.5, 11.5, 15.5 ], 
            "faces": {
                "north": { "texture": "#0", "uv": [ 3.0, 3.0, 4.0, 4.0 ] },
                "east": { "texture": "#0", "uv": [ 4.0, 4.0, 5.0, 5.0 ] },
                "south": { "texture": "#0", "uv": [ 3.0, 3.0, 4.0, 4.0 ] },
                "west": { "texture": "#0", "uv": [ 3.0, 3.0, 4.0, 4.0 ] },
                "up": { "texture": "#0", "uv": [ 2.0, 2.0, 3.0, 3.0 ] },
                "down": { "texture": "#0", "uv": [ 2.0, 2.0, 3.0, 3.0 ] }
            }
        },
        {
            "name": "Cube",
            "from": [ 3.5, 3.5, 13.5 ], 
            "to": [ 4.5, 7.5, 14.5 ], 
            "faces": {
                "north": { "texture": "#0", "uv": [ 3.0, 3.0, 4.0, 4.0 ] },
                "east": { "texture": "#0", "uv": [ 4.0, 4.0, 5.0, 5.0 ] },
                "south": { "texture": "#0", "uv": [ 3.0, 3.0, 4.0, 4.0 ] },
                "west": { "texture": "#0", "uv": [ 3.0, 3.0, 4.0, 4.0 ] },
                "up": { "texture": "#0", "uv": [ 2.0, 2.0, 3.0, 3.0 ] },
                "down": { "texture": "#0", "uv": [ 2.0, 2.0, 3.0, 3.0 ] }
            }
        },
        {
            "name": "Cube",
            "from": [ 3.5, 3.5, 10.5 ], 
            "to": [ 4.5, 7.5, 11.5 ], 
            "faces": {
                "north": { "texture": "#0", "uv": [ 3.0, 3.0, 4.0, 4.0 ] },
                "east": { "texture": "#0", "uv": [ 4.0, 4.0, 5.0, 5.0 ] },
                "south": { "texture": "#0", "uv": [ 3.0, 3.0, 4.0, 4.0 ] },
                "west": { "texture": "#0", "uv": [ 3.0, 3.0, 4.0, 4.0 ] },
                "up": { "texture": "#0", "uv": [ 2.0, 2.0, 3.0, 3.0 ] },
                "down": { "texture": "#0", "uv": [ 2.0, 2.0, 3.0, 3.0 ] }
            }
        },
        {
            "name": "Cube",
            "from": [ 3.5, 3.5, 5.5 ], 
            "to": [ 4.5, 7.5, 6.5 ], 
            "faces": {
                "north": { "texture": "#0", "uv": [ 3.0, 3.0, 4.0, 4.0 ] },
                "east": { "texture": "#0", "uv": [ 4.0, 4.0, 5.0, 5.0 ] },
                "south": { "texture": "#0", "uv": [ 3.0, 3.0, 4.0, 4.0 ] },
                "west": { "texture": "#0", "uv": [ 3.0, 3.0, 4.0, 4.0 ] },
                "up": { "texture": "#0", "uv": [ 2.0, 2.0, 3.0, 3.0 ] },
                "down": { "texture": "#0", "uv": [ 2.0, 2.0, 3.0, 3.0 ] }
            }
        },
        {
            "name": "Cube",
            "from": [ 4.5, 3.5, 5.5 ], 
            "to": [ 7.5, 4.5, 6.5 ], 
            "faces": {
                "north": { "texture": "#0", "uv": [ 3.0, 3.0, 4.0, 4.0 ] },
                "east": { "texture": "#0", "uv": [ 4.0, 4.0, 5.0, 5.0 ] },
                "south": { "texture": "#0", "uv": [ 3.0, 3.0, 4.0, 4.0 ] },
                "west": { "texture": "#0", "uv": [ 3.0, 3.0, 4.0, 4.0 ] },
                "up": { "texture": "#0", "uv": [ 2.0, 2.0, 3.0, 3.0 ] },
                "down": { "texture": "#0", "uv": [ 2.0, 2.0, 3.0, 3.0 ] }
            }
        },
        {
            "name": "Cube",
            "from": [ 4.5, 3.5, 10.5 ], 
            "to": [ 7.5, 4.5, 11.5 ], 
            "faces": {
                "north": { "texture": "#0", "uv": [ 3.0, 3.0, 4.0, 4.0 ] },
                "east": { "texture": "#0", "uv": [ 4.0, 4.0, 5.0, 5.0 ] },
                "south": { "texture": "#0", "uv": [ 3.0, 3.0, 4.0, 4.0 ] },
                "west": { "texture": "#0", "uv": [ 3.0, 3.0, 4.0, 4.0 ] },
                "up": { "texture": "#0", "uv": [ 2.0, 2.0, 3.0, 3.0 ] },
                "down": { "texture": "#0", "uv": [ 2.0, 2.0, 3.0, 3.0 ] }
            }
        },
        {
            "name": "Cube",
            "from": [ 4.5, 3.5, 13.5 ], 
            "to": [ 7.5, 4.5, 14.5 ], 
            "faces": {
                "north": { "texture": "#0", "uv": [ 3.0, 3.0, 4.0, 4.0 ] },
                "east": { "texture": "#0", "uv": [ 4.0, 4.0, 5.0, 5.0 ] },
                "south": { "texture": "#0", "uv": [ 3.0, 3.0, 4.0, 4.0 ] },
                "west": { "texture": "#0", "uv": [ 3.0, 3.0, 4.0, 4.0 ] },
                "up": { "texture": "#0", "uv": [ 2.0, 2.0, 3.0, 3.0 ] },
                "down": { "texture": "#0", "uv": [ 2.0, 2.0, 3.0, 3.0 ] }
            }
        },
        {
            "name": "Cube",
            "from": [ 7.5, 3.5, 0.5 ], 
            "to": [ 8.5, 4.5, 17.5 ], 
            "faces": {
                "north": { "texture": "#0", "uv": [ 3.0, 3.0, 4.0, 4.0 ] },
                "east": { "texture": "#0", "uv": [ 4.0, 4.0, 5.0, 5.0 ] },
                "south": { "texture": "#0", "uv": [ 3.0, 3.0, 4.0, 4.0 ] },
                "west": { "texture": "#0", "uv": [ 3.0, 3.0, 4.0, 4.0 ] },
                "up": { "texture": "#0", "uv": [ 2.0, 2.0, 3.0, 3.0 ] },
                "down": { "texture": "#0", "uv": [ 2.0, 2.0, 3.0, 3.0 ] }
            }
        },
        {
            "name": "Cube",
            "from": [ 8.5, 3.5, 11.5 ], 
            "to": [ 12.5, 4.5, 12.5 ], 
            "faces": {
                "north": { "texture": "#0", "uv": [ 3.0, 3.0, 4.0, 4.0 ] },
                "east": { "texture": "#0", "uv": [ 4.0, 4.0, 5.0, 5.0 ] },
                "south": { "texture": "#0", "uv": [ 3.0, 3.0, 4.0, 4.0 ] },
                "west": { "texture": "#0", "uv": [ 3.0, 3.0, 4.0, 4.0 ] },
                "up": { "texture": "#0", "uv": [ 2.0, 2.0, 3.0, 3.0 ] },
                "down": { "texture": "#0", "uv": [ 2.0, 2.0, 3.0, 3.0 ] }
            }
        },
        {
            "name": "Cube",
            "from": [ 11.5, 4.5, 11.5 ], 
            "to": [ 12.5, 7.5, 12.5 ], 
            "faces": {
                "north": { "texture": "#0", "uv": [ 3.0, 3.0, 4.0, 4.0 ] },
                "east": { "texture": "#0", "uv": [ 4.0, 4.0, 5.0, 5.0 ] },
                "south": { "texture": "#0", "uv": [ 3.0, 3.0, 4.0, 4.0 ] },
                "west": { "texture": "#0", "uv": [ 3.0, 3.0, 4.0, 4.0 ] },
                "up": { "texture": "#0", "uv": [ 2.0, 2.0, 3.0, 3.0 ] },
                "down": { "texture": "#0", "uv": [ 2.0, 2.0, 3.0, 3.0 ] }
            }
        }
    ],
    "display": {
        "thirdperson": {
            "rotation": [ 90, 0, 180 ],
            "translation": [ 0, 1, 0 ],
            "scale": [ 0.85, 0.85, 0.85 ]
        },
        "firstperson": {
            "rotation": [ 0, -40, 0 ],
            "translation": [ 0, 4, 4 ],
            "scale": [ 1.7, 1.7, 1.7 ]
        }
    }
}