{
    "__comment": "Model generated using MrCrayfish's Model Creator (http://mrcrayfish.com/modelcreator/)",
    "textures": {
        "0": "lucky:blocks/rainbow.bomb"
    },
    "elements": [
        {
            "name": "Cube",
            "from": [ 6.0, 1.0, 10.0 ], 
            "to": [ 10.0, 2.0, 12.0 ], 
            "faces": {
                "north": { "texture": "#0", "uv": [ 8.0, 10.0, 9.0, 11.0 ] },
                "east": { "texture": "#0", "uv": [ 8.0, 8.0, 9.0, 9.0 ] },
                "south": { "texture": "#0", "uv": [ 8.0, 9.0, 9.0, 11.0 ] },
                "west": { "texture": "#0", "uv": [ 8.0, 8.0, 9.0, 9.0 ] },
                "up": { "texture": "#0", "uv": [ 7.0, 9.0, 8.0, 12.0 ] },
                "down": { "texture": "#0", "uv": [ 7.0, 9.0, 8.0, 11.0 ] }
            }
        },
        {
            "name": "Cube",
            "from": [ 10.0, 1.0, 6.0 ], 
            "to": [ 6.0, 0.0, 10.0 ], 
            "faces": {
                "north": { "texture": "#0", "uv": [ 8.0, 10.0, 9.0, 11.0 ] },
                "east": { "texture": "#0", "uv": [ 8.0, 8.0, 9.0, 9.0 ] },
                "south": { "texture": "#0", "uv": [ 8.0, 9.0, 9.0, 11.0 ] },
                "west": { "texture": "#0", "uv": [ 8.0, 8.0, 9.0, 9.0 ] },
                "up": { "texture": "#0", "uv": [ 7.0, 9.0, 8.0, 12.0 ] },
                "down": { "texture": "#0", "uv": [ 7.0, 9.0, 8.0, 11.0 ] }
            }
        },
        {
            "name": "Cube",
            "from": [ 6.0, 1.0, 4.0 ], 
            "to": [ 10.0, 2.0, 6.0 ], 
            "faces": {
                "north": { "texture": "#0", "uv": [ 8.0, 10.0, 9.0, 11.0 ] },
                "east": { "texture": "#0", "uv": [ 8.0, 8.0, 9.0, 9.0 ] },
                "south": { "texture": "#0", "uv": [ 8.0, 9.0, 9.0, 11.0 ] },
                "west": { "texture": "#0", "uv": [ 8.0, 8.0, 9.0, 9.0 ] },
                "up": { "texture": "#0", "uv": [ 7.0, 9.0, 8.0, 12.0 ] },
                "down": { "texture": "#0", "uv": [ 7.0, 9.0, 8.0, 11.0 ] }
            }
        },
        {
            "name": "Cube",
            "from": [ 4.0, 2.0, 3.0 ], 
            "to": [ 12.0, 4.0, 4.0 ], 
            "faces": {
                "north": { "texture": "#0", "uv": [ 8.0, 10.0, 9.0, 11.0 ] },
                "east": { "texture": "#0", "uv": [ 8.0, 8.0, 9.0, 9.0 ] },
                "south": { "texture": "#0", "uv": [ 8.0, 9.0, 9.0, 11.0 ] },
                "west": { "texture": "#0", "uv": [ 8.0, 8.0, 9.0, 9.0 ] },
                "up": { "texture": "#0", "uv": [ 7.0, 9.0, 8.0, 12.0 ] },
                "down": { "texture": "#0", "uv": [ 7.0, 9.0, 8.0, 11.0 ] }
            }
        },
        {
            "name": "Cube",
            "from": [ 4.0, 4.0, 2.0 ], 
            "to": [ 12.0, 8.0, 3.0 ], 
            "faces": {
                "north": { "texture": "#0", "uv": [ 8.0, 10.0, 9.0, 11.0 ] },
                "east": { "texture": "#0", "uv": [ 8.0, 8.0, 9.0, 9.0 ] },
                "south": { "texture": "#0", "uv": [ 8.0, 9.0, 9.0, 11.0 ] },
                "west": { "texture": "#0", "uv": [ 8.0, 8.0, 9.0, 9.0 ] },
                "up": { "texture": "#0", "uv": [ 7.0, 9.0, 8.0, 12.0 ] },
                "down": { "texture": "#0", "uv": [ 7.0, 9.0, 8.0, 11.0 ] }
            }
        },
        {
            "name": "Cube",
            "from": [ 4.0, 8.0, 3.0 ], 
            "to": [ 12.0, 10.0, 4.0 ], 
            "faces": {
                "north": { "texture": "#0", "uv": [ 8.0, 10.0, 9.0, 11.0 ] },
                "east": { "texture": "#0", "uv": [ 8.0, 8.0, 9.0, 9.0 ] },
                "south": { "texture": "#0", "uv": [ 8.0, 9.0, 9.0, 11.0 ] },
                "west": { "texture": "#0", "uv": [ 8.0, 8.0, 9.0, 9.0 ] },
                "up": { "texture": "#0", "uv": [ 7.0, 9.0, 8.0, 12.0 ] },
                "down": { "texture": "#0", "uv": [ 7.0, 9.0, 8.0, 11.0 ] }
            }
        },
        {
            "name": "Cube",
            "from": [ 6.0, 10.0, 4.0 ], 
            "to": [ 10.0, 11.0, 6.0 ], 
            "faces": {
                "north": { "texture": "#0", "uv": [ 8.0, 10.0, 9.0, 11.0 ] },
                "east": { "texture": "#0", "uv": [ 8.0, 8.0, 9.0, 9.0 ] },
                "south": { "texture": "#0", "uv": [ 8.0, 9.0, 9.0, 11.0 ] },
                "west": { "texture": "#0", "uv": [ 8.0, 8.0, 9.0, 9.0 ] },
                "up": { "texture": "#0", "uv": [ 7.0, 9.0, 8.0, 12.0 ] },
                "down": { "texture": "#0", "uv": [ 7.0, 9.0, 8.0, 11.0 ] }
            }
        },
        {
            "name": "Cube",
            "from": [ 6.0, 11.0, 6.0 ], 
            "to": [ 10.0, 12.0, 10.0 ], 
            "faces": {
                "north": { "texture": "#0", "uv": [ 8.0, 10.0, 9.0, 11.0 ] },
                "east": { "texture": "#0", "uv": [ 8.0, 8.0, 9.0, 9.0 ] },
                "south": { "texture": "#0", "uv": [ 8.0, 9.0, 9.0, 11.0 ] },
                "west": { "texture": "#0", "uv": [ 8.0, 8.0, 9.0, 9.0 ] },
                "up": { "texture": "#0", "uv": [ 7.0, 9.0, 8.0, 12.0 ] },
                "down": { "texture": "#0", "uv": [ 7.0, 9.0, 8.0, 11.0 ] }
            }
        },
        {
            "name": "Cube",
            "from": [ 6.0, 10.0, 10.0 ], 
            "to": [ 10.0, 11.0, 12.0 ], 
            "faces": {
                "north": { "texture": "#0", "uv": [ 8.0, 10.0, 9.0, 11.0 ] },
                "east": { "texture": "#0", "uv": [ 8.0, 8.0, 9.0, 9.0 ] },
                "south": { "texture": "#0", "uv": [ 8.0, 9.0, 9.0, 11.0 ] },
                "west": { "texture": "#0", "uv": [ 8.0, 8.0, 9.0, 9.0 ] },
                "up": { "texture": "#0", "uv": [ 7.0, 9.0, 8.0, 12.0 ] },
                "down": { "texture": "#0", "uv": [ 7.0, 9.0, 8.0, 11.0 ] }
            }
        },
        {
            "name": "Cube",
            "from": [ 4.0, 8.0, 12.0 ], 
            "to": [ 12.0, 10.0, 13.0 ], 
            "faces": {
                "north": { "texture": "#0", "uv": [ 8.0, 10.0, 9.0, 11.0 ] },
                "east": { "texture": "#0", "uv": [ 8.0, 8.0, 9.0, 9.0 ] },
                "south": { "texture": "#0", "uv": [ 8.0, 9.0, 9.0, 11.0 ] },
                "west": { "texture": "#0", "uv": [ 8.0, 8.0, 9.0, 9.0 ] },
                "up": { "texture": "#0", "uv": [ 7.0, 9.0, 8.0, 12.0 ] },
                "down": { "texture": "#0", "uv": [ 7.0, 9.0, 8.0, 11.0 ] }
            }
        },
        {
            "name": "Cube",
            "from": [ 4.0, 4.0, 13.0 ], 
            "to": [ 12.0, 8.0, 14.0 ], 
            "faces": {
                "north": { "texture": "#0", "uv": [ 8.0, 10.0, 9.0, 11.0 ] },
                "east": { "texture": "#0", "uv": [ 8.0, 8.0, 9.0, 9.0 ] },
                "south": { "texture": "#0", "uv": [ 8.0, 9.0, 9.0, 11.0 ] },
                "west": { "texture": "#0", "uv": [ 8.0, 8.0, 9.0, 9.0 ] },
                "up": { "texture": "#0", "uv": [ 7.0, 9.0, 8.0, 12.0 ] },
                "down": { "texture": "#0", "uv": [ 7.0, 9.0, 8.0, 11.0 ] }
            }
        },
        {
            "name": "Cube",
            "from": [ 4.0, 2.0, 12.0 ], 
            "to": [ 12.0, 4.0, 13.0 ], 
            "faces": {
                "north": { "texture": "#0", "uv": [ 8.0, 10.0, 9.0, 11.0 ] },
                "east": { "texture": "#0", "uv": [ 8.0, 8.0, 9.0, 9.0 ] },
                "south": { "texture": "#0", "uv": [ 8.0, 9.0, 9.0, 11.0 ] },
                "west": { "texture": "#0", "uv": [ 8.0, 8.0, 9.0, 9.0 ] },
                "up": { "texture": "#0", "uv": [ 7.0, 9.0, 8.0, 12.0 ] },
                "down": { "texture": "#0", "uv": [ 7.0, 9.0, 8.0, 11.0 ] }
            }
        },
        {
            "name": "Cube",
            "from": [ 4.0, 1.0, 4.0 ], 
            "to": [ 6.0, 2.0, 12.0 ], 
            "faces": {
                "north": { "texture": "#0", "uv": [ 7.0, 8.0, 8.0, 9.0 ] },
                "east": { "texture": "#0", "uv": [ 7.0, 9.0, 8.0, 10.0 ] },
                "south": { "texture": "#0", "uv": [ 7.0, 8.0, 8.0, 10.0 ] },
                "west": { "texture": "#0", "uv": [ 6.0, 10.0, 7.0, 11.0 ] },
                "up": { "texture": "#0", "uv": [ 7.0, 8.0, 8.0, 11.0 ] },
                "down": { "texture": "#0", "uv": [ 7.0, 10.0, 8.0, 12.0 ] }
            }
        },
        {
            "name": "Cube",
            "from": [ 10.0, 1.0, 4.0 ], 
            "to": [ 12.0, 2.0, 12.0 ], 
            "faces": {
                "north": { "texture": "#0", "uv": [ 8.0, 10.0, 9.0, 11.0 ] },
                "east": { "texture": "#0", "uv": [ 8.0, 8.0, 9.0, 9.0 ] },
                "south": { "texture": "#0", "uv": [ 8.0, 9.0, 9.0, 11.0 ] },
                "west": { "texture": "#0", "uv": [ 8.0, 8.0, 9.0, 9.0 ] },
                "up": { "texture": "#0", "uv": [ 7.0, 9.0, 8.0, 12.0 ] },
                "down": { "texture": "#0", "uv": [ 7.0, 9.0, 8.0, 11.0 ] }
            }
        },
        {
            "name": "Cube",
            "from": [ 12.0, 2.0, 4.0 ], 
            "to": [ 13.0, 4.0, 12.0 ], 
            "faces": {
                "north": { "texture": "#0", "uv": [ 8.0, 10.0, 9.0, 11.0 ] },
                "east": { "texture": "#0", "uv": [ 8.0, 8.0, 9.0, 9.0 ] },
                "south": { "texture": "#0", "uv": [ 8.0, 9.0, 9.0, 11.0 ] },
                "west": { "texture": "#0", "uv": [ 8.0, 8.0, 9.0, 9.0 ] },
                "up": { "texture": "#0", "uv": [ 7.0, 9.0, 8.0, 12.0 ] },
                "down": { "texture": "#0", "uv": [ 7.0, 9.0, 8.0, 11.0 ] }
            }
        },
        {
            "name": "Cube",
            "from": [ 13.0, 4.0, 4.0 ], 
            "to": [ 14.0, 8.0, 12.0 ], 
            "faces": {
                "north": { "texture": "#0", "uv": [ 8.0, 10.0, 9.0, 11.0 ] },
                "east": { "texture": "#0", "uv": [ 8.0, 8.0, 9.0, 9.0 ] },
                "south": { "texture": "#0", "uv": [ 8.0, 9.0, 9.0, 11.0 ] },
                "west": { "texture": "#0", "uv": [ 8.0, 8.0, 9.0, 9.0 ] },
                "up": { "texture": "#0", "uv": [ 7.0, 9.0, 8.0, 12.0 ] },
                "down": { "texture": "#0", "uv": [ 7.0, 9.0, 8.0, 11.0 ] }
            }
        },
        {
            "name": "Cube",
            "from": [ 12.0, 8.0, 4.0 ], 
            "to": [ 13.0, 10.0, 12.0 ], 
            "faces": {
                "north": { "texture": "#0", "uv": [ 8.0, 10.0, 9.0, 11.0 ] },
                "east": { "texture": "#0", "uv": [ 8.0, 8.0, 9.0, 9.0 ] },
                "south": { "texture": "#0", "uv": [ 8.0, 9.0, 9.0, 11.0 ] },
                "west": { "texture": "#0", "uv": [ 8.0, 8.0, 9.0, 9.0 ] },
                "up": { "texture": "#0", "uv": [ 7.0, 9.0, 8.0, 12.0 ] },
                "down": { "texture": "#0", "uv": [ 7.0, 9.0, 8.0, 11.0 ] }
            }
        },
        {
            "name": "Cube",
            "from": [ 10.0, 10.0, 4.0 ], 
            "to": [ 12.0, 11.0, 12.0 ], 
            "faces": {
                "north": { "texture": "#0", "uv": [ 8.0, 10.0, 9.0, 11.0 ] },
                "east": { "texture": "#0", "uv": [ 8.0, 8.0, 9.0, 9.0 ] },
                "south": { "texture": "#0", "uv": [ 8.0, 9.0, 9.0, 11.0 ] },
                "west": { "texture": "#0", "uv": [ 8.0, 8.0, 9.0, 9.0 ] },
                "up": { "texture": "#0", "uv": [ 7.0, 9.0, 8.0, 12.0 ] },
                "down": { "texture": "#0", "uv": [ 7.0, 9.0, 8.0, 11.0 ] }
            }
        },
        {
            "name": "Cube",
            "from": [ 4.0, 10.0, 4.0 ], 
            "to": [ 6.0, 11.0, 12.0 ], 
            "faces": {
                "north": { "texture": "#0", "uv": [ 8.0, 10.0, 9.0, 11.0 ] },
                "east": { "texture": "#0", "uv": [ 8.0, 8.0, 9.0, 9.0 ] },
                "south": { "texture": "#0", "uv": [ 8.0, 9.0, 9.0, 11.0 ] },
                "west": { "texture": "#0", "uv": [ 8.0, 8.0, 9.0, 9.0 ] },
                "up": { "texture": "#0", "uv": [ 7.0, 9.0, 8.0, 12.0 ] },
                "down": { "texture": "#0", "uv": [ 7.0, 9.0, 8.0, 11.0 ] }
            }
        },
        {
            "name": "Cube",
            "from": [ 3.0, 8.0, 4.0 ], 
            "to": [ 4.0, 10.0, 12.0 ], 
            "faces": {
                "north": { "texture": "#0", "uv": [ 8.0, 10.0, 9.0, 11.0 ] },
                "east": { "texture": "#0", "uv": [ 8.0, 8.0, 9.0, 9.0 ] },
                "south": { "texture": "#0", "uv": [ 8.0, 9.0, 9.0, 11.0 ] },
                "west": { "texture": "#0", "uv": [ 8.0, 8.0, 9.0, 9.0 ] },
                "up": { "texture": "#0", "uv": [ 7.0, 9.0, 8.0, 12.0 ] },
                "down": { "texture": "#0", "uv": [ 7.0, 9.0, 8.0, 11.0 ] }
            }
        },
        {
            "name": "Cube",
            "from": [ 3.0, 4.0, 3.0 ], 
            "to": [ 4.0, 8.0, 4.0 ], 
            "faces": {
                "north": { "texture": "#0", "uv": [ 8.0, 10.0, 9.0, 11.0 ] },
                "east": { "texture": "#0", "uv": [ 8.0, 8.0, 9.0, 9.0 ] },
                "south": { "texture": "#0", "uv": [ 8.0, 9.0, 9.0, 11.0 ] },
                "west": { "texture": "#0", "uv": [ 8.0, 8.0, 9.0, 9.0 ] },
                "up": { "texture": "#0", "uv": [ 7.0, 9.0, 8.0, 12.0 ] },
                "down": { "texture": "#0", "uv": [ 7.0, 9.0, 8.0, 11.0 ] }
            }
        },
        {
            "name": "Cube",
            "from": [ 3.0, 2.0, 4.0 ], 
            "to": [ 4.0, 4.0, 12.0 ], 
            "faces": {
                "north": { "texture": "#0", "uv": [ 8.0, 10.0, 9.0, 11.0 ] },
                "east": { "texture": "#0", "uv": [ 8.0, 8.0, 9.0, 9.0 ] },
                "south": { "texture": "#0", "uv": [ 8.0, 9.0, 9.0, 11.0 ] },
                "west": { "texture": "#0", "uv": [ 8.0, 8.0, 9.0, 9.0 ] },
                "up": { "texture": "#0", "uv": [ 7.0, 9.0, 8.0, 12.0 ] },
                "down": { "texture": "#0", "uv": [ 7.0, 9.0, 8.0, 11.0 ] }
            }
        },
        {
            "name": "Cube",
            "from": [ 2.0, 4.0, 4.0 ], 
            "to": [ 3.0, 8.0, 12.0 ], 
            "faces": {
                "north": { "texture": "#0", "uv": [ 8.0, 10.0, 9.0, 11.0 ] },
                "east": { "texture": "#0", "uv": [ 8.0, 8.0, 9.0, 9.0 ] },
                "south": { "texture": "#0", "uv": [ 8.0, 9.0, 9.0, 11.0 ] },
                "west": { "texture": "#0", "uv": [ 8.0, 8.0, 9.0, 9.0 ] },
                "up": { "texture": "#0", "uv": [ 7.0, 9.0, 8.0, 12.0 ] },
                "down": { "texture": "#0", "uv": [ 7.0, 9.0, 8.0, 11.0 ] }
            }
        },
        {
            "name": "Cube",
            "from": [ 3.0, 4.0, 12.0 ], 
            "to": [ 4.0, 8.0, 13.0 ], 
            "faces": {
                "north": { "texture": "#0", "uv": [ 8.0, 10.0, 9.0, 11.0 ] },
                "east": { "texture": "#0", "uv": [ 8.0, 8.0, 9.0, 9.0 ] },
                "south": { "texture": "#0", "uv": [ 8.0, 9.0, 9.0, 11.0 ] },
                "west": { "texture": "#0", "uv": [ 8.0, 8.0, 9.0, 9.0 ] },
                "up": { "texture": "#0", "uv": [ 7.0, 9.0, 8.0, 12.0 ] },
                "down": { "texture": "#0", "uv": [ 7.0, 9.0, 8.0, 11.0 ] }
            }
        },
        {
            "name": "Cube",
            "from": [ 12.0, 4.0, 12.0 ], 
            "to": [ 13.0, 8.0, 13.0 ], 
            "faces": {
                "north": { "texture": "#0", "uv": [ 8.0, 10.0, 9.0, 11.0 ] },
                "east": { "texture": "#0", "uv": [ 8.0, 8.0, 9.0, 9.0 ] },
                "south": { "texture": "#0", "uv": [ 8.0, 9.0, 9.0, 11.0 ] },
                "west": { "texture": "#0", "uv": [ 8.0, 8.0, 9.0, 9.0 ] },
                "up": { "texture": "#0", "uv": [ 7.0, 9.0, 8.0, 12.0 ] },
                "down": { "texture": "#0", "uv": [ 7.0, 9.0, 8.0, 11.0 ] }
            }
        },
        {
            "name": "Cube",
            "from": [ 12.0, 4.0, 3.0 ], 
            "to": [ 13.0, 8.0, 4.0 ], 
            "faces": {
                "north": { "texture": "#0", "uv": [ 8.0, 10.0, 9.0, 11.0 ] },
                "east": { "texture": "#0", "uv": [ 8.0, 8.0, 9.0, 9.0 ] },
                "south": { "texture": "#0", "uv": [ 8.0, 9.0, 9.0, 11.0 ] },
                "west": { "texture": "#0", "uv": [ 8.0, 8.0, 9.0, 9.0 ] },
                "up": { "texture": "#0", "uv": [ 7.0, 9.0, 8.0, 12.0 ] },
                "down": { "texture": "#0", "uv": [ 7.0, 9.0, 8.0, 11.0 ] }
            }
        },
        {
            "name": "Cube",
            "from": [ 6.5, 14.0, 7.5 ], 
            "to": [ 7.5, 16.0, 8.5 ], 
            "faces": {
                "north": { "texture": "#0", "uv": [ 4.0, 7.0, 5.0, 9.0 ] },
                "east": { "texture": "#0", "uv": [ 4.0, 7.0, 5.0, 9.0 ] },
                "south": { "texture": "#0", "uv": [ 4.0, 7.0, 5.0, 9.0 ] },
                "west": { "texture": "#0", "uv": [ 4.0, 7.0, 5.0, 9.0 ] },
                "up": { "texture": "#0", "uv": [ 4.0, 7.0, 5.0, 8.0 ] },
                "down": { "texture": "#0", "uv": [ 4.0, 8.0, 5.0, 9.0 ] }
            }
        },
        {
            "name": "Cube",
            "from": [ 7.5, 12.0, 7.5 ], 
            "to": [ 8.5, 14.0, 8.5 ], 
            "faces": {
                "north": { "texture": "#0", "uv": [ 4.0, 7.0, 5.0, 9.0 ] },
                "east": { "texture": "#0", "uv": [ 4.0, 7.0, 5.0, 9.0 ] },
                "south": { "texture": "#0", "uv": [ 4.0, 7.0, 5.0, 9.0 ] },
                "west": { "texture": "#0", "uv": [ 4.0, 7.0, 5.0, 9.0 ] },
                "up": { "texture": "#0", "uv": [ 4.0, 7.0, 5.0, 8.0 ] },
                "down": { "texture": "#0", "uv": [ 4.0, 8.0, 5.0, 9.0 ] }
            }
        }
    ],
    "display": {
        "thirdperson": {
            "rotation": [ 0, 0, 180 ],
            "translation": [ 0, 1, -4 ],
            "scale": [ 1, 1, 1 ]
        },
		"firstperson": {
            "rotation": [ 0, 0, 0 ],
            "translation": [ 0, 0, 0 ],
            "scale": [ 1.5, 1.5, 1.5 ]
        }
    }
}