{
    "__comment": "Model generated using MrCrayfish's Model Creator (http://mrcrayfish.com/modelcreator/)",
    "textures": {
        "0": "lucky:blocks/rainbow.thunder_staff"
    },
    "elements": [
        {
            "name": "Cube",
            "from": [ 10.0, 6.0, 7.0 ], 
            "to": [ 11.0, 9.0, 10.0 ], 
            "faces": {
                "north": { "texture": "#0", "uv": [ 12.0, 2.0, 13.0, 5.0 ] },
                "east": { "texture": "#0", "uv": [ 10.0, 3.0, 13.0, 6.0 ] },
                "south": { "texture": "#0", "uv": [ 12.0, 2.0, 13.0, 5.0 ] },
                "west": { "texture": "#0", "uv": [ 10.0, 2.0, 13.0, 5.0 ] },
                "up": { "texture": "#0", "uv": [ 12.0, 2.0, 13.0, 5.0 ] },
                "down": { "texture": "#0", "uv": [ 12.0, 2.0, 13.0, 5.0 ] }
            }
        },
        {
            "name": "Cube",
            "from": [ 12.0, 6.0, 8.0 ], 
            "to": [ 13.0, 9.0, 9.0 ], 
            "faces": {
                "north": { "texture": "#0", "uv": [ 14.0, 1.0, 15.0, 4.0 ] },
                "east": { "texture": "#0", "uv": [ 14.0, 1.0, 15.0, 4.0 ] },
                "south": { "texture": "#0", "uv": [ 14.0, 1.0, 15.0, 4.0 ] },
                "west": { "texture": "#0", "uv": [ 14.0, 1.0, 15.0, 4.0 ] },
                "up": { "texture": "#0", "uv": [ 13.0, 2.0, 14.0, 3.0 ] },
                "down": { "texture": "#0", "uv": [ 13.0, 1.0, 14.0, 2.0 ] }
            }
        },
        {
            "name": "Cube",
            "from": [ 10.0, 5.0, 8.0 ], 
            "to": [ 11.0, 10.0, 9.0 ], 
            "faces": {
                "north": { "texture": "#0", "uv": [ 12.0, 3.0, 13.0, 5.0 ] },
                "east": { "texture": "#0", "uv": [ 12.0, 3.0, 13.0, 5.0 ] },
                "south": { "texture": "#0", "uv": [ 12.0, 3.0, 13.0, 5.0 ] },
                "west": { "texture": "#0", "uv": [ 12.0, 2.0, 13.0, 4.0 ] },
                "up": { "texture": "#0", "uv": [ 12.0, 4.0, 13.0, 5.0 ] },
                "down": { "texture": "#0", "uv": [ 12.0, 4.0, 13.0, 5.0 ] }
            }
        },
        {
            "name": "Cube",
            "from": [ 10.0, 7.0, 6.0 ], 
            "to": [ 11.0, 8.0, 11.0 ], 
            "faces": {
                "north": { "texture": "#0", "uv": [ 11.0, 3.0, 12.0, 4.0 ] },
                "east": { "texture": "#0", "uv": [ 11.0, 4.0, 13.0, 5.0 ] },
                "south": { "texture": "#0", "uv": [ 11.0, 4.0, 12.0, 5.0 ] },
                "west": { "texture": "#0", "uv": [ 11.0, 4.0, 14.0, 5.0 ] },
                "up": { "texture": "#0", "uv": [ 12.0, 3.0, 13.0, 6.0 ] },
                "down": { "texture": "#0", "uv": [ 10.0, 4.0, 14.0, 5.0 ] }
            }
        },
        {
            "name": "Cube",
            "from": [ 11.0, 10.0, 8.0 ], 
            "to": [ 13.0, 11.0, 9.0 ], 
            "faces": {
                "north": { "texture": "#0", "uv": [ 11.0, 4.0, 13.0, 5.0 ] },
                "east": { "texture": "#0", "uv": [ 11.0, 4.0, 12.0, 5.0 ] },
                "south": { "texture": "#0", "uv": [ 11.0, 4.0, 13.0, 5.0 ] },
                "west": { "texture": "#0", "uv": [ 12.0, 4.0, 13.0, 5.0 ] },
                "up": { "texture": "#0", "uv": [ 12.0, 3.0, 14.0, 4.0 ] },
                "down": { "texture": "#0", "uv": [ 12.0, 4.0, 14.0, 5.0 ] }
            }
        },
        {
            "name": "Cube",
            "from": [ 11.0, 7.0, 11.0 ], 
            "to": [ 13.0, 8.0, 12.0 ], 
            "faces": {
                "north": { "texture": "#0", "uv": [ 11.0, 4.0, 13.0, 5.0 ] },
                "east": { "texture": "#0", "uv": [ 11.0, 4.0, 12.0, 5.0 ] },
                "south": { "texture": "#0", "uv": [ 11.0, 4.0, 13.0, 5.0 ] },
                "west": { "texture": "#0", "uv": [ 12.0, 4.0, 13.0, 5.0 ] },
                "up": { "texture": "#0", "uv": [ 11.0, 4.0, 13.0, 5.0 ] },
                "down": { "texture": "#0", "uv": [ 11.0, 4.0, 13.0, 5.0 ] }
            }
        },
        {
            "name": "Cube",
            "from": [ 11.0, 4.0, 8.0 ], 
            "to": [ 13.0, 5.0, 9.0 ], 
            "faces": {
                "north": { "texture": "#0", "uv": [ 11.0, 4.0, 13.0, 5.0 ] },
                "east": { "texture": "#0", "uv": [ 12.0, 4.0, 13.0, 5.0 ] },
                "south": { "texture": "#0", "uv": [ 12.0, 4.0, 14.0, 5.0 ] },
                "west": { "texture": "#0", "uv": [ 11.0, 4.0, 12.0, 5.0 ] },
                "up": { "texture": "#0", "uv": [ 11.0, 4.0, 13.0, 5.0 ] },
                "down": { "texture": "#0", "uv": [ 11.0, 4.0, 13.0, 5.0 ] }
            }
        },
        {
            "name": "Cube",
            "from": [ 11.0, 7.0, 5.0 ], 
            "to": [ 13.0, 8.0, 6.0 ], 
            "faces": {
                "north": { "texture": "#0", "uv": [ 11.0, 4.0, 13.0, 3.0 ] },
                "east": { "texture": "#0", "uv": [ 10.0, 5.0, 11.0, 6.0 ] },
                "south": { "texture": "#0", "uv": [ 5.0, 6.0, 7.0, 7.0 ] },
                "west": { "texture": "#0", "uv": [ 7.0, 9.0, 8.0, 10.0 ] },
                "up": { "texture": "#0", "uv": [ 11.0, 3.0, 13.0, 4.0 ] },
                "down": { "texture": "#0", "uv": [ 11.0, 3.0, 13.0, 4.0 ] }
            }
        },
        {
            "name": "Cube",
            "from": [ 14.0, 6.0, 8.0 ], 
            "to": [ 15.0, 9.0, 9.0 ], 
            "faces": {
                "north": { "texture": "#0", "uv": [ 14.0, 1.0, 15.0, 4.0 ] },
                "east": { "texture": "#0", "uv": [ 14.0, 1.0, 15.0, 4.0 ] },
                "south": { "texture": "#0", "uv": [ 14.0, 1.0, 15.0, 4.0 ] },
                "west": { "texture": "#0", "uv": [ 14.0, 1.0, 15.0, 4.0 ] },
                "up": { "texture": "#0", "uv": [ 13.0, 1.0, 14.0, 2.0 ] },
                "down": { "texture": "#0", "uv": [ 13.0, 2.0, 14.0, 3.0 ] }
            }
        },
        {
            "name": "Cube",
            "from": [ 13.0, 7.0, 6.0 ], 
            "to": [ 14.0, 8.0, 11.0 ], 
            "faces": {
                "north": { "texture": "#0", "uv": [ 14.0, 3.0, 15.0, 4.0 ] },
                "east": { "texture": "#0", "uv": [ 12.0, 1.0, 15.0, 2.0 ] },
                "south": { "texture": "#0", "uv": [ 14.0, 1.0, 15.0, 2.0 ] },
                "west": { "texture": "#0", "uv": [ 12.0, 1.0, 15.0, 2.0 ] },
                "up": { "texture": "#0", "uv": [ 15.0, 1.0, 14.0, 4.0 ] },
                "down": { "texture": "#0", "uv": [ 14.0, 1.0, 15.0, 4.0 ] }
            }
        },
        {
            "name": "Cube",
            "from": [ 13.0, 6.0, 7.0 ], 
            "to": [ 14.0, 9.0, 10.0 ], 
            "faces": {
                "north": { "texture": "#0", "uv": [ 14.0, 1.0, 15.0, 4.0 ] },
                "east": { "texture": "#0", "uv": [ 13.0, 1.0, 15.0, 3.0 ] },
                "south": { "texture": "#0", "uv": [ 14.0, 1.0, 15.0, 4.0 ] },
                "west": { "texture": "#0", "uv": [ 14.0, 1.0, 15.0, 4.0 ] },
                "up": { "texture": "#0", "uv": [ 14.0, 1.0, 15.0, 4.0 ] },
                "down": { "texture": "#0", "uv": [ 14.0, 1.0, 15.0, 4.0 ] }
            }
        },
        {
            "name": "Cube",
            "from": [ 14.0, 7.0, 7.0 ], 
            "to": [ 15.0, 8.0, 10.0 ], 
            "faces": {
                "north": { "texture": "#0", "uv": [ 14.0, 1.0, 15.0, 2.0 ] },
                "east": { "texture": "#0", "uv": [ 12.0, 1.0, 15.0, 2.0 ] },
                "south": { "texture": "#0", "uv": [ 14.0, 2.0, 15.0, 3.0 ] },
                "west": { "texture": "#0", "uv": [ 12.0, 1.0, 15.0, 2.0 ] },
                "up": { "texture": "#0", "uv": [ 14.0, 1.0, 15.0, 4.0 ] },
                "down": { "texture": "#0", "uv": [ 14.0, 1.0, 15.0, 4.0 ] }
            }
        },
        {
            "name": "Cube",
            "from": [ 12.0, 6.0, 8.0 ], 
            "to": [ 13.0, 9.0, 9.0 ], 
            "faces": {
                "north": { "texture": "#0", "uv": [ 14.0, 1.0, 15.0, 4.0 ] },
                "east": { "texture": "#0", "uv": [ 14.0, 1.0, 15.0, 4.0 ] },
                "south": { "texture": "#0", "uv": [ 14.0, 1.0, 15.0, 4.0 ] },
                "west": { "texture": "#0", "uv": [ 14.0, 1.0, 15.0, 4.0 ] },
                "up": { "texture": "#0", "uv": [ 14.0, 2.0, 15.0, 3.0 ] },
                "down": { "texture": "#0", "uv": [ 14.0, 2.0, 15.0, 3.0 ] }
            }
        },
        {
            "name": "Cube",
            "from": [ 12.0, 7.0, 7.0 ], 
            "to": [ 13.0, 8.0, 10.0 ], 
            "faces": {
                "north": { "texture": "#0", "uv": [ 14.0, 1.0, 15.0, 2.0 ] },
                "east": { "texture": "#0", "uv": [ 12.0, 1.0, 15.0, 2.0 ] },
                "south": { "texture": "#0", "uv": [ 13.0, 2.0, 14.0, 3.0 ] },
                "west": { "texture": "#0", "uv": [ 12.0, 1.0, 15.0, 2.0 ] },
                "up": { "texture": "#0", "uv": [ 14.0, 1.0, 15.0, 4.0 ] },
                "down": { "texture": "#0", "uv": [ 14.0, 1.0, 15.0, 4.0 ] }
            }
        },
        {
            "name": "Cube",
            "from": [ 13.0, 5.0, 8.0 ], 
            "to": [ 14.0, 6.0, 9.0 ], 
            "faces": {
                "north": { "texture": "#0", "uv": [ 14.0, 1.0, 15.0, 2.0 ] },
                "east": { "texture": "#0", "uv": [ 14.0, 1.0, 15.0, 2.0 ] },
                "south": { "texture": "#0", "uv": [ 14.0, 3.0, 15.0, 4.0 ] },
                "west": { "texture": "#0", "uv": [ 13.0, 2.0, 14.0, 3.0 ] },
                "up": { "texture": "#0", "uv": [ 13.0, 2.0, 14.0, 3.0 ] },
                "down": { "texture": "#0", "uv": [ 14.0, 1.0, 15.0, 2.0 ] }
            }
        },
        {
            "name": "Cube",
            "from": [ 15.0, 7.0, 8.0 ], 
            "to": [ 16.0, 8.0, 9.0 ], 
            "faces": {
                "north": { "texture": "#0", "uv": [ 14.0, 1.0, 15.0, 2.0 ] },
                "east": { "texture": "#0", "uv": [ 13.0, 1.0, 14.0, 2.0 ] },
                "south": { "texture": "#0", "uv": [ 14.0, 2.0, 15.0, 3.0 ] },
                "west": { "texture": "#0", "uv": [ 13.0, 2.0, 14.0, 3.0 ] },
                "up": { "texture": "#0", "uv": [ 14.0, 2.0, 15.0, 3.0 ] },
                "down": { "texture": "#0", "uv": [ 14.0, 3.0, 15.0, 4.0 ] }
            }
        },
        {
            "name": "Cube",
            "from": [ 13.0, 9.0, 8.0 ], 
            "to": [ 14.0, 10.0, 9.0 ], 
            "faces": {
                "north": { "texture": "#0", "uv": [ 14.0, 1.0, 15.0, 2.0 ] },
                "east": { "texture": "#0", "uv": [ 14.0, 2.0, 15.0, 3.0 ] },
                "south": { "texture": "#0", "uv": [ 13.0, 2.0, 14.0, 3.0 ] },
                "west": { "texture": "#0", "uv": [ 13.0, 1.0, 14.0, 2.0 ] },
                "up": { "texture": "#0", "uv": [ 14.0, 2.0, 15.0, 3.0 ] },
                "down": { "texture": "#0", "uv": [ 14.0, 1.0, 15.0, 2.0 ] }
            }
        },
        {
            "name": "Cube",
            "from": [ 11.0, 7.0, 8.0 ], 
            "to": [ 12.0, 8.0, 9.0 ], 
            "faces": {
                "north": { "texture": "#0", "uv": [ 13.0, 2.0, 14.0, 3.0 ] },
                "east": { "texture": "#0", "uv": [ 12.0, 1.0, 13.0, 2.0 ] },
                "south": { "texture": "#0", "uv": [ 14.0, 2.0, 15.0, 3.0 ] },
                "west": { "texture": "#0", "uv": [ 14.0, 3.0, 15.0, 4.0 ] },
                "up": { "texture": "#0", "uv": [ 14.0, 1.0, 15.0, 2.0 ] },
                "down": { "texture": "#0", "uv": [ 14.0, 3.0, 15.0, 4.0 ] }
            }
        },
        {
            "name": "Cube",
            "from": [ 0.0, 7.0, 8.0 ], 
            "to": [ 10.0, 8.0, 9.0 ], 
            "faces": {
                "north": { "texture": "#0", "uv": [ 11.0, 4.0, 13.0, 5.0 ] },
                "east": { "texture": "#0", "uv": [ 12.0, 4.0, 13.0, 5.0 ] },
                "south": { "texture": "#0", "uv": [ 10.0, 4.0, 14.0, 5.0 ] },
                "west": { "texture": "#0", "uv": [ 11.0, 3.0, 12.0, 4.0 ] },
                "up": { "texture": "#0", "uv": [ 11.0, 3.0, 14.0, 4.0 ] },
                "down": { "texture": "#0", "uv": [ 11.0, 3.0, 14.0, 4.0 ] }
            }
        }
    ],
    "display": {
        "thirdperson": {
            "rotation": [ 0, 90, -30 ],
            "translation": [ 0, 0, -3.5 ],
            "scale": [ 1, 1, 1 ]
        },
        "firstperson": {
            "rotation": [ 0, 45, 50 ],
            "translation": [ 0, 4, 3 ],
            "scale": [ 2, 2, 2 ]
        }
    }
}