{
    "__comment": "Model generated using MrCrayfish's Model Creator (http://mrcrayfish.com/modelcreator/)",
    "textures": {
        "0": "lucky:blocks/gold",
        "1": "lucky:blocks/brown",
        "2": "lucky:blocks/black",
        "3": "lucky:blocks/brown",
        "4": "lucky:blocks/gold",
        "5": "lucky:blocks/blue",
        "6": "lucky:blocks/blue",
        "7": "lucky:blocks/blue"
    },
    "elements": [
        {
            "name": "Cube",
            "from": [ 7.0, 7.0, 0.0 ], 
            "to": [ 8.0, 8.0, 1.0 ], 
            "faces": {
                "north": { "texture": "#0", "uv": [ 0.0, 0.0, 1.0, 1.0 ] },
                "east": { "texture": "#0", "uv": [ 0.0, 0.0, 1.0, 1.0 ] },
                "south": { "texture": "#0", "uv": [ 0.0, 0.0, 1.0, 1.0 ] },
                "west": { "texture": "#0", "uv": [ 0.0, 0.0, 1.0, 1.0 ] },
                "up": { "texture": "#0", "uv": [ 0.0, 0.0, 1.0, 1.0 ] },
                "down": { "texture": "#0", "uv": [ 0.0, 0.0, 1.0, 1.0 ] }
            }
        },
        {
            "name": "Cube",
            "from": [ 6.0, 6.0, 1.0 ], 
            "to": [ 9.0, 9.0, 2.0 ], 
            "faces": {
                "north": { "texture": "#1", "uv": [ 0.0, 0.0, 3.0, 3.0 ] },
                "east": { "texture": "#1", "uv": [ 0.0, 0.0, 1.0, 3.0 ] },
                "south": { "texture": "#1", "uv": [ 0.0, 0.0, 3.0, 3.0 ] },
                "west": { "texture": "#1", "uv": [ 0.0, 0.0, 1.0, 3.0 ] },
                "up": { "texture": "#1", "uv": [ 0.0, 0.0, 3.0, 1.0 ] },
                "down": { "texture": "#1", "uv": [ 0.0, 0.0, 3.0, 1.0 ] }
            }
        },
        {
            "name": "Cube",
            "from": [ 7.0, 7.0, 2.0 ], 
            "to": [ 8.0, 8.0, 7.0 ], 
            "faces": {
                "north": { "texture": "#2", "uv": [ 0.0, 0.0, 1.0, 1.0 ] },
                "east": { "texture": "#2", "uv": [ 0.0, 0.0, 5.0, 1.0 ] },
                "south": { "texture": "#2", "uv": [ 0.0, 0.0, 1.0, 1.0 ] },
                "west": { "texture": "#2", "uv": [ 0.0, 0.0, 4.0, 3.0 ] },
                "up": { "texture": "#2", "uv": [ 0.0, 0.0, 1.0, 5.0 ] },
                "down": { "texture": "#2", "uv": [ 0.0, 0.0, 1.0, 5.0 ] }
            }
        },
        {
            "name": "Cube",
            "from": [ 7.0, 4.0, 7.0 ], 
            "to": [ 8.0, 11.0, 8.0 ], 
            "faces": {
                "north": { "texture": "#3", "uv": [ 0.0, 0.0, 1.0, 7.0 ] },
                "east": { "texture": "#1", "uv": [ 0.0, 0.0, 1.0, 7.0 ] },
                "south": { "texture": "#1", "uv": [ 0.0, 0.0, 1.0, 7.0 ] },
                "west": { "texture": "#1", "uv": [ 0.0, 0.0, 1.0, 7.0 ] },
                "up": { "texture": "#1", "uv": [ 0.0, 0.0, 1.0, 1.0 ] },
                "down": { "texture": "#1", "uv": [ 0.0, 0.0, 1.0, 1.0 ] }
            }
        },
        {
            "name": "Cube",
            "from": [ 4.0, 7.0, 7.0 ], 
            "to": [ 11.0, 8.0, 8.0 ], 
            "faces": {
                "north": { "texture": "#1", "uv": [ 0.0, 0.0, 7.0, 1.0 ] },
                "east": { "texture": "#1", "uv": [ 0.0, 0.0, 1.0, 1.0 ] },
                "south": { "texture": "#1", "uv": [ 0.0, 0.0, 7.0, 1.0 ] },
                "west": { "texture": "#1", "uv": [ 0.0, 0.0, 1.0, 1.0 ] },
                "up": { "texture": "#1", "uv": [ 0.0, 0.0, 7.0, 1.0 ] },
                "down": { "texture": "#1", "uv": [ 0.0, 0.0, 7.0, 1.0 ] }
            }
        },
        {
            "name": "Cube",
            "from": [ 7.0, 3.0, 8.0 ], 
            "to": [ 8.0, 4.0, 9.0 ], 
            "faces": {
                "north": { "texture": "#0", "uv": [ 0.0, 0.0, 1.0, 1.0 ] },
                "east": { "texture": "#0", "uv": [ 0.0, 0.0, 1.0, 1.0 ] },
                "south": { "texture": "#0", "uv": [ 0.0, 0.0, 1.0, 1.0 ] },
                "west": { "texture": "#0", "uv": [ 0.0, 0.0, 1.0, 1.0 ] },
                "up": { "texture": "#0", "uv": [ 0.0, 0.0, 1.0, 1.0 ] },
                "down": { "texture": "#0", "uv": [ 0.0, 0.0, 1.0, 1.0 ] }
            }
        },
        {
            "name": "Cube",
            "from": [ 3.0, 7.0, 8.0 ], 
            "to": [ 4.0, 8.0, 9.0 ], 
            "faces": {
                "north": { "texture": "#0", "uv": [ 0.0, 0.0, 1.0, 1.0 ] },
                "east": { "texture": "#0", "uv": [ 0.0, 0.0, 1.0, 1.0 ] },
                "south": { "texture": "#0", "uv": [ 0.0, 0.0, 1.0, 1.0 ] },
                "west": { "texture": "#0", "uv": [ 0.0, 0.0, 1.0, 1.0 ] },
                "up": { "texture": "#0", "uv": [ 0.0, 0.0, 1.0, 1.0 ] },
                "down": { "texture": "#0", "uv": [ 0.0, 0.0, 1.0, 1.0 ] }
            }
        },
        {
            "name": "Cube",
            "from": [ 7.0, 11.0, 8.0 ], 
            "to": [ 8.0, 12.0, 9.0 ], 
            "faces": {
                "north": { "texture": "#0", "uv": [ 0.0, 0.0, 1.0, 1.0 ] },
                "east": { "texture": "#0", "uv": [ 0.0, 0.0, 1.0, 1.0 ] },
                "south": { "texture": "#0", "uv": [ 0.0, 0.0, 1.0, 1.0 ] },
                "west": { "texture": "#0", "uv": [ 0.0, 0.0, 1.0, 1.0 ] },
                "up": { "texture": "#0", "uv": [ 0.0, 0.0, 1.0, 1.0 ] },
                "down": { "texture": "#0", "uv": [ 0.0, 0.0, 1.0, 1.0 ] }
            }
        },
        {
            "name": "Cube",
            "from": [ 11.0, 7.0, 8.0 ], 
            "to": [ 12.0, 8.0, 9.0 ], 
            "faces": {
                "north": { "texture": "#4", "uv": [ 0.0, 0.0, 1.0, 1.0 ] },
                "east": { "texture": "#4", "uv": [ 0.0, 0.0, 1.0, 1.0 ] },
                "south": { "texture": "#4", "uv": [ 0.0, 0.0, 1.0, 1.0 ] },
                "west": { "texture": "#4", "uv": [ 0.0, 0.0, 1.0, 1.0 ] },
                "up": { "texture": "#4", "uv": [ 0.0, 0.0, 1.0, 1.0 ] },
                "down": { "texture": "#4", "uv": [ 0.0, 0.0, 1.0, 1.0 ] }
            }
        },
        {
            "name": "Cube",
            "from": [ 6.0, 7.0, 8.0 ], 
            "to": [ 9.0, 8.0, 29.0 ], 
            "faces": {
                "north": { "texture": "#5", "uv": [ 0.0, 0.0, 3.0, 1.0 ] },
                "east": { "texture": "#5", "uv": [ 0.0, 0.0, 15.0, 1.0 ] },
                "south": { "texture": "#5", "uv": [ 0.0, 0.0, 3.0, 1.0 ] },
                "west": { "texture": "#5", "uv": [ 0.0, 0.0, 15.0, 1.0 ] },
                "up": { "texture": "#5", "uv": [ 0.0, 0.0, 1.0, 15.0 ] },
                "down": { "texture": "#5", "uv": [ 0.0, 0.0, 3.0, 15.0 ] }
            }
        },
        {
            "name": "Cube",
            "from": [ 7.0, 6.0, 8.0 ], 
            "to": [ 8.0, 9.0, 30.0 ], 
            "faces": {
                "north": { "texture": "#2", "uv": [ 0.0, 0.0, 1.0, 3.0 ] },
                "east": { "texture": "#2", "uv": [ 0.0, 3.0, 16.0, 6.0 ] },
                "south": { "texture": "#2", "uv": [ 0.0, 0.0, 1.0, 3.0 ] },
                "west": { "texture": "#2", "uv": [ 0.0, 0.0, 16.0, 3.0 ] },
                "up": { "texture": "#2", "uv": [ 0.0, 0.0, 1.0, 15.0 ] },
                "down": { "texture": "#2", "uv": [ 0.0, 0.0, 1.0, 15.0 ] }
            }
        },
        {
            "name": "Cube",
            "from": [ 7.0, 7.0, 8.0 ], 
            "to": [ 8.0, 8.0, 32.0 ], 
            "faces": {
                "north": { "texture": "#6", "uv": [ 0.0, 0.0, 2.0, 14.0 ] },
                "east": { "texture": "#7", "uv": [ 0.0, 0.0, 1.0, 1.0 ] },
                "south": { "texture": "#7", "uv": [ 0.0, 0.0, 1.0, 1.0 ] },
                "west": { "texture": "#7", "uv": [ 0.0, 0.0, 1.0, 1.0 ] },
                "up": { "texture": "#7", "uv": [ 0.0, 0.0, 1.0, 3.0 ] },
                "down": { "texture": "#7", "uv": [ 0.0, 0.0, 1.0, 3.0 ] }
            }
        }
    ],
    "display": {
        "thirdperson": {
            "rotation": [ 0, 180, -35 ],
            "translation": [ -1, 0.5, -7 ],
            "scale": [ 3, 3, 4 ]
        },
        "firstperson": {
            "rotation": [ -75, 180, 0 ],
            "translation": [ 4, 4, 4 ],
            "scale": [ 4, 4, 3 ]
        }
    }
}
