{
    "__comment": "Model generated using MrCrayfish's Model Creator (http://mrcrayfish.com/modelcreator/)",
    "textures": {
        "0": "lucky:blocks/rainbow.giant_bomb"
    },
    "elements": [
        {
            "name": "Cube",
            "from": [ 1.0, 7.0, 7.0 ], 
            "to": [ 14.0, 9.0, 9.0 ], 
            "faces": {
                "north": { "texture": "#0", "uv": [ 1.0, 2.0, 4.0, 4.0 ] },
                "east": { "texture": "#0", "uv": [ 1.0, 1.0, 3.0, 3.0 ] },
                "south": { "texture": "#0", "uv": [ 2.0, 2.0, 3.0, 3.0 ] },
                "west": { "texture": "#0", "uv": [ 2.0, 2.0, 4.0, 4.0 ] },
                "up": { "texture": "#0", "uv": [ 1.0, 2.0, 4.0, 4.0 ] },
                "down": { "texture": "#0", "uv": [ 2.0, 2.0, 3.0, 3.0 ] }
            }
        },
        {
            "name": "Cube",
            "from": [ 0.0, 6.0, 7.0 ], 
            "to": [ 14.0, 7.0, 9.0 ], 
            "faces": {
                "north": { "texture": "#0", "uv": [ 7.0, 6.0, 9.0, 7.0 ] },
                "east": { "texture": "#0", "uv": [ 7.0, 6.0, 9.0, 7.0 ] },
                "south": { "texture": "#0", "uv": [ 6.0, 7.0, 8.0, 8.0 ] },
                "west": { "texture": "#0", "uv": [ 7.0, 6.0, 9.0, 7.0 ] },
                "up": { "texture": "#0", "uv": [ 5.0, 5.0, 8.0, 7.0 ] },
                "down": { "texture": "#0", "uv": [ 7.0, 6.0, 8.0, 7.0 ] }
            }
        },
        {
            "name": "Cube",
            "from": [ 0.0, 7.0, 6.0 ], 
            "to": [ 14.0, 9.0, 7.0 ], 
            "faces": {
                "north": { "texture": "#0", "uv": [ 6.0, 5.0, 8.0, 6.0 ] },
                "east": { "texture": "#0", "uv": [ 6.0, 6.0, 9.0, 7.0 ] },
                "south": { "texture": "#0", "uv": [ 6.0, 6.0, 9.0, 7.0 ] },
                "west": { "texture": "#0", "uv": [ 6.0, 5.0, 7.0, 7.0 ] },
                "up": { "texture": "#0", "uv": [ 6.0, 6.0, 7.0, 7.0 ] },
                "down": { "texture": "#0", "uv": [ 6.0, 6.0, 7.0, 7.0 ] }
            }
        },
        {
            "name": "Cube",
            "from": [ 0.0, 7.0, 9.0 ], 
            "to": [ 14.0, 9.0, 10.0 ], 
            "faces": {
                "north": { "texture": "#0", "uv": [ 6.0, 5.0, 7.0, 6.0 ] },
                "east": { "texture": "#0", "uv": [ 7.0, 5.0, 8.0, 7.0 ] },
                "south": { "texture": "#0", "uv": [ 7.0, 5.0, 8.0, 6.0 ] },
                "west": { "texture": "#0", "uv": [ 7.0, 6.0, 8.0, 7.0 ] },
                "up": { "texture": "#0", "uv": [ 6.0, 5.0, 7.0, 6.0 ] },
                "down": { "texture": "#0", "uv": [ 6.0, 6.0, 7.0, 7.0 ] }
            }
        },
        {
            "name": "Cube",
            "from": [ 0.0, 9.0, 7.0 ], 
            "to": [ 14.0, 10.0, 9.0 ], 
            "faces": {
                "north": { "texture": "#0", "uv": [ 6.0, 7.0, 8.0, 8.0 ] },
                "east": { "texture": "#0", "uv": [ 6.0, 6.0, 7.0, 7.0 ] },
                "south": { "texture": "#0", "uv": [ 6.0, 5.0, 9.0, 6.0 ] },
                "west": { "texture": "#0", "uv": [ 6.0, 5.0, 8.0, 6.0 ] },
                "up": { "texture": "#0", "uv": [ 5.0, 6.0, 8.0, 7.0 ] },
                "down": { "texture": "#0", "uv": [ 6.0, 6.0, 8.0, 7.0 ] }
            }
        },
        {
            "name": "Cube",
            "from": [ 17.0, 7.5, 7.5 ], 
            "to": [ 21.0, 8.5, 8.5 ], 
            "faces": {
                "north": { "texture": "#0", "uv": [ 2.0, 3.0, 4.0, 4.0 ] },
                "east": { "texture": "#0", "uv": [ 2.0, 2.0, 3.0, 3.0 ] },
                "south": { "texture": "#0", "uv": [ 1.0, 2.0, 4.0, 3.0 ] },
                "west": { "texture": "#0", "uv": [ 2.0, 2.0, 3.0, 3.0 ] },
                "up": { "texture": "#0", "uv": [ 2.0, 3.0, 4.0, 4.0 ] },
                "down": { "texture": "#0", "uv": [ 2.0, 2.0, 3.0, 3.0 ] }
            }
        },
        {
            "name": "Cube",
            "from": [ 14.0, 6.5, 7.0 ], 
            "to": [ 15.0, 9.5, 9.0 ], 
            "faces": {
                "north": { "texture": "#0", "uv": [ 2.0, 2.0, 3.0, 5.0 ] },
                "east": { "texture": "#0", "uv": [ 2.0, 2.0, 3.0, 4.0 ] },
                "south": { "texture": "#0", "uv": [ 2.0, 2.0, 3.0, 5.0 ] },
                "west": { "texture": "#0", "uv": [ 2.0, 1.0, 3.0, 4.0 ] },
                "up": { "texture": "#0", "uv": [ 1.0, 1.0, 2.0, 3.0 ] },
                "down": { "texture": "#0", "uv": [ 1.0, 1.0, 2.0, 3.0 ] }
            }
        },
        {
            "name": "Cube",
            "from": [ 14.0, 7.0, 6.5 ], 
            "to": [ 15.0, 9.0, 9.5 ], 
            "faces": {
                "north": { "texture": "#0", "uv": [ 1.0, 2.0, 2.0, 4.0 ] },
                "east": { "texture": "#0", "uv": [ 1.0, 2.0, 2.0, 3.0 ] },
                "south": { "texture": "#0", "uv": [ 2.0, 3.0, 3.0, 5.0 ] },
                "west": { "texture": "#0", "uv": [ 2.0, 2.0, 4.0, 3.0 ] },
                "up": { "texture": "#0", "uv": [ 1.0, 1.0, 2.0, 4.0 ] },
                "down": { "texture": "#0", "uv": [ 1.0, 1.0, 2.0, 4.0 ] }
            }
        },
        {
            "name": "Cube",
            "from": [ 15.0, 7.0, 7.0 ], 
            "to": [ 16.0, 9.0, 9.0 ], 
            "faces": {
                "north": { "texture": "#0", "uv": [ 2.0, 2.0, 3.0, 4.0 ] },
                "east": { "texture": "#0", "uv": [ 1.0, 2.0, 2.0, 3.0 ] },
                "south": { "texture": "#0", "uv": [ 1.0, 2.0, 2.0, 4.0 ] },
                "west": { "texture": "#0", "uv": [ 2.0, 2.0, 3.0, 4.0 ] },
                "up": { "texture": "#0", "uv": [ 1.0, 2.0, 2.0, 4.0 ] },
                "down": { "texture": "#0", "uv": [ 2.0, 2.0, 3.0, 4.0 ] }
            }
        },
        {
            "name": "Cube",
            "from": [ 16.0, 7.0, 7.0 ], 
            "to": [ 17.0, 9.0, 9.0 ], 
            "faces": {
                "north": { "texture": "#0", "uv": [ 2.0, 2.0, 3.0, 4.0 ] },
                "east": { "texture": "#0", "uv": [ 2.0, 2.0, 4.0, 4.0 ] },
                "south": { "texture": "#0", "uv": [ 2.0, 2.0, 3.0, 4.0 ] },
                "west": { "texture": "#0", "uv": [ 2.0, 2.0, 4.0, 4.0 ] },
                "up": { "texture": "#0", "uv": [ 2.0, 2.0, 3.0, 4.0 ] },
                "down": { "texture": "#0", "uv": [ 1.0, 1.0, 2.0, 3.0 ] }
            }
        },
        {
            "name": "Cube",
            "from": [ 1.0, 7.0, 5.0 ], 
            "to": [ 3.0, 9.0, 6.0 ], 
            "faces": {
                "north": { "texture": "#0", "uv": [ 2.0, 2.0, 4.0, 3.0 ] },
                "east": { "texture": "#0", "uv": [ 1.0, 2.0, 2.0, 4.0 ] },
                "south": { "texture": "#0", "uv": [ 3.0, 2.0, 4.0, 3.0 ] },
                "west": { "texture": "#0", "uv": [ 2.0, 3.0, 3.0, 4.0 ] },
                "up": { "texture": "#0", "uv": [ 2.0, 2.0, 3.0, 3.0 ] },
                "down": { "texture": "#0", "uv": [ 2.0, 3.0, 3.0, 4.0 ] }
            }
        },
        {
            "name": "Cube",
            "from": [ -3.0, 3.0, 7.0 ], 
            "to": [ -1.0, 4.0, 9.0 ], 
            "faces": {
                "north": { "texture": "#0", "uv": [ 2.0, 2.0, 4.0, 3.0 ] },
                "east": { "texture": "#0", "uv": [ 1.0, 2.0, 3.0, 3.0 ] },
                "south": { "texture": "#0", "uv": [ 2.0, 3.0, 4.0, 4.0 ] },
                "west": { "texture": "#0", "uv": [ 2.0, 3.0, 4.0, 4.0 ] },
                "up": { "texture": "#0", "uv": [ 2.0, 2.0, 4.0, 4.0 ] },
                "down": { "texture": "#0", "uv": [ 2.0, 2.0, 4.0, 4.0 ] }
            }
        },
        {
            "name": "Cube",
            "from": [ -1.0, 7.0, 4.0 ], 
            "to": [ 1.0, 9.0, 5.0 ], 
            "faces": {
                "north": { "texture": "#0", "uv": [ 2.0, 2.0, 4.0, 4.0 ] },
                "east": { "texture": "#0", "uv": [ 3.0, 2.0, 4.0, 4.0 ] },
                "south": { "texture": "#0", "uv": [ 2.0, 2.0, 4.0, 4.0 ] },
                "west": { "texture": "#0", "uv": [ 3.0, 2.0, 4.0, 4.0 ] },
                "up": { "texture": "#0", "uv": [ 2.0, 2.0, 4.0, 3.0 ] },
                "down": { "texture": "#0", "uv": [ 2.0, 3.0, 4.0, 4.0 ] }
            }
        },
        {
            "name": "Cube",
            "from": [ -3.0, 7.0, 3.0 ], 
            "to": [ -1.0, 9.0, 4.0 ], 
            "faces": {
                "north": { "texture": "#0", "uv": [ 2.0, 2.0, 4.0, 4.0 ] },
                "east": { "texture": "#0", "uv": [ 2.0, 2.0, 3.0, 4.0 ] },
                "south": { "texture": "#0", "uv": [ 2.0, 2.0, 4.0, 4.0 ] },
                "west": { "texture": "#0", "uv": [ 2.0, 3.0, 3.0, 5.0 ] },
                "up": { "texture": "#0", "uv": [ 2.0, 2.0, 4.0, 3.0 ] },
                "down": { "texture": "#0", "uv": [ 2.0, 3.0, 4.0, 4.0 ] }
            }
        },
        {
            "name": "Cube",
            "from": [ 1.0, 7.0, 10.0 ], 
            "to": [ 3.0, 9.0, 11.0 ], 
            "faces": {
                "north": { "texture": "#0", "uv": [ 2.0, 2.0, 4.0, 4.0 ] },
                "east": { "texture": "#0", "uv": [ 2.0, 2.0, 3.0, 4.0 ] },
                "south": { "texture": "#0", "uv": [ 2.0, 2.0, 4.0, 4.0 ] },
                "west": { "texture": "#0", "uv": [ 2.0, 2.0, 3.0, 4.0 ] },
                "up": { "texture": "#0", "uv": [ 1.0, 3.0, 3.0, 4.0 ] },
                "down": { "texture": "#0", "uv": [ 2.0, 3.0, 4.0, 4.0 ] }
            }
        },
        {
            "name": "Cube",
            "from": [ -1.0, 7.0, 11.0 ], 
            "to": [ 1.0, 9.0, 12.0 ], 
            "faces": {
                "north": { "texture": "#0", "uv": [ 2.0, 2.0, 4.0, 4.0 ] },
                "east": { "texture": "#0", "uv": [ 2.0, 2.0, 3.0, 4.0 ] },
                "south": { "texture": "#0", "uv": [ 2.0, 2.0, 4.0, 4.0 ] },
                "west": { "texture": "#0", "uv": [ 2.0, 3.0, 3.0, 5.0 ] },
                "up": { "texture": "#0", "uv": [ 2.0, 2.0, 4.0, 3.0 ] },
                "down": { "texture": "#0", "uv": [ 1.0, 3.0, 3.0, 4.0 ] }
            }
        },
        {
            "name": "Cube",
            "from": [ -3.0, 7.0, 12.0 ], 
            "to": [ -1.0, 9.0, 13.0 ], 
            "faces": {
                "north": { "texture": "#0", "uv": [ 2.0, 2.0, 4.0, 4.0 ] },
                "east": { "texture": "#0", "uv": [ 2.0, 2.0, 3.0, 4.0 ] },
                "south": { "texture": "#0", "uv": [ 2.0, 2.0, 4.0, 4.0 ] },
                "west": { "texture": "#0", "uv": [ 2.0, 2.0, 3.0, 4.0 ] },
                "up": { "texture": "#0", "uv": [ 2.0, 3.0, 4.0, 4.0 ] },
                "down": { "texture": "#0", "uv": [ 2.0, 3.0, 4.0, 4.0 ] }
            }
        },
        {
            "name": "Cube",
            "from": [ 1.0, 10.0, 7.0 ], 
            "to": [ 3.0, 11.0, 9.0 ], 
            "faces": {
                "north": { "texture": "#0", "uv": [ 2.0, 2.0, 4.0, 3.0 ] },
                "east": { "texture": "#0", "uv": [ 2.0, 2.0, 4.0, 3.0 ] },
                "south": { "texture": "#0", "uv": [ 2.0, 2.0, 4.0, 3.0 ] },
                "west": { "texture": "#0", "uv": [ 2.0, 2.0, 4.0, 3.0 ] },
                "up": { "texture": "#0", "uv": [ 2.0, 2.0, 4.0, 4.0 ] },
                "down": { "texture": "#0", "uv": [ 2.0, 2.0, 4.0, 4.0 ] }
            }
        },
        {
            "name": "Cube",
            "from": [ -1.0, 11.0, 7.0 ], 
            "to": [ 1.0, 12.0, 9.0 ], 
            "faces": {
                "north": { "texture": "#0", "uv": [ 2.0, 2.0, 4.0, 3.0 ] },
                "east": { "texture": "#0", "uv": [ 2.0, 2.0, 4.0, 3.0 ] },
                "south": { "texture": "#0", "uv": [ 2.0, 2.0, 4.0, 3.0 ] },
                "west": { "texture": "#0", "uv": [ 2.0, 3.0, 4.0, 4.0 ] },
                "up": { "texture": "#0", "uv": [ 1.0, 2.0, 3.0, 4.0 ] },
                "down": { "texture": "#0", "uv": [ 2.0, 2.0, 4.0, 4.0 ] }
            }
        },
        {
            "name": "Cube",
            "from": [ -3.0, 12.0, 7.0 ], 
            "to": [ -1.0, 13.0, 9.0 ], 
            "faces": {
                "north": { "texture": "#0", "uv": [ 1.0, 2.0, 3.0, 3.0 ] },
                "east": { "texture": "#0", "uv": [ 2.0, 3.0, 4.0, 4.0 ] },
                "south": { "texture": "#0", "uv": [ 2.0, 3.0, 4.0, 4.0 ] },
                "west": { "texture": "#0", "uv": [ 2.0, 2.0, 4.0, 3.0 ] },
                "up": { "texture": "#0", "uv": [ 2.0, 2.0, 4.0, 4.0 ] },
                "down": { "texture": "#0", "uv": [ 2.0, 2.0, 4.0, 4.0 ] }
            }
        },
        {
            "name": "Cube",
            "from": [ 1.0, 5.0, 7.0 ], 
            "to": [ 3.0, 6.0, 9.0 ], 
            "faces": {
                "north": { "texture": "#0", "uv": [ 2.0, 3.0, 4.0, 4.0 ] },
                "east": { "texture": "#0", "uv": [ 2.0, 3.0, 4.0, 4.0 ] },
                "south": { "texture": "#0", "uv": [ 2.0, 3.0, 4.0, 4.0 ] },
                "west": { "texture": "#0", "uv": [ 2.0, 3.0, 4.0, 4.0 ] },
                "up": { "texture": "#0", "uv": [ 2.0, 2.0, 4.0, 4.0 ] },
                "down": { "texture": "#0", "uv": [ 2.0, 2.0, 4.0, 4.0 ] }
            }
        },
        {
            "name": "Cube",
            "from": [ -1.0, 4.0, 7.0 ], 
            "to": [ 1.0, 5.0, 9.0 ], 
            "faces": {
                "north": { "texture": "#0", "uv": [ 2.0, 3.0, 4.0, 4.0 ] },
                "east": { "texture": "#0", "uv": [ 2.0, 2.0, 4.0, 3.0 ] },
                "south": { "texture": "#0", "uv": [ 2.0, 3.0, 4.0, 4.0 ] },
                "west": { "texture": "#0", "uv": [ 2.0, 3.0, 4.0, 4.0 ] },
                "up": { "texture": "#0", "uv": [ 2.0, 2.0, 4.0, 4.0 ] },
                "down": { "texture": "#0", "uv": [ 2.0, 2.0, 4.0, 4.0 ] }
            }
        },
        {
            "name": "Cube",
            "from": [ 2.0, 9.0, 6.0 ], 
            "to": [ 3.0, 10.0, 7.0 ], 
            "faces": {
                "north": { "texture": "#0", "uv": [ 1.0, 1.0, 2.0, 2.0 ] },
                "east": { "texture": "#0", "uv": [ 2.0, 2.0, 3.0, 3.0 ] },
                "south": { "texture": "#0", "uv": [ 2.0, 2.0, 3.0, 3.0 ] },
                "west": { "texture": "#0", "uv": [ 2.0, 2.0, 3.0, 3.0 ] },
                "up": { "texture": "#0", "uv": [ 1.0, 3.0, 2.0, 4.0 ] },
                "down": { "texture": "#0", "uv": [ 2.0, 2.0, 3.0, 3.0 ] }
            }
        },
        {
            "name": "Cube",
            "from": [ 2.0, 6.0, 9.0 ], 
            "to": [ 3.0, 7.0, 10.0 ], 
            "faces": {
                "north": { "texture": "#0", "uv": [ 2.0, 2.0, 3.0, 3.0 ] },
                "east": { "texture": "#0", "uv": [ 2.0, 2.0, 3.0, 3.0 ] },
                "south": { "texture": "#0", "uv": [ 2.0, 2.0, 3.0, 3.0 ] },
                "west": { "texture": "#0", "uv": [ 2.0, 2.0, 3.0, 3.0 ] },
                "up": { "texture": "#0", "uv": [ 2.0, 2.0, 3.0, 3.0 ] },
                "down": { "texture": "#0", "uv": [ 2.0, 2.0, 3.0, 3.0 ] }
            }
        },
        {
            "name": "Cube",
            "from": [ 2.0, 9.0, 9.0 ], 
            "to": [ 3.0, 10.0, 10.0 ], 
            "faces": {
                "north": { "texture": "#0", "uv": [ 1.0, 2.0, 2.0, 3.0 ] },
                "east": { "texture": "#0", "uv": [ 2.0, 2.0, 3.0, 3.0 ] },
                "south": { "texture": "#0", "uv": [ 2.0, 4.0, 3.0, 5.0 ] },
                "west": { "texture": "#0", "uv": [ 2.0, 3.0, 3.0, 4.0 ] },
                "up": { "texture": "#0", "uv": [ 1.0, 1.0, 2.0, 2.0 ] },
                "down": { "texture": "#0", "uv": [ 1.0, 2.0, 2.0, 3.0 ] }
            }
        },
        {
            "name": "Cube",
            "from": [ 2.0, 6.0, 6.0 ], 
            "to": [ 3.0, 7.0, 7.0 ], 
            "faces": {
                "north": { "texture": "#0", "uv": [ 2.0, 2.0, 3.0, 3.0 ] },
                "east": { "texture": "#0", "uv": [ 2.0, 3.0, 3.0, 4.0 ] },
                "south": { "texture": "#0", "uv": [ 2.0, 3.0, 3.0, 4.0 ] },
                "west": { "texture": "#0", "uv": [ 2.0, 4.0, 3.0, 5.0 ] },
                "up": { "texture": "#0", "uv": [ 2.0, 3.0, 3.0, 4.0 ] },
                "down": { "texture": "#0", "uv": [ 2.0, 3.0, 3.0, 4.0 ] }
            }
        },
        {
            "name": "Cube",
            "from": [ 9.0, 7.5, 9.0 ], 
            "to": [ 11.0, 8.5, 12.0 ], 
            "faces": {
                "north": { "texture": "#0", "uv": [ 1.0, 3.0, 3.0, 4.0 ] },
                "east": { "texture": "#0", "uv": [ 1.0, 3.0, 4.0, 4.0 ] },
                "south": { "texture": "#0", "uv": [ 2.0, 3.0, 4.0, 4.0 ] },
                "west": { "texture": "#0", "uv": [ 1.0, 3.0, 4.0, 4.0 ] },
                "up": { "texture": "#0", "uv": [ 2.0, 2.0, 3.0, 5.0 ] },
                "down": { "texture": "#0", "uv": [ 1.0, 3.0, 3.0, 4.0 ] }
            }
        },
        {
            "name": "Cube",
            "from": [ 9.0, 10.0, 7.5 ], 
            "to": [ 11.0, 12.0, 8.5 ], 
            "faces": {
                "north": { "texture": "#0", "uv": [ 2.0, 2.0, 3.0, 4.0 ] },
                "east": { "texture": "#0", "uv": [ 2.0, 2.0, 3.0, 4.0 ] },
                "south": { "texture": "#0", "uv": [ 2.0, 2.0, 3.0, 4.0 ] },
                "west": { "texture": "#0", "uv": [ 2.0, 2.0, 3.0, 4.0 ] },
                "up": { "texture": "#0", "uv": [ 2.0, 2.0, 4.0, 3.0 ] },
                "down": { "texture": "#0", "uv": [ 2.0, 3.0, 4.0, 4.0 ] }
            }
        },
        {
            "name": "Cube",
            "from": [ 9.0, 7.5, 4.0 ], 
            "to": [ 11.0, 8.5, 7.0 ], 
            "faces": {
                "north": { "texture": "#0", "uv": [ 1.0, 2.0, 3.0, 3.0 ] },
                "east": { "texture": "#0", "uv": [ 1.0, 2.0, 4.0, 3.0 ] },
                "south": { "texture": "#0", "uv": [ 2.0, 3.0, 4.0, 4.0 ] },
                "west": { "texture": "#0", "uv": [ 1.0, 3.0, 4.0, 4.0 ] },
                "up": { "texture": "#0", "uv": [ 2.0, 2.0, 3.0, 5.0 ] },
                "down": { "texture": "#0", "uv": [ 2.0, 2.0, 3.0, 5.0 ] }
            }
        },
        {
            "name": "Cube",
            "from": [ 11.0, 7.5, 5.0 ], 
            "to": [ 13.0, 8.5, 6.0 ], 
            "faces": {
                "north": { "texture": "#0", "uv": [ 1.0, 2.0, 3.0, 3.0 ] },
                "east": { "texture": "#0", "uv": [ 1.0, 2.0, 2.0, 3.0 ] },
                "south": { "texture": "#0", "uv": [ 2.0, 2.0, 4.0, 3.0 ] },
                "west": { "texture": "#0", "uv": [ 1.0, 3.0, 2.0, 4.0 ] },
                "up": { "texture": "#0", "uv": [ 2.0, 3.0, 4.0, 4.0 ] },
                "down": { "texture": "#0", "uv": [ 2.0, 3.0, 4.0, 4.0 ] }
            }
        },
        {
            "name": "Cube",
            "from": [ 11.0, 7.5, 10.0 ], 
            "to": [ 13.0, 8.5, 11.0 ], 
            "faces": {
                "north": { "texture": "#0", "uv": [ 2.0, 3.0, 4.0, 4.0 ] },
                "east": { "texture": "#0", "uv": [ 2.0, 2.0, 3.0, 3.0 ] },
                "south": { "texture": "#0", "uv": [ 2.0, 3.0, 4.0, 4.0 ] },
                "west": { "texture": "#0", "uv": [ 3.0, 3.0, 4.0, 4.0 ] },
                "up": { "texture": "#0", "uv": [ 2.0, 3.0, 4.0, 4.0 ] },
                "down": { "texture": "#0", "uv": [ 2.0, 3.0, 4.0, 4.0 ] }
            }
        },
        {
            "name": "Cube",
            "from": [ 11.0, 10.0, 7.5 ], 
            "to": [ 13.0, 11.0, 8.5 ], 
            "faces": {
                "north": { "texture": "#0", "uv": [ 2.0, 3.0, 4.0, 4.0 ] },
                "east": { "texture": "#0", "uv": [ 3.0, 3.0, 4.0, 4.0 ] },
                "south": { "texture": "#0", "uv": [ 2.0, 3.0, 4.0, 4.0 ] },
                "west": { "texture": "#0", "uv": [ 2.0, 4.0, 3.0, 5.0 ] },
                "up": { "texture": "#0", "uv": [ 2.0, 3.0, 4.0, 4.0 ] },
                "down": { "texture": "#0", "uv": [ 2.0, 3.0, 4.0, 4.0 ] }
            }
        },
        {
            "name": "Cube",
            "from": [ 9.0, 4.0, 7.5 ], 
            "to": [ 11.0, 6.0, 8.5 ], 
            "faces": {
                "north": { "texture": "#0", "uv": [ 2.0, 2.0, 4.0, 4.0 ] },
                "east": { "texture": "#0", "uv": [ 3.0, 2.0, 4.0, 4.0 ] },
                "south": { "texture": "#0", "uv": [ 2.0, 2.0, 4.0, 4.0 ] },
                "west": { "texture": "#0", "uv": [ 2.0, 3.0, 3.0, 5.0 ] },
                "up": { "texture": "#0", "uv": [ 2.0, 3.0, 4.0, 4.0 ] },
                "down": { "texture": "#0", "uv": [ 2.0, 3.0, 4.0, 4.0 ] }
            }
        },
        {
            "name": "Cube",
            "from": [ 11.0, 5.0, 7.5 ], 
            "to": [ 13.0, 6.0, 8.5 ], 
            "faces": {
                "north": { "texture": "#0", "uv": [ 2.0, 3.0, 4.0, 4.0 ] },
                "east": { "texture": "#0", "uv": [ 3.0, 3.0, 4.0, 4.0 ] },
                "south": { "texture": "#0", "uv": [ 2.0, 3.0, 4.0, 4.0 ] },
                "west": { "texture": "#0", "uv": [ 3.0, 3.0, 4.0, 4.0 ] },
                "up": { "texture": "#0", "uv": [ 2.0, 3.0, 4.0, 4.0 ] },
                "down": { "texture": "#0", "uv": [ 2.0, 3.0, 4.0, 4.0 ] }
            }
        }
    ],
    "display": {
        "thirdperson": {
            "rotation": [ 0, -90, 180 ],
            "translation": [ 0, 1, -4 ],
            "scale": [ 1.7, 1.7, 1.7 ]
        },
		"firstperson": {
            "rotation": [ 0, 40, 0 ],
            "translation": [ 0, 4, 4 ],
            "scale": [ 1.7, 1.7, 1.7 ]
        }
    }
}