{
    "parent": "block/cube",
    "textures": {
        "particle": "lootplusplus:blocks/fantasia.f_crafting_table_top",
        "down": "lootplusplus:blocks/fantasia.fblock",
        "up": "lootplusplus:blocks/fantasia.f_crafting_table_top",
        "north": "lootplusplus:blocks/fantasia.f_crafting_table_side1",
        "east": "lootplusplus:blocks/fantasia.f_crafting_table_side1",
        "south": "lootplusplus:blocks/fantasia.f_crafting_table_side1",
        "west": "lootplusplus:blocks/fantasia.f_crafting_table_side1"
    }
}
