{
    "parent": "block/cube",
    "textures": {
        "particle": "lootplusplus:blocks/melon_crafting_table_top",
        "down": "lootplusplus:blocks/melon.down",
        "up": "lootplusplus:blocks/melon_crafting_table_top",
        "north": "lootplusplus:blocks/melon_crafting_table_side1",
        "east": "lootplusplus:blocks/melon_crafting_table_side2",
        "south": "lootplusplus:blocks/melon_crafting_table_side3",
        "west": "lootplusplus:blocks/melon_crafting_table_side4"
    }
}
