{
    "parent": "builtin/generated",
    "textures": {
        "layer0": "lootplusplus:items/csgo_weapon_case/dark.ak_casehardened"
    },
    "display": {
        "thirdperson": {
            "rotation": [ 0, 90, -35 ],
            "translation": [ 0, 1.25, -4.5 ],
            "scale": [ 0.85, 0.85, 0.85 ]
        },
        "firstperson": {
            "rotation": [ 0, -135, 25 ],
            "translation": [ 0, 4, 2 ],
            "scale": [ 2.0, 2.0, 2.0 ]
        }
    }
}
