{
    "__createdwith": "opl's Model Creator",
    "ambientocclusion": false,
    "textures": {
        "particle": "lootplusplus:blocks/planks_oak",
        "oak_planks": "lootplusplus:blocks/planks_oak",
        "crafting_table_top": "lootplusplus:blocks/crafting_table_top",
        "crafting_table_edge": "lootplusplus:blocks/crafting_table_edge",
        "crafting_table_grid": "lootplusplus:blocks/crafting_table_grid"
    },
    "elements": [
        {
            "from": [2,12,2],
            "to": [14,14,14],
            "faces": {
                "up": {
                    "texture": "#crafting_table_top"
                },
                "down": {
                    "texture": "#oak_planks"
                },
                "west": {
                    "texture": "#crafting_table_edge"
                },
                "east": {
                    "texture": "#crafting_table_edge"
                },
                "north": {
                    "texture": "#crafting_table_edge"
                },
                "south": {
                    "texture": "#crafting_table_edge"
                }
            }
        },
        {
            "from": [3,12,1],
            "to": [13,14,2],
            "faces": {
                "up": {
                    "texture": "#crafting_table_top"
                },
                "down": {
                    "texture": "#oak_planks"
                },
                "west": {
                    "texture": "#crafting_table_edge"
                },
                "east": {
                    "texture": "#crafting_table_edge"
                },
                "north": {
                    "texture": "#crafting_table_edge"
                },
                "south": {
                    "texture": "#oak_planks"
                }
            }
        },
        {
            "from": [3,12,14],
            "to": [13,14,15],
            "faces": {
                "up": {
                    "texture": "#crafting_table_top"
                },
                "down": {
                    "texture": "#oak_planks"
                },
                "west": {
                    "texture": "#crafting_table_edge"
                },
                "east": {
                    "texture": "#crafting_table_edge"
                },
                "north": {
                    "texture": "#oak_planks"
                },
                "south": {
                    "texture": "#crafting_table_edge"
                }
            }
        },
        {
            "from": [1,12,3],
            "to": [2,14,13],
            "faces": {
                "up": {
                    "texture": "#crafting_table_top"
                },
                "down": {
                    "texture": "#oak_planks"
                },
                "west": {
                    "texture": "#crafting_table_edge"
                },
                "east": {
                    "texture": "#oak_planks"
                },
                "north": {
                    "texture": "#crafting_table_edge"
                },
                "south": {
                    "texture": "#crafting_table_edge"
                }
            }
        },
        {
            "from": [14,12,3],
            "to": [15,14,13],
            "faces": {
                "up": {
                    "texture": "#crafting_table_top"
                },
                "down": {
                    "texture": "#oak_planks"
                },
                "west": {
                    "texture": "#oak_planks"
                },
                "east": {
                    "texture": "#crafting_table_edge"
                },
                "north": {
                    "texture": "#crafting_table_edge"
                },
                "south": {
                    "texture": "#crafting_table_edge"
                }
            }
        },
        {
            "from": [3,14,3],
            "to": [4,15,13],
            "faces": {
                "up": {
                    "texture": "#crafting_table_grid"
                },
                "west": {
                    "texture": "#crafting_table_grid"
                },
                "east": {
                    "texture": "#crafting_table_grid"
                },
                "north": {
                    "texture": "#crafting_table_grid"
                },
                "south": {
                    "texture": "#crafting_table_grid"
                }
            }
        },
        {
            "from": [12,14,3],
            "to": [13,15,13],
            "faces": {
                "up": {
                    "texture": "#crafting_table_grid"
                },
                "west": {
                    "texture": "#crafting_table_grid"
                },
                "east": {
                    "texture": "#crafting_table_grid"
                },
                "north": {
                    "texture": "#crafting_table_grid"
                },
                "south": {
                    "texture": "#crafting_table_grid"
                }
            }
        },
        {
            "from": [4,14,3],
            "to": [12,15,4],
            "faces": {
                "up": {
                    "texture": "#crafting_table_grid"
                },
                "north": {
                    "texture": "#crafting_table_grid"
                },
                "south": {
                    "texture": "#crafting_table_grid"
                }
            }
        },
        {
            "from": [4,14,12],
            "to": [12,15,13],
            "faces": {
                "up": {
                    "texture": "#crafting_table_grid"
                },
                "north": {
                    "texture": "#crafting_table_grid"
                },
                "south": {
                    "texture": "#crafting_table_grid"
                }
            }
        },
        {
            "from": [9,14,4],
            "to": [10,15,12],
            "faces": {
                "up": {
                    "texture": "#crafting_table_grid"
                },
                "west": {
                    "texture": "#crafting_table_grid"
                },
                "east": {
                    "texture": "#crafting_table_grid"
                }
            }
        },
        {
            "from": [6,14,4],
            "to": [7,15,12],
            "faces": {
                "up": {
                    "texture": "#crafting_table_grid"
                },
                "west": {
                    "texture": "#crafting_table_grid"
                },
                "east": {
                    "texture": "#crafting_table_grid"
                }
            }
        },
        {
            "from": [4,14,6],
            "to": [12,15,7],
            "faces": {
                "up": {
                    "texture": "#crafting_table_grid"
                },
                "north": {
                    "texture": "#crafting_table_grid"
                },
                "south": {
                    "texture": "#crafting_table_grid"
                }
            }
        },
        {
            "from": [4,14,9],
            "to": [12,15,10],
            "faces": {
                "up": {
                    "texture": "#crafting_table_grid"
                },
                "north": {
                    "texture": "#crafting_table_grid"
                },
                "south": {
                    "texture": "#crafting_table_grid"
                }
            }
        },
        {
            "from": [3,0,3],
            "to": [5,12,5],
            "faces": {
                "up": {
                    "texture": "#oak_planks"
                },
                "down": {
                    "texture": "#oak_planks"
                },
                "west": {
                    "texture": "#oak_planks"
                },
                "east": {
                    "texture": "#oak_planks"
                },
                "north": {
                    "texture": "#oak_planks"
                },
                "south": {
                    "texture": "#oak_planks"
                }
            }
        },
        {
            "from": [11,0,11],
            "to": [13,12,13],
            "faces": {
                "up": {
                    "texture": "#oak_planks"
                },
                "down": {
                    "texture": "#oak_planks"
                },
                "west": {
                    "texture": "#oak_planks"
                },
                "east": {
                    "texture": "#oak_planks"
                },
                "north": {
                    "texture": "#oak_planks"
                },
                "south": {
                    "texture": "#oak_planks"
                }
            }
        },
        {
            "from": [11,0,3],
            "to": [13,12,5],
            "faces": {
                "up": {
                    "texture": "#oak_planks"
                },
                "down": {
                    "texture": "#oak_planks"
                },
                "west": {
                    "texture": "#oak_planks"
                },
                "east": {
                    "texture": "#oak_planks"
                },
                "north": {
                    "texture": "#oak_planks"
                },
                "south": {
                    "texture": "#oak_planks"
                }
            }
        },
        {
            "from": [3,0,11],
            "to": [5,12,13],
            "faces": {
                "up": {
                    "texture": "#oak_planks"
                },
                "down": {
                    "texture": "#oak_planks"
                },
                "west": {
                    "texture": "#oak_planks"
                },
                "east": {
                    "texture": "#oak_planks"
                },
                "north": {
                    "texture": "#oak_planks"
                },
                "south": {
                    "texture": "#oak_planks"
                }
            }
        }
    ]
}