{
    "__createdwith": "opl's Model Creator",
    "ambientocclusion": false,
    "textures": {
        "particle": "lootplusplus:blocks/gold_block",
        "gold_block": "lootplusplus:blocks/gold_block"
    },
    "elements": [
        {
            "from": [13,0,2],
            "to": [16,12,14],
            "faces": {
                "up": {
                    "texture": "#gold_block"
                },
                "down": {
                    "texture": "#gold_block"
                },
                "west": {
                    "texture": "#gold_block"
                },
                "east": {
                    "texture": "#gold_block"
                },
                "north": {
                    "uv": [16,4,13,16],
                    "texture": "#gold_block"
                },
                "south": {
                    "texture": "#gold_block"
                }
            }
        },
        {
            "from": [0,0,2],
            "to": [3,12,14],
            "faces": {
                "up": {
                    "texture": "#gold_block"
                },
                "down": {
                    "texture": "#gold_block"
                },
                "west": {
                    "texture": "#gold_block"
                },
                "east": {
                    "texture": "#gold_block"
                },
                "north": {
                    "uv": [3,4,0,16],
                    "texture": "#gold_block"
                },
                "south": {
                    "texture": "#gold_block"
                }
            }
        },
        {
            "from": [3,5,7],
            "to": [13,8,10],
            "faces": {
                "up": {
                    "texture": "#gold_block"
                },
                "down": {
                    "texture": "#gold_block"
                },
                "west": {
                    "texture": "#gold_block"
                },
                "east": {
                    "texture": "#gold_block"
                },
                "north": {
                    "texture": "#gold_block"
                },
                "south": {
                    "texture": "#gold_block"
                }
            }
        }
    ]
}