{
    "parent": "block/cube",
    "textures": {
        "particle": "lootplusplus:blocks/spookay_crafting_table_front",
        "down": "lootplusplus:blocks/spookay_crafting_table_bottom",
        "up": "lootplusplus:blocks/spookay_crafting_table_top",
        "north": "lootplusplus:blocks/spookay_crafting_table_front",
        "east": "lootplusplus:blocks/spookay_crafting_table_side",
        "south": "lootplusplus:blocks/spookay_crafting_table_side",
        "west": "lootplusplus:blocks/spookay_crafting_table_front"
    }
}
