{
    "parent": "builtin/generated",
    "textures": {
        "layer0": "lootplusplus:items/Cookie_mega_god_burning_obsidian_bow_pulling_2"
    },
    "display": {
        "thirdperson": {
            "rotation": [ -2, 80, -45 ],
            "translation": [ 0.4, 0, 0.25 ],
            "scale": [ 1.5, 1.5, 1 ]
        },
        "firstperson": {
            "rotation": [ 0, -135, 25 ],
            "translation": [ 0, 4, 2 ],
            "scale": [ 2.3, 2.3, 1.7 ]
        }
    }
}
